题号ID,图片文件,考试,卷,年份,场次,题序,主题码,主题,子标签,答案,题型,选项,题干含插图,有详解,原卷PDF
BMAT-2003-S1-q1,BMAT-2003-S1-q1.png,BMAT,1,2003,November 2003,1,PS,Problem Solving,,E,mcq,ABCDE,是,,bank/TARA/BMAT_section1/papers/BMAT-2003-S1.pdf
BMAT-2003-S1-q2,BMAT-2003-S1-q2.png,BMAT,1,2003,November 2003,2,CT-evid,Critical Thinking: Assessing the Impact of Additional Evidence,,C,mcq,ABCDE,,,bank/TARA/BMAT_section1/papers/BMAT-2003-S1.pdf
BMAT-2003-S1-q3,BMAT-2003-S1-q3.png,BMAT,1,2003,November 2003,3,PS,Problem Solving,,B,mcq,ABCDE,,,bank/TARA/BMAT_section1/papers/BMAT-2003-S1.pdf
BMAT-2003-S1-q4,BMAT-2003-S1-q4.png,BMAT,1,2003,November 2003,4,CT-draw,Critical Thinking: Drawing a Conclusion,,C,mcq,ABCDE,,,bank/TARA/BMAT_section1/papers/BMAT-2003-S1.pdf
BMAT-2003-S1-q5,BMAT-2003-S1-q5.png,BMAT,1,2003,November 2003,5,PS,Problem Solving,,109,short,,,,bank/TARA/BMAT_section1/papers/BMAT-2003-S1.pdf
BMAT-2003-S1-q6,BMAT-2003-S1-q6.png,BMAT,1,2003,November 2003,6,CT-main,Critical Thinking: Identifying the Main Conclusion,,D,mcq,ABCDE,,,bank/TARA/BMAT_section1/papers/BMAT-2003-S1.pdf
BMAT-2003-S1-q7,BMAT-2003-S1-q7.png,BMAT,1,2003,November 2003,7,PS,Problem Solving,,A,mcq,ABCD,,,bank/TARA/BMAT_section1/papers/BMAT-2003-S1.pdf
BMAT-2003-S1-q8,BMAT-2003-S1-q8.png,BMAT,1,2003,November 2003,8,PS,Problem Solving,,27,short,,,,bank/TARA/BMAT_section1/papers/BMAT-2003-S1.pdf
BMAT-2003-S1-q9,BMAT-2003-S1-q9.png,BMAT,1,2003,November 2003,9,PS,Problem Solving,,C,mcq,ABCDE,,,bank/TARA/BMAT_section1/papers/BMAT-2003-S1.pdf
BMAT-2003-S1-q10,BMAT-2003-S1-q10.png,BMAT,1,2003,November 2003,10,PS,Problem Solving,,D,mcq,ABCDE,,,bank/TARA/BMAT_section1/papers/BMAT-2003-S1.pdf
BMAT-2003-S1-q11,BMAT-2003-S1-q11.png,BMAT,1,2003,November 2003,11,PS,Problem Solving,,A,mcq,ABCD,,,bank/TARA/BMAT_section1/papers/BMAT-2003-S1.pdf
BMAT-2003-S1-q12,BMAT-2003-S1-q12.png,BMAT,1,2003,November 2003,12,PS,Problem Solving,,A,mcq,ABCD,是,,bank/TARA/BMAT_section1/papers/BMAT-2003-S1.pdf
BMAT-2003-S1-q13,BMAT-2003-S1-q13.png,BMAT,1,2003,November 2003,13,PS,Problem Solving,,B,mcq,ABCD,,,bank/TARA/BMAT_section1/papers/BMAT-2003-S1.pdf
BMAT-2003-S1-q14,BMAT-2003-S1-q14.png,BMAT,1,2003,November 2003,14,CT-flaw,Critical Thinking: Detecting Reasoning Errors,,E,mcq,ABCDE,,,bank/TARA/BMAT_section1/papers/BMAT-2003-S1.pdf
BMAT-2003-S1-q15,BMAT-2003-S1-q15.png,BMAT,1,2003,November 2003,15,PS,Problem Solving,,C,mcq,ABCDE,,,bank/TARA/BMAT_section1/papers/BMAT-2003-S1.pdf
BMAT-2003-S1-q16,BMAT-2003-S1-q16.png,BMAT,1,2003,November 2003,16,PS,Problem Solving,,C,mcq,ABCDE,是,,bank/TARA/BMAT_section1/papers/BMAT-2003-S1.pdf
BMAT-2003-S1-q17,BMAT-2003-S1-q17.png,BMAT,1,2003,November 2003,17,PS,Problem Solving,,B,mcq,ABCD,,,bank/TARA/BMAT_section1/papers/BMAT-2003-S1.pdf
BMAT-2003-S1-q18,BMAT-2003-S1-q18.png,BMAT,1,2003,November 2003,18,PS,Problem Solving,,5,short,,,,bank/TARA/BMAT_section1/papers/BMAT-2003-S1.pdf
BMAT-2003-S1-q19,BMAT-2003-S1-q19.png,BMAT,1,2003,November 2003,19,PS,Problem Solving,,D,mcq,ABCDE,,,bank/TARA/BMAT_section1/papers/BMAT-2003-S1.pdf
BMAT-2003-S1-q20,BMAT-2003-S1-q20.png,BMAT,1,2003,November 2003,20,CT-evid,Critical Thinking: Assessing the Impact of Additional Evidence,,B,mcq,ABCDE,,,bank/TARA/BMAT_section1/papers/BMAT-2003-S1.pdf
BMAT-2003-S1-q21,BMAT-2003-S1-q21.png,BMAT,1,2003,November 2003,21,PS,Problem Solving,,7.2,short,,,,bank/TARA/BMAT_section1/papers/BMAT-2003-S1.pdf
BMAT-2003-S1-q22,BMAT-2003-S1-q22.png,BMAT,1,2003,November 2003,22,PS,Problem Solving,,E,mcq,ABCDE,,,bank/TARA/BMAT_section1/papers/BMAT-2003-S1.pdf
BMAT-2003-S1-q23,BMAT-2003-S1-q23.png,BMAT,1,2003,November 2003,23,CT-assm,Critical Thinking: Identifying an Assumption,,B,mcq,ABCDE,,,bank/TARA/BMAT_section1/papers/BMAT-2003-S1.pdf
BMAT-2003-S1-q24,BMAT-2003-S1-q24.png,BMAT,1,2003,November 2003,24,PS,Problem Solving,,C,mcq,ABCDE,是,,bank/TARA/BMAT_section1/papers/BMAT-2003-S1.pdf
BMAT-2003-S1-q25,BMAT-2003-S1-q25.png,BMAT,1,2003,November 2003,25,PS,Problem Solving,,D,mcq,ABCDE,,,bank/TARA/BMAT_section1/papers/BMAT-2003-S1.pdf
BMAT-2003-S1-q26,BMAT-2003-S1-q26.png,BMAT,1,2003,November 2003,26,PS,Problem Solving,,E,mcq,ABCDE,,,bank/TARA/BMAT_section1/papers/BMAT-2003-S1.pdf
BMAT-2003-S1-q27,BMAT-2003-S1-q27.png,BMAT,1,2003,November 2003,27,PS,Problem Solving,,C,mcq,ABCD,,,bank/TARA/BMAT_section1/papers/BMAT-2003-S1.pdf
BMAT-2003-S1-q28,BMAT-2003-S1-q28.png,BMAT,1,2003,November 2003,28,PS,Problem Solving,,B,mcq,ABCD,,,bank/TARA/BMAT_section1/papers/BMAT-2003-S1.pdf
BMAT-2003-S1-q29,BMAT-2003-S1-q29.png,BMAT,1,2003,November 2003,29,PS,Problem Solving,,E,mcq,ABCDE,,,bank/TARA/BMAT_section1/papers/BMAT-2003-S1.pdf
BMAT-2003-S1-q30,BMAT-2003-S1-q30.png,BMAT,1,2003,November 2003,30,PS,Problem Solving,,C,mcq,ABCD,,,bank/TARA/BMAT_section1/papers/BMAT-2003-S1.pdf
BMAT-2003-S1-q31,BMAT-2003-S1-q31.png,BMAT,1,2003,November 2003,31,CT-assm,Critical Thinking: Identifying an Assumption,,A &amp; C,short,ABCDE,,,bank/TARA/BMAT_section1/papers/BMAT-2003-S1.pdf
BMAT-2003-S1-q32,BMAT-2003-S1-q32.png,BMAT,1,2003,November 2003,32,PS,Problem Solving,,E,mcq,ABCDE,,,bank/TARA/BMAT_section1/papers/BMAT-2003-S1.pdf
BMAT-2003-S1-q33,BMAT-2003-S1-q33.png,BMAT,1,2003,November 2003,33,PS,Problem Solving,,D,mcq,ABCDE,,,bank/TARA/BMAT_section1/papers/BMAT-2003-S1.pdf
BMAT-2003-S1-q34,BMAT-2003-S1-q34.png,BMAT,1,2003,November 2003,34,PS,Problem Solving,,C,mcq,ABCDEF,是,,bank/TARA/BMAT_section1/papers/BMAT-2003-S1.pdf
BMAT-2003-S1-q35,BMAT-2003-S1-q35.png,BMAT,1,2003,November 2003,35,PS,Problem Solving,,C,mcq,ABCDEF,是,,bank/TARA/BMAT_section1/papers/BMAT-2003-S1.pdf
BMAT-2003-S1-q36,BMAT-2003-S1-q36.png,BMAT,1,2003,November 2003,36,PS,Problem Solving,,B,mcq,ABCDE,,,bank/TARA/BMAT_section1/papers/BMAT-2003-S1.pdf
BMAT-2003-S1-q37,BMAT-2003-S1-q37.png,BMAT,1,2003,November 2003,37,PS,Problem Solving,,C,mcq,ABCD,,,bank/TARA/BMAT_section1/papers/BMAT-2003-S1.pdf
BMAT-2003-S1-q38,BMAT-2003-S1-q38.png,BMAT,1,2003,November 2003,38,PS,Problem Solving,,B,mcq,ABCDE,,,bank/TARA/BMAT_section1/papers/BMAT-2003-S1.pdf
BMAT-2003-S1-q39,BMAT-2003-S1-q39.png,BMAT,1,2003,November 2003,39,PS,Problem Solving,,506 AD,short,,,,bank/TARA/BMAT_section1/papers/BMAT-2003-S1.pdf
BMAT-2003-S1-q40,BMAT-2003-S1-q40.png,BMAT,1,2003,November 2003,40,PS,Problem Solving,,C,mcq,ABCD,是,,bank/TARA/BMAT_section1/papers/BMAT-2003-S1.pdf
BMAT-2004-S1-q1,BMAT-2004-S1-q1.png,BMAT,1,2004,November 2004,1,PS,Problem Solving,,C,mcq,ABCDE,是,,bank/TARA/BMAT_section1/papers/BMAT-2004-S1.pdf
BMAT-2004-S1-q2,BMAT-2004-S1-q2.png,BMAT,1,2004,November 2004,2,CT-evid,Critical Thinking: Assessing the Impact of Additional Evidence,,C,mcq,ABCDEF,,,bank/TARA/BMAT_section1/papers/BMAT-2004-S1.pdf
BMAT-2004-S1-q3,BMAT-2004-S1-q3.png,BMAT,1,2004,November 2004,3,PS,Problem Solving,,B,mcq,ABCDE,,,bank/TARA/BMAT_section1/papers/BMAT-2004-S1.pdf
BMAT-2004-S1-q4,BMAT-2004-S1-q4.png,BMAT,1,2004,November 2004,4,CT-flaw,Critical Thinking: Detecting Reasoning Errors,,A,mcq,ABCDE,,,bank/TARA/BMAT_section1/papers/BMAT-2004-S1.pdf
BMAT-2004-S1-q5,BMAT-2004-S1-q5.png,BMAT,1,2004,November 2004,5,PS,Problem Solving,,C,mcq,ABCDE,,,bank/TARA/BMAT_section1/papers/BMAT-2004-S1.pdf
BMAT-2004-S1-q6,BMAT-2004-S1-q6.png,BMAT,1,2004,November 2004,6,CT-assm,Critical Thinking: Identifying an Assumption,,E,mcq,ABCDE,,,bank/TARA/BMAT_section1/papers/BMAT-2004-S1.pdf
BMAT-2004-S1-q7,BMAT-2004-S1-q7.png,BMAT,1,2004,November 2004,7,PS,Problem Solving,,D,mcq,ABCDE,,,bank/TARA/BMAT_section1/papers/BMAT-2004-S1.pdf
BMAT-2004-S1-q8,BMAT-2004-S1-q8.png,BMAT,1,2004,November 2004,8,PS,Problem Solving,,"12.0, 12.5 or 13.0",short,,是,,bank/TARA/BMAT_section1/papers/BMAT-2004-S1.pdf
BMAT-2004-S1-q9,BMAT-2004-S1-q9.png,BMAT,1,2004,November 2004,9,PS,Problem Solving,,A,mcq,ABCD,,,bank/TARA/BMAT_section1/papers/BMAT-2004-S1.pdf
BMAT-2004-S1-q10,BMAT-2004-S1-q10.png,BMAT,1,2004,November 2004,10,PS,Problem Solving,,A,mcq,ABCDE,,,bank/TARA/BMAT_section1/papers/BMAT-2004-S1.pdf
BMAT-2004-S1-q11,BMAT-2004-S1-q11.png,BMAT,1,2004,November 2004,11,PS,Problem Solving,,A &amp; C,short,ABCD,,,bank/TARA/BMAT_section1/papers/BMAT-2004-S1.pdf
BMAT-2004-S1-q12,BMAT-2004-S1-q12.png,BMAT,1,2004,November 2004,12,PS,Problem Solving,,B &amp; C,short,ABCDE,,,bank/TARA/BMAT_section1/papers/BMAT-2004-S1.pdf
BMAT-2004-S1-q13,BMAT-2004-S1-q13.png,BMAT,1,2004,November 2004,13,PS,Problem Solving,,B,mcq,ABCD,,,bank/TARA/BMAT_section1/papers/BMAT-2004-S1.pdf
BMAT-2004-S1-q14,BMAT-2004-S1-q14.png,BMAT,1,2004,November 2004,14,PS,Problem Solving,,B,mcq,ABCDE,是,,bank/TARA/BMAT_section1/papers/BMAT-2004-S1.pdf
BMAT-2004-S1-q15,BMAT-2004-S1-q15.png,BMAT,1,2004,November 2004,15,PS,Problem Solving,,D,mcq,ABCDE,,,bank/TARA/BMAT_section1/papers/BMAT-2004-S1.pdf
BMAT-2004-S1-q16,BMAT-2004-S1-q16.png,BMAT,1,2004,November 2004,16,PS,Problem Solving,,A,mcq,ABCD,,,bank/TARA/BMAT_section1/papers/BMAT-2004-S1.pdf
BMAT-2004-S1-q17,BMAT-2004-S1-q17.png,BMAT,1,2004,November 2004,17,CT-main,Critical Thinking: Identifying the Main Conclusion,,A,mcq,ABCDE,,,bank/TARA/BMAT_section1/papers/BMAT-2004-S1.pdf
BMAT-2004-S1-q18,BMAT-2004-S1-q18.png,BMAT,1,2004,November 2004,18,PS,Problem Solving,,C,mcq,ABCDE,,,bank/TARA/BMAT_section1/papers/BMAT-2004-S1.pdf
BMAT-2004-S1-q19,BMAT-2004-S1-q19.png,BMAT,1,2004,November 2004,19,CT-draw,Critical Thinking: Drawing a Conclusion,,D,mcq,ABCDE,,,bank/TARA/BMAT_section1/papers/BMAT-2004-S1.pdf
BMAT-2004-S1-q20,BMAT-2004-S1-q20.png,BMAT,1,2004,November 2004,20,PS,Problem Solving,,D,mcq,ABCDE,,,bank/TARA/BMAT_section1/papers/BMAT-2004-S1.pdf
BMAT-2004-S1-q21,BMAT-2004-S1-q21.png,BMAT,1,2004,November 2004,21,PS,Problem Solving,,7.6,short,,,,bank/TARA/BMAT_section1/papers/BMAT-2004-S1.pdf
BMAT-2004-S1-q22,BMAT-2004-S1-q22.png,BMAT,1,2004,November 2004,22,PS,Problem Solving,,A,mcq,ABCD,是,,bank/TARA/BMAT_section1/papers/BMAT-2004-S1.pdf
BMAT-2004-S1-q23,BMAT-2004-S1-q23.png,BMAT,1,2004,November 2004,23,PS,Problem Solving,,B,mcq,ABCDE,,,bank/TARA/BMAT_section1/papers/BMAT-2004-S1.pdf
BMAT-2004-S1-q24,BMAT-2004-S1-q24.png,BMAT,1,2004,November 2004,24,PS,Problem Solving,,10,short,,,,bank/TARA/BMAT_section1/papers/BMAT-2004-S1.pdf
BMAT-2004-S1-q25,BMAT-2004-S1-q25.png,BMAT,1,2004,November 2004,25,CT-assm,Critical Thinking: Identifying an Assumption,,B,mcq,ABCDE,,,bank/TARA/BMAT_section1/papers/BMAT-2004-S1.pdf
BMAT-2004-S1-q26,BMAT-2004-S1-q26.png,BMAT,1,2004,November 2004,26,PS,Problem Solving,,A,mcq,ABCDE,,,bank/TARA/BMAT_section1/papers/BMAT-2004-S1.pdf
BMAT-2004-S1-q27,BMAT-2004-S1-q27.png,BMAT,1,2004,November 2004,27,PS,Problem Solving,,B,mcq,ABCDE,,,bank/TARA/BMAT_section1/papers/BMAT-2004-S1.pdf
BMAT-2004-S1-q28,BMAT-2004-S1-q28.png,BMAT,1,2004,November 2004,28,PS,Problem Solving,,C,mcq,ABCDE,,,bank/TARA/BMAT_section1/papers/BMAT-2004-S1.pdf
BMAT-2004-S1-q29,BMAT-2004-S1-q29.png,BMAT,1,2004,November 2004,29,PS,Problem Solving,,E,mcq,ABCDE,,,bank/TARA/BMAT_section1/papers/BMAT-2004-S1.pdf
BMAT-2004-S1-q30,BMAT-2004-S1-q30.png,BMAT,1,2004,November 2004,30,PS,Problem Solving,,B,mcq,ABCDE,是,,bank/TARA/BMAT_section1/papers/BMAT-2004-S1.pdf
BMAT-2004-S1-q31,BMAT-2004-S1-q31.png,BMAT,1,2004,November 2004,31,PS,Problem Solving,,A &amp; C,short,ABCD,,,bank/TARA/BMAT_section1/papers/BMAT-2004-S1.pdf
BMAT-2004-S1-q32,BMAT-2004-S1-q32.png,BMAT,1,2004,November 2004,32,PS,Problem Solving,,14%,short,,,,bank/TARA/BMAT_section1/papers/BMAT-2004-S1.pdf
BMAT-2004-S1-q33,BMAT-2004-S1-q33.png,BMAT,1,2004,November 2004,33,PS,Problem Solving,,B,mcq,ABCD,,,bank/TARA/BMAT_section1/papers/BMAT-2004-S1.pdf
BMAT-2004-S1-q34,BMAT-2004-S1-q34.png,BMAT,1,2004,November 2004,34,PS,Problem Solving,,22,short,,,,bank/TARA/BMAT_section1/papers/BMAT-2004-S1.pdf
BMAT-2004-S1-q35,BMAT-2004-S1-q35.png,BMAT,1,2004,November 2004,35,PS,Problem Solving,,B &amp; C,short,ABC,,,bank/TARA/BMAT_section1/papers/BMAT-2004-S1.pdf
BMAT-2005-S1-q1,BMAT-2005-S1-q1.png,BMAT,1,2005,November 2005,1,PS,Problem Solving,,C,mcq,ABCDE,是,,bank/TARA/BMAT_section1/papers/BMAT-2005-S1.pdf
BMAT-2005-S1-q2,BMAT-2005-S1-q2.png,BMAT,1,2005,November 2005,2,CT-assm,Critical Thinking: Identifying an Assumption,,D,mcq,ABCD,,,bank/TARA/BMAT_section1/papers/BMAT-2005-S1.pdf
BMAT-2005-S1-q3,BMAT-2005-S1-q3.png,BMAT,1,2005,November 2005,3,PS,Problem Solving,,B,mcq,ABCDE,,,bank/TARA/BMAT_section1/papers/BMAT-2005-S1.pdf
BMAT-2005-S1-q4,BMAT-2005-S1-q4.png,BMAT,1,2005,November 2005,4,PS,Problem Solving,,A,mcq,ABCDE,是,,bank/TARA/BMAT_section1/papers/BMAT-2005-S1.pdf
BMAT-2005-S1-q5,BMAT-2005-S1-q5.png,BMAT,1,2005,November 2005,5,PS,Problem Solving,,30 to 49,short,,,,bank/TARA/BMAT_section1/papers/BMAT-2005-S1.pdf
BMAT-2005-S1-q6,BMAT-2005-S1-q6.png,BMAT,1,2005,November 2005,6,CT-evid,Critical Thinking: Assessing the Impact of Additional Evidence,,B,mcq,ABCD,,,bank/TARA/BMAT_section1/papers/BMAT-2005-S1.pdf
BMAT-2005-S1-q7,BMAT-2005-S1-q7.png,BMAT,1,2005,November 2005,7,PS,Problem Solving,,£10500,short,,,,bank/TARA/BMAT_section1/papers/BMAT-2005-S1.pdf
BMAT-2005-S1-q8,BMAT-2005-S1-q8.png,BMAT,1,2005,November 2005,8,PS,Problem Solving,,C,mcq,ABCD,是,,bank/TARA/BMAT_section1/papers/BMAT-2005-S1.pdf
BMAT-2005-S1-q9,BMAT-2005-S1-q9.png,BMAT,1,2005,November 2005,9,PS,Problem Solving,,B,mcq,ABCDE,,,bank/TARA/BMAT_section1/papers/BMAT-2005-S1.pdf
BMAT-2005-S1-q10,BMAT-2005-S1-q10.png,BMAT,1,2005,November 2005,10,PS,Problem Solving,,£3300,short,,,,bank/TARA/BMAT_section1/papers/BMAT-2005-S1.pdf
BMAT-2005-S1-q11,BMAT-2005-S1-q11.png,BMAT,1,2005,November 2005,11,PS,Problem Solving,,A,mcq,ABCDE,是,,bank/TARA/BMAT_section1/papers/BMAT-2005-S1.pdf
BMAT-2005-S1-q12,BMAT-2005-S1-q12.png,BMAT,1,2005,November 2005,12,CT-evid,Critical Thinking: Assessing the Impact of Additional Evidence,,E,mcq,ABCDE,,,bank/TARA/BMAT_section1/papers/BMAT-2005-S1.pdf
BMAT-2005-S1-q13,BMAT-2005-S1-q13.png,BMAT,1,2005,November 2005,13,PS,Problem Solving,,B,mcq,ABCDE,是,,bank/TARA/BMAT_section1/papers/BMAT-2005-S1.pdf
BMAT-2005-S1-q14,BMAT-2005-S1-q14.png,BMAT,1,2005,November 2005,14,PS,Problem Solving,,E,mcq,ABCDEF,,,bank/TARA/BMAT_section1/papers/BMAT-2005-S1.pdf
BMAT-2005-S1-q15,BMAT-2005-S1-q15.png,BMAT,1,2005,November 2005,15,PS,Problem Solving,,D,mcq,ABCDE,,,bank/TARA/BMAT_section1/papers/BMAT-2005-S1.pdf
BMAT-2005-S1-q16,BMAT-2005-S1-q16.png,BMAT,1,2005,November 2005,16,PS,Problem Solving,,D,mcq,ABCDE,是,,bank/TARA/BMAT_section1/papers/BMAT-2005-S1.pdf
BMAT-2005-S1-q17,BMAT-2005-S1-q17.png,BMAT,1,2005,November 2005,17,PS,Problem Solving,,E,mcq,ABCDE,,,bank/TARA/BMAT_section1/papers/BMAT-2005-S1.pdf
BMAT-2005-S1-q18,BMAT-2005-S1-q18.png,BMAT,1,2005,November 2005,18,CT-assm,Critical Thinking: Identifying an Assumption,,C,mcq,ABCDE,,,bank/TARA/BMAT_section1/papers/BMAT-2005-S1.pdf
BMAT-2005-S1-q19,BMAT-2005-S1-q19.png,BMAT,1,2005,November 2005,19,PS,Problem Solving,,3200 (allow 3100),short,,是,,bank/TARA/BMAT_section1/papers/BMAT-2005-S1.pdf
BMAT-2005-S1-q20,BMAT-2005-S1-q20.png,BMAT,1,2005,November 2005,20,PS,Problem Solving,,F,mcq,ABCDEF,,,bank/TARA/BMAT_section1/papers/BMAT-2005-S1.pdf
BMAT-2005-S1-q21,BMAT-2005-S1-q21.png,BMAT,1,2005,November 2005,21,PS,Problem Solving,,9%,short,,,,bank/TARA/BMAT_section1/papers/BMAT-2005-S1.pdf
BMAT-2005-S1-q22,BMAT-2005-S1-q22.png,BMAT,1,2005,November 2005,22,PS,Problem Solving,,22%,short,,,,bank/TARA/BMAT_section1/papers/BMAT-2005-S1.pdf
BMAT-2005-S1-q23,BMAT-2005-S1-q23.png,BMAT,1,2005,November 2005,23,PS,Problem Solving,,E,mcq,ABCDEF,,,bank/TARA/BMAT_section1/papers/BMAT-2005-S1.pdf
BMAT-2005-S1-q24,BMAT-2005-S1-q24.png,BMAT,1,2005,November 2005,24,PS,Problem Solving,,A &amp; C,short,ABCD,是,,bank/TARA/BMAT_section1/papers/BMAT-2005-S1.pdf
BMAT-2005-S1-q25,BMAT-2005-S1-q25.png,BMAT,1,2005,November 2005,25,PS,Problem Solving,,C,mcq,ABCDE,是,,bank/TARA/BMAT_section1/papers/BMAT-2005-S1.pdf
BMAT-2005-S1-q26,BMAT-2005-S1-q26.png,BMAT,1,2005,November 2005,26,PS,Problem Solving,,A,mcq,ABCD,,,bank/TARA/BMAT_section1/papers/BMAT-2005-S1.pdf
BMAT-2005-S1-q27,BMAT-2005-S1-q27.png,BMAT,1,2005,November 2005,27,CT-draw,Critical Thinking: Drawing a Conclusion,,B,mcq,ABCDE,是,,bank/TARA/BMAT_section1/papers/BMAT-2005-S1.pdf
BMAT-2005-S1-q28,BMAT-2005-S1-q28.png,BMAT,1,2005,November 2005,28,PS,Problem Solving,,B,mcq,ABCD,,,bank/TARA/BMAT_section1/papers/BMAT-2005-S1.pdf
BMAT-2005-S1-q29,BMAT-2005-S1-q29.png,BMAT,1,2005,November 2005,29,PS,Problem Solving,,F,mcq,ABCDEF,,,bank/TARA/BMAT_section1/papers/BMAT-2005-S1.pdf
BMAT-2005-S1-q30,BMAT-2005-S1-q30.png,BMAT,1,2005,November 2005,30,PS,Problem Solving,,D,mcq,ABCD,,,bank/TARA/BMAT_section1/papers/BMAT-2005-S1.pdf
BMAT-2005-S1-q31,BMAT-2005-S1-q31.png,BMAT,1,2005,November 2005,31,CT-draw,Critical Thinking: Drawing a Conclusion,,A,mcq,ABCDEF,,,bank/TARA/BMAT_section1/papers/BMAT-2005-S1.pdf
BMAT-2005-S1-q32,BMAT-2005-S1-q32.png,BMAT,1,2005,November 2005,32,PS,Problem Solving,,D,mcq,ABCDE,是,,bank/TARA/BMAT_section1/papers/BMAT-2005-S1.pdf
BMAT-2005-S1-q33,BMAT-2005-S1-q33.png,BMAT,1,2005,November 2005,33,PS,Problem Solving,,B,mcq,ABCDE,,,bank/TARA/BMAT_section1/papers/BMAT-2005-S1.pdf
BMAT-2005-S1-q34,BMAT-2005-S1-q34.png,BMAT,1,2005,November 2005,34,PS,Problem Solving,,C,mcq,ABCDE,,,bank/TARA/BMAT_section1/papers/BMAT-2005-S1.pdf
BMAT-2005-S1-q35,BMAT-2005-S1-q35.png,BMAT,1,2005,November 2005,35,PS,Problem Solving,,D,mcq,ABCD,,,bank/TARA/BMAT_section1/papers/BMAT-2005-S1.pdf
BMAT-2006-S1-q1,BMAT-2006-S1-q1.png,BMAT,1,2006,November 2006,1,PS,Problem Solving,,C,mcq,ABCD,,,bank/TARA/BMAT_section1/papers/BMAT-2006-S1.pdf
BMAT-2006-S1-q2,BMAT-2006-S1-q2.png,BMAT,1,2006,November 2006,2,PS,Problem Solving,,E,mcq,ABCDE,,,bank/TARA/BMAT_section1/papers/BMAT-2006-S1.pdf
BMAT-2006-S1-q3,BMAT-2006-S1-q3.png,BMAT,1,2006,November 2006,3,PS,Problem Solving,,B,mcq,ABCDEF,是,,bank/TARA/BMAT_section1/papers/BMAT-2006-S1.pdf
BMAT-2006-S1-q4,BMAT-2006-S1-q4.png,BMAT,1,2006,November 2006,4,CT-assm,Critical Thinking: Identifying an Assumption,,C,mcq,ABCDE,,,bank/TARA/BMAT_section1/papers/BMAT-2006-S1.pdf
BMAT-2006-S1-q5,BMAT-2006-S1-q5.png,BMAT,1,2006,November 2006,5,PS,Problem Solving,,62 seconds,short,,,,bank/TARA/BMAT_section1/papers/BMAT-2006-S1.pdf
BMAT-2006-S1-q6,BMAT-2006-S1-q6.png,BMAT,1,2006,November 2006,6,CT-draw,Critical Thinking: Drawing a Conclusion,,C,mcq,ABCDE,,,bank/TARA/BMAT_section1/papers/BMAT-2006-S1.pdf
BMAT-2006-S1-q7,BMAT-2006-S1-q7.png,BMAT,1,2006,November 2006,7,PS,Problem Solving,,B,mcq,ABCDE,,,bank/TARA/BMAT_section1/papers/BMAT-2006-S1.pdf
BMAT-2006-S1-q8,BMAT-2006-S1-q8.png,BMAT,1,2006,November 2006,8,PS,Problem Solving,,E,mcq,ABCDE,,,bank/TARA/BMAT_section1/papers/BMAT-2006-S1.pdf
BMAT-2006-S1-q9,BMAT-2006-S1-q9.png,BMAT,1,2006,November 2006,9,CT-draw,Critical Thinking: Drawing a Conclusion,,D,mcq,ABCD,,,bank/TARA/BMAT_section1/papers/BMAT-2006-S1.pdf
BMAT-2006-S1-q10,BMAT-2006-S1-q10.png,BMAT,1,2006,November 2006,10,PS,Problem Solving,,D,mcq,ABCD,,,bank/TARA/BMAT_section1/papers/BMAT-2006-S1.pdf
BMAT-2006-S1-q11,BMAT-2006-S1-q11.png,BMAT,1,2006,November 2006,11,PS,Problem Solving,,E,mcq,ABCDE,,,bank/TARA/BMAT_section1/papers/BMAT-2006-S1.pdf
BMAT-2006-S1-q12,BMAT-2006-S1-q12.png,BMAT,1,2006,November 2006,12,PS,Problem Solving,,A,mcq,ABCDE,,,bank/TARA/BMAT_section1/papers/BMAT-2006-S1.pdf
BMAT-2006-S1-q13,BMAT-2006-S1-q13.png,BMAT,1,2006,November 2006,13,PS,Problem Solving,,68p,short,,,,bank/TARA/BMAT_section1/papers/BMAT-2006-S1.pdf
BMAT-2006-S1-q14,BMAT-2006-S1-q14.png,BMAT,1,2006,November 2006,14,PS,Problem Solving,,C,mcq,ABCD,,,bank/TARA/BMAT_section1/papers/BMAT-2006-S1.pdf
BMAT-2006-S1-q15,BMAT-2006-S1-q15.png,BMAT,1,2006,November 2006,15,PS,Problem Solving,,C,mcq,ABCDE,是,,bank/TARA/BMAT_section1/papers/BMAT-2006-S1.pdf
BMAT-2006-S1-q16,BMAT-2006-S1-q16.png,BMAT,1,2006,November 2006,16,CT-assm,Critical Thinking: Identifying an Assumption,,B,mcq,ABCDE,,,bank/TARA/BMAT_section1/papers/BMAT-2006-S1.pdf
BMAT-2006-S1-q17,BMAT-2006-S1-q17.png,BMAT,1,2006,November 2006,17,PS,Problem Solving,,B,mcq,ABCDE,,,bank/TARA/BMAT_section1/papers/BMAT-2006-S1.pdf
BMAT-2006-S1-q18,BMAT-2006-S1-q18.png,BMAT,1,2006,November 2006,18,CT-flaw,Critical Thinking: Detecting Reasoning Errors,,C,mcq,ABCDE,,,bank/TARA/BMAT_section1/papers/BMAT-2006-S1.pdf
BMAT-2006-S1-q19,BMAT-2006-S1-q19.png,BMAT,1,2006,November 2006,19,PS,Problem Solving,,E,mcq,ABCDE,,,bank/TARA/BMAT_section1/papers/BMAT-2006-S1.pdf
BMAT-2006-S1-q20,BMAT-2006-S1-q20.png,BMAT,1,2006,November 2006,20,PS,Problem Solving,,B,mcq,ABCDE,是,,bank/TARA/BMAT_section1/papers/BMAT-2006-S1.pdf
BMAT-2006-S1-q21,BMAT-2006-S1-q21.png,BMAT,1,2006,November 2006,21,PS,Problem Solving,,C,mcq,ABCDE,,,bank/TARA/BMAT_section1/papers/BMAT-2006-S1.pdf
BMAT-2006-S1-q22,BMAT-2006-S1-q22.png,BMAT,1,2006,November 2006,22,PS,Problem Solving,,D,mcq,ABCDE,,,bank/TARA/BMAT_section1/papers/BMAT-2006-S1.pdf
BMAT-2006-S1-q23,BMAT-2006-S1-q23.png,BMAT,1,2006,November 2006,23,PS,Problem Solving,,B,mcq,ABCDE,,,bank/TARA/BMAT_section1/papers/BMAT-2006-S1.pdf
BMAT-2006-S1-q24,BMAT-2006-S1-q24.png,BMAT,1,2006,November 2006,24,CT-draw,Critical Thinking: Drawing a Conclusion,,C,mcq,ABCD,,,bank/TARA/BMAT_section1/papers/BMAT-2006-S1.pdf
BMAT-2006-S1-q25,BMAT-2006-S1-q25.png,BMAT,1,2006,November 2006,25,PS,Problem Solving,,B,mcq,ABCDE,是,,bank/TARA/BMAT_section1/papers/BMAT-2006-S1.pdf
BMAT-2006-S1-q26,BMAT-2006-S1-q26.png,BMAT,1,2006,November 2006,26,PS,Problem Solving,,D,mcq,ABCDE,,,bank/TARA/BMAT_section1/papers/BMAT-2006-S1.pdf
BMAT-2006-S1-q27,BMAT-2006-S1-q27.png,BMAT,1,2006,November 2006,27,PS,Problem Solving,,5 hours,short,,,,bank/TARA/BMAT_section1/papers/BMAT-2006-S1.pdf
BMAT-2006-S1-q28,BMAT-2006-S1-q28.png,BMAT,1,2006,November 2006,28,PS,Problem Solving,,B,mcq,ABCDE,是,,bank/TARA/BMAT_section1/papers/BMAT-2006-S1.pdf
BMAT-2006-S1-q29,BMAT-2006-S1-q29.png,BMAT,1,2006,November 2006,29,CT-draw,Critical Thinking: Drawing a Conclusion,,D,mcq,ABCDE,,,bank/TARA/BMAT_section1/papers/BMAT-2006-S1.pdf
BMAT-2006-S1-q30,BMAT-2006-S1-q30.png,BMAT,1,2006,November 2006,30,PS,Problem Solving,,A,mcq,ABCDE,是,,bank/TARA/BMAT_section1/papers/BMAT-2006-S1.pdf
BMAT-2006-S1-q31,BMAT-2006-S1-q31.png,BMAT,1,2006,November 2006,31,CT-draw,Critical Thinking: Drawing a Conclusion,,B,mcq,ABCD,是,,bank/TARA/BMAT_section1/papers/BMAT-2006-S1.pdf
BMAT-2006-S1-q32,BMAT-2006-S1-q32.png,BMAT,1,2006,November 2006,32,CT-draw,Critical Thinking: Drawing a Conclusion,,B,mcq,ABCD,,,bank/TARA/BMAT_section1/papers/BMAT-2006-S1.pdf
BMAT-2006-S1-q33,BMAT-2006-S1-q33.png,BMAT,1,2006,November 2006,33,PS,Problem Solving,,C,mcq,ABCDE,,,bank/TARA/BMAT_section1/papers/BMAT-2006-S1.pdf
BMAT-2006-S1-q34,BMAT-2006-S1-q34.png,BMAT,1,2006,November 2006,34,PS,Problem Solving,,C,mcq,ABCDE,,,bank/TARA/BMAT_section1/papers/BMAT-2006-S1.pdf
BMAT-2006-S1-q35,BMAT-2006-S1-q35.png,BMAT,1,2006,November 2006,35,PS,Problem Solving,,A,mcq,ABCDE,,,bank/TARA/BMAT_section1/papers/BMAT-2006-S1.pdf
BMAT-2007-S1-q1,BMAT-2007-S1-q1.png,BMAT,1,2007,November 2007,1,PS,Problem Solving,,B,mcq,ABCDE,,,bank/TARA/BMAT_section1/papers/BMAT-2007-S1.pdf
BMAT-2007-S1-q2,BMAT-2007-S1-q2.png,BMAT,1,2007,November 2007,2,PS,Problem Solving,,C,mcq,ABCD,,,bank/TARA/BMAT_section1/papers/BMAT-2007-S1.pdf
BMAT-2007-S1-q3,BMAT-2007-S1-q3.png,BMAT,1,2007,November 2007,3,PS,Problem Solving,,C,mcq,ABCDE,是,,bank/TARA/BMAT_section1/papers/BMAT-2007-S1.pdf
BMAT-2007-S1-q4,BMAT-2007-S1-q4.png,BMAT,1,2007,November 2007,4,CT-evid,Critical Thinking: Assessing the Impact of Additional Evidence,,A,mcq,ABCDEF,是,,bank/TARA/BMAT_section1/papers/BMAT-2007-S1.pdf
BMAT-2007-S1-q5,BMAT-2007-S1-q5.png,BMAT,1,2007,November 2007,5,PS,Problem Solving,,B,mcq,ABCDE,,,bank/TARA/BMAT_section1/papers/BMAT-2007-S1.pdf
BMAT-2007-S1-q6,BMAT-2007-S1-q6.png,BMAT,1,2007,November 2007,6,PS,Problem Solving,,B,mcq,ABCD,,,bank/TARA/BMAT_section1/papers/BMAT-2007-S1.pdf
BMAT-2007-S1-q7,BMAT-2007-S1-q7.png,BMAT,1,2007,November 2007,7,PS,Problem Solving,,E,mcq,ABCDE,,,bank/TARA/BMAT_section1/papers/BMAT-2007-S1.pdf
BMAT-2007-S1-q8,BMAT-2007-S1-q8.png,BMAT,1,2007,November 2007,8,PS,Problem Solving,,C,mcq,ABCD,,,bank/TARA/BMAT_section1/papers/BMAT-2007-S1.pdf
BMAT-2007-S1-q9,BMAT-2007-S1-q9.png,BMAT,1,2007,November 2007,9,PS,Problem Solving,,E,mcq,ABCDE,,,bank/TARA/BMAT_section1/papers/BMAT-2007-S1.pdf
BMAT-2007-S1-q10,BMAT-2007-S1-q10.png,BMAT,1,2007,November 2007,10,PS,Problem Solving,,C,mcq,ABCDE,,,bank/TARA/BMAT_section1/papers/BMAT-2007-S1.pdf
BMAT-2007-S1-q11,BMAT-2007-S1-q11.png,BMAT,1,2007,November 2007,11,PS,Problem Solving,,C,mcq,ABCDE,,,bank/TARA/BMAT_section1/papers/BMAT-2007-S1.pdf
BMAT-2007-S1-q12,BMAT-2007-S1-q12.png,BMAT,1,2007,November 2007,12,PS,Problem Solving,,C,mcq,ABCDE,,,bank/TARA/BMAT_section1/papers/BMAT-2007-S1.pdf
BMAT-2007-S1-q13,BMAT-2007-S1-q13.png,BMAT,1,2007,November 2007,13,PS,Problem Solving,,C,mcq,ABCD,是,,bank/TARA/BMAT_section1/papers/BMAT-2007-S1.pdf
BMAT-2007-S1-q14,BMAT-2007-S1-q14.png,BMAT,1,2007,November 2007,14,PS,Problem Solving,,A,mcq,ABCD,,,bank/TARA/BMAT_section1/papers/BMAT-2007-S1.pdf
BMAT-2007-S1-q15,BMAT-2007-S1-q15.png,BMAT,1,2007,November 2007,15,PS,Problem Solving,,C,mcq,ABCDE,,,bank/TARA/BMAT_section1/papers/BMAT-2007-S1.pdf
BMAT-2007-S1-q16,BMAT-2007-S1-q16.png,BMAT,1,2007,November 2007,16,CT-flaw,Critical Thinking: Detecting Reasoning Errors,,A,mcq,ABCD,,,bank/TARA/BMAT_section1/papers/BMAT-2007-S1.pdf
BMAT-2007-S1-q17,BMAT-2007-S1-q17.png,BMAT,1,2007,November 2007,17,CT-evid,Critical Thinking: Assessing the Impact of Additional Evidence,,B,mcq,ABCDEF,,,bank/TARA/BMAT_section1/papers/BMAT-2007-S1.pdf
BMAT-2007-S1-q18,BMAT-2007-S1-q18.png,BMAT,1,2007,November 2007,18,PS,Problem Solving,,B,mcq,ABCDE,,,bank/TARA/BMAT_section1/papers/BMAT-2007-S1.pdf
BMAT-2007-S1-q19,BMAT-2007-S1-q19.png,BMAT,1,2007,November 2007,19,PS,Problem Solving,,B,mcq,ABCDE,,,bank/TARA/BMAT_section1/papers/BMAT-2007-S1.pdf
BMAT-2007-S1-q20,BMAT-2007-S1-q20.png,BMAT,1,2007,November 2007,20,PS,Problem Solving,,D,mcq,ABCDE,,,bank/TARA/BMAT_section1/papers/BMAT-2007-S1.pdf
BMAT-2007-S1-q21,BMAT-2007-S1-q21.png,BMAT,1,2007,November 2007,21,PS,Problem Solving,,C,mcq,ABCDE,,,bank/TARA/BMAT_section1/papers/BMAT-2007-S1.pdf
BMAT-2007-S1-q22,BMAT-2007-S1-q22.png,BMAT,1,2007,November 2007,22,PS,Problem Solving,,A,mcq,ABCD,,,bank/TARA/BMAT_section1/papers/BMAT-2007-S1.pdf
BMAT-2007-S1-q23,BMAT-2007-S1-q23.png,BMAT,1,2007,November 2007,23,PS,Problem Solving,,B,mcq,ABCDE,,,bank/TARA/BMAT_section1/papers/BMAT-2007-S1.pdf
BMAT-2007-S1-q24,BMAT-2007-S1-q24.png,BMAT,1,2007,November 2007,24,PS,Problem Solving,,D,mcq,ABCD,,,bank/TARA/BMAT_section1/papers/BMAT-2007-S1.pdf
BMAT-2007-S1-q25,BMAT-2007-S1-q25.png,BMAT,1,2007,November 2007,25,PS,Problem Solving,,B,mcq,ABCDE,,,bank/TARA/BMAT_section1/papers/BMAT-2007-S1.pdf
BMAT-2007-S1-q26,BMAT-2007-S1-q26.png,BMAT,1,2007,November 2007,26,PS,Problem Solving,,C,mcq,ABCDE,是,,bank/TARA/BMAT_section1/papers/BMAT-2007-S1.pdf
BMAT-2007-S1-q27,BMAT-2007-S1-q27.png,BMAT,1,2007,November 2007,27,PS,Problem Solving,,C,mcq,ABCDE,,,bank/TARA/BMAT_section1/papers/BMAT-2007-S1.pdf
BMAT-2007-S1-q28,BMAT-2007-S1-q28.png,BMAT,1,2007,November 2007,28,CT-flaw,Critical Thinking: Detecting Reasoning Errors,,A,mcq,ABCD,,,bank/TARA/BMAT_section1/papers/BMAT-2007-S1.pdf
BMAT-2007-S1-q29,BMAT-2007-S1-q29.png,BMAT,1,2007,November 2007,29,CT-evid,Critical Thinking: Assessing the Impact of Additional Evidence,,C,mcq,ABCD,,,bank/TARA/BMAT_section1/papers/BMAT-2007-S1.pdf
BMAT-2007-S1-q30,BMAT-2007-S1-q30.png,BMAT,1,2007,November 2007,30,PS,Problem Solving,,E,mcq,ABCDEF,是,,bank/TARA/BMAT_section1/papers/BMAT-2007-S1.pdf
BMAT-2007-S1-q31,BMAT-2007-S1-q31.png,BMAT,1,2007,November 2007,31,PS,Problem Solving,,B,mcq,ABCDE,,,bank/TARA/BMAT_section1/papers/BMAT-2007-S1.pdf
BMAT-2007-S1-q32,BMAT-2007-S1-q32.png,BMAT,1,2007,November 2007,32,PS,Problem Solving,,D,mcq,ABCDE,是,,bank/TARA/BMAT_section1/papers/BMAT-2007-S1.pdf
BMAT-2007-S1-q33,BMAT-2007-S1-q33.png,BMAT,1,2007,November 2007,33,CT-assm,Critical Thinking: Identifying an Assumption,,C,mcq,ABCDE,,,bank/TARA/BMAT_section1/papers/BMAT-2007-S1.pdf
BMAT-2007-S1-q34,BMAT-2007-S1-q34.png,BMAT,1,2007,November 2007,34,PS,Problem Solving,,B,mcq,ABCDE,,,bank/TARA/BMAT_section1/papers/BMAT-2007-S1.pdf
BMAT-2007-S1-q35,BMAT-2007-S1-q35.png,BMAT,1,2007,November 2007,35,PS,Problem Solving,,D,mcq,ABCD,,,bank/TARA/BMAT_section1/papers/BMAT-2007-S1.pdf
BMAT-2008-S1-q1,BMAT-2008-S1-q1.png,BMAT,1,2008,November 2008,1,PS,Problem Solving,,D,mcq,ABCDE,,,bank/TARA/BMAT_section1/papers/BMAT-2008-S1.pdf
BMAT-2008-S1-q2,BMAT-2008-S1-q2.png,BMAT,1,2008,November 2008,2,CT-draw,Critical Thinking: Drawing a Conclusion,,C,mcq,ABC,,,bank/TARA/BMAT_section1/papers/BMAT-2008-S1.pdf
BMAT-2008-S1-q3,BMAT-2008-S1-q3.png,BMAT,1,2008,November 2008,3,PS,Problem Solving,,B,mcq,ABCDE,,,bank/TARA/BMAT_section1/papers/BMAT-2008-S1.pdf
BMAT-2008-S1-q4,BMAT-2008-S1-q4.png,BMAT,1,2008,November 2008,4,PS,Problem Solving,,A,mcq,ABCDE,,,bank/TARA/BMAT_section1/papers/BMAT-2008-S1.pdf
BMAT-2008-S1-q5,BMAT-2008-S1-q5.png,BMAT,1,2008,November 2008,5,PS,Problem Solving,,E,mcq,ABCDEF,是,,bank/TARA/BMAT_section1/papers/BMAT-2008-S1.pdf
BMAT-2008-S1-q6,BMAT-2008-S1-q6.png,BMAT,1,2008,November 2008,6,PS,Problem Solving,,D,mcq,ABCDEFG,,,bank/TARA/BMAT_section1/papers/BMAT-2008-S1.pdf
BMAT-2008-S1-q7,BMAT-2008-S1-q7.png,BMAT,1,2008,November 2008,7,PS,Problem Solving,,D,mcq,ABCDE,是,,bank/TARA/BMAT_section1/papers/BMAT-2008-S1.pdf
BMAT-2008-S1-q8,BMAT-2008-S1-q8.png,BMAT,1,2008,November 2008,8,PS,Problem Solving,,39%,short,,,,bank/TARA/BMAT_section1/papers/BMAT-2008-S1.pdf
BMAT-2008-S1-q9,BMAT-2008-S1-q9.png,BMAT,1,2008,November 2008,9,PS,Problem Solving,,B,mcq,ABCDE,,,bank/TARA/BMAT_section1/papers/BMAT-2008-S1.pdf
BMAT-2008-S1-q10,BMAT-2008-S1-q10.png,BMAT,1,2008,November 2008,10,PS,Problem Solving,,A,mcq,ABCDE,,,bank/TARA/BMAT_section1/papers/BMAT-2008-S1.pdf
BMAT-2008-S1-q11,BMAT-2008-S1-q11.png,BMAT,1,2008,November 2008,11,PS,Problem Solving,,D,mcq,ABCDE,,,bank/TARA/BMAT_section1/papers/BMAT-2008-S1.pdf
BMAT-2008-S1-q12,BMAT-2008-S1-q12.png,BMAT,1,2008,November 2008,12,PS,Problem Solving,,A,mcq,ABCDE,,,bank/TARA/BMAT_section1/papers/BMAT-2008-S1.pdf
BMAT-2008-S1-q13,BMAT-2008-S1-q13.png,BMAT,1,2008,November 2008,13,PS,Problem Solving,,E,mcq,ABCDEF,,,bank/TARA/BMAT_section1/papers/BMAT-2008-S1.pdf
BMAT-2008-S1-q14,BMAT-2008-S1-q14.png,BMAT,1,2008,November 2008,14,PS,Problem Solving,,A,mcq,ABCDE,,,bank/TARA/BMAT_section1/papers/BMAT-2008-S1.pdf
BMAT-2008-S1-q15,BMAT-2008-S1-q15.png,BMAT,1,2008,November 2008,15,CT-draw,Critical Thinking: Drawing a Conclusion,,D,mcq,ABCD,,,bank/TARA/BMAT_section1/papers/BMAT-2008-S1.pdf
BMAT-2008-S1-q16,BMAT-2008-S1-q16.png,BMAT,1,2008,November 2008,16,PS,Problem Solving,,D,mcq,ABCDE,是,,bank/TARA/BMAT_section1/papers/BMAT-2008-S1.pdf
BMAT-2008-S1-q17,BMAT-2008-S1-q17.png,BMAT,1,2008,November 2008,17,PS,Problem Solving,,A,mcq,ABCDE,,,bank/TARA/BMAT_section1/papers/BMAT-2008-S1.pdf
BMAT-2008-S1-q18,BMAT-2008-S1-q18.png,BMAT,1,2008,November 2008,18,PS,Problem Solving,,A,mcq,ABCDE,,,bank/TARA/BMAT_section1/papers/BMAT-2008-S1.pdf
BMAT-2008-S1-q19,BMAT-2008-S1-q19.png,BMAT,1,2008,November 2008,19,PS,Problem Solving,,79,short,,,,bank/TARA/BMAT_section1/papers/BMAT-2008-S1.pdf
BMAT-2008-S1-q20,BMAT-2008-S1-q20.png,BMAT,1,2008,November 2008,20,PS,Problem Solving,,C,mcq,ABCD,,,bank/TARA/BMAT_section1/papers/BMAT-2008-S1.pdf
BMAT-2008-S1-q21,BMAT-2008-S1-q21.png,BMAT,1,2008,November 2008,21,PS,Problem Solving,,C,mcq,ABCDE,,,bank/TARA/BMAT_section1/papers/BMAT-2008-S1.pdf
BMAT-2008-S1-q22,BMAT-2008-S1-q22.png,BMAT,1,2008,November 2008,22,CT-main,Critical Thinking: Identifying the Main Conclusion,,D,mcq,ABCDE,,,bank/TARA/BMAT_section1/papers/BMAT-2008-S1.pdf
BMAT-2008-S1-q23,BMAT-2008-S1-q23.png,BMAT,1,2008,November 2008,23,PS,Problem Solving,,D,mcq,ABCDE,,,bank/TARA/BMAT_section1/papers/BMAT-2008-S1.pdf
BMAT-2008-S1-q24,BMAT-2008-S1-q24.png,BMAT,1,2008,November 2008,24,CT-draw,Critical Thinking: Drawing a Conclusion,,D,mcq,ABCDE,,,bank/TARA/BMAT_section1/papers/BMAT-2008-S1.pdf
BMAT-2008-S1-q25,BMAT-2008-S1-q25.png,BMAT,1,2008,November 2008,25,PS,Problem Solving,,245,short,,,,bank/TARA/BMAT_section1/papers/BMAT-2008-S1.pdf
BMAT-2008-S1-q26,BMAT-2008-S1-q26.png,BMAT,1,2008,November 2008,26,PS,Problem Solving,,D,mcq,ABCDEF,,,bank/TARA/BMAT_section1/papers/BMAT-2008-S1.pdf
BMAT-2008-S1-q27,BMAT-2008-S1-q27.png,BMAT,1,2008,November 2008,27,PS,Problem Solving,,C,mcq,ABCDE,,,bank/TARA/BMAT_section1/papers/BMAT-2008-S1.pdf
BMAT-2008-S1-q28,BMAT-2008-S1-q28.png,BMAT,1,2008,November 2008,28,CT-assm,Critical Thinking: Identifying an Assumption,,E,mcq,ABCDE,,,bank/TARA/BMAT_section1/papers/BMAT-2008-S1.pdf
BMAT-2008-S1-q29,BMAT-2008-S1-q29.png,BMAT,1,2008,November 2008,29,PS,Problem Solving,,C,mcq,ABCDE,,,bank/TARA/BMAT_section1/papers/BMAT-2008-S1.pdf
BMAT-2008-S1-q30,BMAT-2008-S1-q30.png,BMAT,1,2008,November 2008,30,CT-flaw,Critical Thinking: Detecting Reasoning Errors,,E,mcq,ABCDE,,,bank/TARA/BMAT_section1/papers/BMAT-2008-S1.pdf
BMAT-2008-S1-q31,BMAT-2008-S1-q31.png,BMAT,1,2008,November 2008,31,PS,Problem Solving,,B,mcq,ABCDE,是,,bank/TARA/BMAT_section1/papers/BMAT-2008-S1.pdf
BMAT-2008-S1-q32,BMAT-2008-S1-q32.png,BMAT,1,2008,November 2008,32,PS,Problem Solving,,E,mcq,ABCDE,是,,bank/TARA/BMAT_section1/papers/BMAT-2008-S1.pdf
BMAT-2008-S1-q33,BMAT-2008-S1-q33.png,BMAT,1,2008,November 2008,33,CT-draw,Critical Thinking: Drawing a Conclusion,,D,mcq,ABCD,,,bank/TARA/BMAT_section1/papers/BMAT-2008-S1.pdf
BMAT-2008-S1-q34,BMAT-2008-S1-q34.png,BMAT,1,2008,November 2008,34,PS,Problem Solving,,C,mcq,ABCD,,,bank/TARA/BMAT_section1/papers/BMAT-2008-S1.pdf
BMAT-2008-S1-q35,BMAT-2008-S1-q35.png,BMAT,1,2008,November 2008,35,PS,Problem Solving,,B,mcq,ABCD,,,bank/TARA/BMAT_section1/papers/BMAT-2008-S1.pdf
BMAT-2009-S1-q1,BMAT-2009-S1-q1.png,BMAT,1,2009,November 2009,1,PS,Problem Solving,,15,short,,是,,bank/TARA/BMAT_section1/papers/BMAT-2009-S1.pdf
BMAT-2009-S1-q2,BMAT-2009-S1-q2.png,BMAT,1,2009,November 2009,2,PS,Problem Solving,,B,mcq,ABCDE,,,bank/TARA/BMAT_section1/papers/BMAT-2009-S1.pdf
BMAT-2009-S1-q3,BMAT-2009-S1-q3.png,BMAT,1,2009,November 2009,3,PS,Problem Solving,,D,mcq,ABCDE,是,,bank/TARA/BMAT_section1/papers/BMAT-2009-S1.pdf
BMAT-2009-S1-q4,BMAT-2009-S1-q4.png,BMAT,1,2009,November 2009,4,CT-main,Critical Thinking: Identifying the Main Conclusion,,B,mcq,ABCDE,,,bank/TARA/BMAT_section1/papers/BMAT-2009-S1.pdf
BMAT-2009-S1-q5,BMAT-2009-S1-q5.png,BMAT,1,2009,November 2009,5,PS,Problem Solving,,E,mcq,ABCDEF,,,bank/TARA/BMAT_section1/papers/BMAT-2009-S1.pdf
BMAT-2009-S1-q6,BMAT-2009-S1-q6.png,BMAT,1,2009,November 2009,6,CT-assm,Critical Thinking: Identifying an Assumption,,G,mcq,ABCDEFG,,,bank/TARA/BMAT_section1/papers/BMAT-2009-S1.pdf
BMAT-2009-S1-q7,BMAT-2009-S1-q7.png,BMAT,1,2009,November 2009,7,PS,Problem Solving,,C,mcq,ABCDE,,,bank/TARA/BMAT_section1/papers/BMAT-2009-S1.pdf
BMAT-2009-S1-q8,BMAT-2009-S1-q8.png,BMAT,1,2009,November 2009,8,CT-assm,Critical Thinking: Identifying an Assumption,,B,mcq,ABCD,,,bank/TARA/BMAT_section1/papers/BMAT-2009-S1.pdf
BMAT-2009-S1-q9,BMAT-2009-S1-q9.png,BMAT,1,2009,November 2009,9,CT-draw,Critical Thinking: Drawing a Conclusion,,G,mcq,ABCDEFG,,,bank/TARA/BMAT_section1/papers/BMAT-2009-S1.pdf
BMAT-2009-S1-q10,BMAT-2009-S1-q10.png,BMAT,1,2009,November 2009,10,CT-draw,Critical Thinking: Drawing a Conclusion,,A,mcq,ABCDE,,,bank/TARA/BMAT_section1/papers/BMAT-2009-S1.pdf
BMAT-2009-S1-q11,BMAT-2009-S1-q11.png,BMAT,1,2009,November 2009,11,PS,Problem Solving,,D,mcq,ABCD,是,,bank/TARA/BMAT_section1/papers/BMAT-2009-S1.pdf
BMAT-2009-S1-q12,BMAT-2009-S1-q12.png,BMAT,1,2009,November 2009,12,CT-evid,Critical Thinking: Assessing the Impact of Additional Evidence,,B,mcq,ABCDE,,,bank/TARA/BMAT_section1/papers/BMAT-2009-S1.pdf
BMAT-2009-S1-q13,BMAT-2009-S1-q13.png,BMAT,1,2009,November 2009,13,PS,Problem Solving,,E,mcq,ABCDEF,,,bank/TARA/BMAT_section1/papers/BMAT-2009-S1.pdf
BMAT-2009-S1-q14,BMAT-2009-S1-q14.png,BMAT,1,2009,November 2009,14,CT-assm,Critical Thinking: Identifying an Assumption,,A,mcq,ABCDE,,,bank/TARA/BMAT_section1/papers/BMAT-2009-S1.pdf
BMAT-2009-S1-q15,BMAT-2009-S1-q15.png,BMAT,1,2009,November 2009,15,PS,Problem Solving,,D,mcq,ABCDE,,,bank/TARA/BMAT_section1/papers/BMAT-2009-S1.pdf
BMAT-2009-S1-q16,BMAT-2009-S1-q16.png,BMAT,1,2009,November 2009,16,PS,Problem Solving,,"s: 38, b: 36",short,,是,,bank/TARA/BMAT_section1/papers/BMAT-2009-S1.pdf
BMAT-2009-S1-q17,BMAT-2009-S1-q17.png,BMAT,1,2009,November 2009,17,PS,Problem Solving,,13,short,,,,bank/TARA/BMAT_section1/papers/BMAT-2009-S1.pdf
BMAT-2009-S1-q18,BMAT-2009-S1-q18.png,BMAT,1,2009,November 2009,18,PS,Problem Solving,,B,mcq,ABCD,,,bank/TARA/BMAT_section1/papers/BMAT-2009-S1.pdf
BMAT-2009-S1-q19,BMAT-2009-S1-q19.png,BMAT,1,2009,November 2009,19,PS,Problem Solving,,F,mcq,ABCDEFG,,,bank/TARA/BMAT_section1/papers/BMAT-2009-S1.pdf
BMAT-2009-S1-q20,BMAT-2009-S1-q20.png,BMAT,1,2009,November 2009,20,PS,Problem Solving,,C,mcq,ABCD,,,bank/TARA/BMAT_section1/papers/BMAT-2009-S1.pdf
BMAT-2009-S1-q21,BMAT-2009-S1-q21.png,BMAT,1,2009,November 2009,21,PS,Problem Solving,,50g,short,,,,bank/TARA/BMAT_section1/papers/BMAT-2009-S1.pdf
BMAT-2009-S1-q22,BMAT-2009-S1-q22.png,BMAT,1,2009,November 2009,22,CT-assm,Critical Thinking: Identifying an Assumption,,A,mcq,ABCDEF,,,bank/TARA/BMAT_section1/papers/BMAT-2009-S1.pdf
BMAT-2009-S1-q23,BMAT-2009-S1-q23.png,BMAT,1,2009,November 2009,23,PS,Problem Solving,,E,mcq,ABCDE,,,bank/TARA/BMAT_section1/papers/BMAT-2009-S1.pdf
BMAT-2009-S1-q24,BMAT-2009-S1-q24.png,BMAT,1,2009,November 2009,24,CT-draw,Critical Thinking: Drawing a Conclusion,,E,mcq,ABCDE,,,bank/TARA/BMAT_section1/papers/BMAT-2009-S1.pdf
BMAT-2009-S1-q25,BMAT-2009-S1-q25.png,BMAT,1,2009,November 2009,25,PS,Problem Solving,,A,mcq,ABCD,是,,bank/TARA/BMAT_section1/papers/BMAT-2009-S1.pdf
BMAT-2009-S1-q26,BMAT-2009-S1-q26.png,BMAT,1,2009,November 2009,26,CT-draw,Critical Thinking: Drawing a Conclusion,,E,mcq,ABCDE,,,bank/TARA/BMAT_section1/papers/BMAT-2009-S1.pdf
BMAT-2009-S1-q27,BMAT-2009-S1-q27.png,BMAT,1,2009,November 2009,27,PS,Problem Solving,,B,mcq,ABCDE,,,bank/TARA/BMAT_section1/papers/BMAT-2009-S1.pdf
BMAT-2009-S1-q28,BMAT-2009-S1-q28.png,BMAT,1,2009,November 2009,28,CT-flaw,Critical Thinking: Detecting Reasoning Errors,,B,mcq,ABCDE,,,bank/TARA/BMAT_section1/papers/BMAT-2009-S1.pdf
BMAT-2009-S1-q29,BMAT-2009-S1-q29.png,BMAT,1,2009,November 2009,29,PS,Problem Solving,,D,mcq,ABCDEF,是,,bank/TARA/BMAT_section1/papers/BMAT-2009-S1.pdf
BMAT-2009-S1-q30,BMAT-2009-S1-q30.png,BMAT,1,2009,November 2009,30,PS,Problem Solving,,D,mcq,ABCDE,,,bank/TARA/BMAT_section1/papers/BMAT-2009-S1.pdf
BMAT-2009-S1-q31,BMAT-2009-S1-q31.png,BMAT,1,2009,November 2009,31,PS,Problem Solving,,D,mcq,ABCDE,,,bank/TARA/BMAT_section1/papers/BMAT-2009-S1.pdf
BMAT-2009-S1-q32,BMAT-2009-S1-q32.png,BMAT,1,2009,November 2009,32,PS,Problem Solving,,C,mcq,ABCDE,,,bank/TARA/BMAT_section1/papers/BMAT-2009-S1.pdf
BMAT-2009-S1-q33,BMAT-2009-S1-q33.png,BMAT,1,2009,November 2009,33,PS,Problem Solving,,C,mcq,ABCD,是,,bank/TARA/BMAT_section1/papers/BMAT-2009-S1.pdf
BMAT-2009-S1-q34,BMAT-2009-S1-q34.png,BMAT,1,2009,November 2009,34,CT-draw,Critical Thinking: Drawing a Conclusion,,D,mcq,ABCDE,,,bank/TARA/BMAT_section1/papers/BMAT-2009-S1.pdf
BMAT-2009-S1-q35,BMAT-2009-S1-q35.png,BMAT,1,2009,November 2009,35,PS,Problem Solving,,E,mcq,ABCDE,,,bank/TARA/BMAT_section1/papers/BMAT-2009-S1.pdf
BMAT-2010-S1-q1,BMAT-2010-S1-q1.png,BMAT,1,2010,November 2010,1,PS,Problem Solving,,A,mcq,ABCDE,,,bank/TARA/BMAT_section1/papers/BMAT-2010-S1.pdf
BMAT-2010-S1-q2,BMAT-2010-S1-q2.png,BMAT,1,2010,November 2010,2,CT-flaw,Critical Thinking: Detecting Reasoning Errors,,C,mcq,ABCD,,,bank/TARA/BMAT_section1/papers/BMAT-2010-S1.pdf
BMAT-2010-S1-q3,BMAT-2010-S1-q3.png,BMAT,1,2010,November 2010,3,PS,Problem Solving,,C,mcq,ABCDE,是,,bank/TARA/BMAT_section1/papers/BMAT-2010-S1.pdf
BMAT-2010-S1-q4,BMAT-2010-S1-q4.png,BMAT,1,2010,November 2010,4,CT-draw,Critical Thinking: Drawing a Conclusion,,C,mcq,ABCDE,,,bank/TARA/BMAT_section1/papers/BMAT-2010-S1.pdf
BMAT-2010-S1-q5,BMAT-2010-S1-q5.png,BMAT,1,2010,November 2010,5,PS,Problem Solving,,D,mcq,ABCDE,,,bank/TARA/BMAT_section1/papers/BMAT-2010-S1.pdf
BMAT-2010-S1-q6,BMAT-2010-S1-q6.png,BMAT,1,2010,November 2010,6,CT-assm,Critical Thinking: Identifying an Assumption,,B,mcq,ABCDEF,,,bank/TARA/BMAT_section1/papers/BMAT-2010-S1.pdf
BMAT-2010-S1-q7,BMAT-2010-S1-q7.png,BMAT,1,2010,November 2010,7,PS,Problem Solving,,B,mcq,ABCDEF,是,,bank/TARA/BMAT_section1/papers/BMAT-2010-S1.pdf
BMAT-2010-S1-q8,BMAT-2010-S1-q8.png,BMAT,1,2010,November 2010,8,PS,Problem Solving,,A,mcq,ABCD,是,,bank/TARA/BMAT_section1/papers/BMAT-2010-S1.pdf
BMAT-2010-S1-q9,BMAT-2010-S1-q9.png,BMAT,1,2010,November 2010,9,PS,Problem Solving,,A,mcq,ABCDE,,,bank/TARA/BMAT_section1/papers/BMAT-2010-S1.pdf
BMAT-2010-S1-q10,BMAT-2010-S1-q10.png,BMAT,1,2010,November 2010,10,CT-assm,Critical Thinking: Identifying an Assumption,,A,mcq,ABCDE,,,bank/TARA/BMAT_section1/papers/BMAT-2010-S1.pdf
BMAT-2010-S1-q11,BMAT-2010-S1-q11.png,BMAT,1,2010,November 2010,11,PS,Problem Solving,,D,mcq,ABCD,,,bank/TARA/BMAT_section1/papers/BMAT-2010-S1.pdf
BMAT-2010-S1-q12,BMAT-2010-S1-q12.png,BMAT,1,2010,November 2010,12,PS,Problem Solving,,C,mcq,ABCDE,是,,bank/TARA/BMAT_section1/papers/BMAT-2010-S1.pdf
BMAT-2010-S1-q13,BMAT-2010-S1-q13.png,BMAT,1,2010,November 2010,13,CT-flaw,Critical Thinking: Detecting Reasoning Errors,,E,mcq,ABCDE,,,bank/TARA/BMAT_section1/papers/BMAT-2010-S1.pdf
BMAT-2010-S1-q14,BMAT-2010-S1-q14.png,BMAT,1,2010,November 2010,14,CT-assm,Critical Thinking: Identifying an Assumption,,D,mcq,ABCDE,是,,bank/TARA/BMAT_section1/papers/BMAT-2010-S1.pdf
BMAT-2010-S1-q15,BMAT-2010-S1-q15.png,BMAT,1,2010,November 2010,15,CT-draw,Critical Thinking: Drawing a Conclusion,,D,mcq,ABCDE,,,bank/TARA/BMAT_section1/papers/BMAT-2010-S1.pdf
BMAT-2010-S1-q16,BMAT-2010-S1-q16.png,BMAT,1,2010,November 2010,16,PS,Problem Solving,,D,mcq,ABCDE,是,,bank/TARA/BMAT_section1/papers/BMAT-2010-S1.pdf
BMAT-2010-S1-q17,BMAT-2010-S1-q17.png,BMAT,1,2010,November 2010,17,CT-flaw,Critical Thinking: Detecting Reasoning Errors,,C,mcq,ABCDE,,,bank/TARA/BMAT_section1/papers/BMAT-2010-S1.pdf
BMAT-2010-S1-q18,BMAT-2010-S1-q18.png,BMAT,1,2010,November 2010,18,PS,Problem Solving,,D,mcq,ABCDE,是,,bank/TARA/BMAT_section1/papers/BMAT-2010-S1.pdf
BMAT-2010-S1-q19,BMAT-2010-S1-q19.png,BMAT,1,2010,November 2010,19,PS,Problem Solving,,217,short,,是,,bank/TARA/BMAT_section1/papers/BMAT-2010-S1.pdf
BMAT-2010-S1-q20,BMAT-2010-S1-q20.png,BMAT,1,2010,November 2010,20,PS,Problem Solving,,C,mcq,ABCDE,,,bank/TARA/BMAT_section1/papers/BMAT-2010-S1.pdf
BMAT-2010-S1-q21,BMAT-2010-S1-q21.png,BMAT,1,2010,November 2010,21,CT-draw,Critical Thinking: Drawing a Conclusion,,F,mcq,ABCDEFG,,,bank/TARA/BMAT_section1/papers/BMAT-2010-S1.pdf
BMAT-2010-S1-q22,BMAT-2010-S1-q22.png,BMAT,1,2010,November 2010,22,PS,Problem Solving,,D,mcq,ABCD,,,bank/TARA/BMAT_section1/papers/BMAT-2010-S1.pdf
BMAT-2010-S1-q23,BMAT-2010-S1-q23.png,BMAT,1,2010,November 2010,23,PS,Problem Solving,,E,mcq,ABCDEF,,,bank/TARA/BMAT_section1/papers/BMAT-2010-S1.pdf
BMAT-2010-S1-q24,BMAT-2010-S1-q24.png,BMAT,1,2010,November 2010,24,CT-assm,Critical Thinking: Identifying an Assumption,,C,mcq,ABCDE,,,bank/TARA/BMAT_section1/papers/BMAT-2010-S1.pdf
BMAT-2010-S1-q25,BMAT-2010-S1-q25.png,BMAT,1,2010,November 2010,25,PS,Problem Solving,,A,mcq,ABCDE,,,bank/TARA/BMAT_section1/papers/BMAT-2010-S1.pdf
BMAT-2010-S1-q26,BMAT-2010-S1-q26.png,BMAT,1,2010,November 2010,26,CT-main,Critical Thinking: Identifying the Main Conclusion,,A,mcq,ABCDE,,,bank/TARA/BMAT_section1/papers/BMAT-2010-S1.pdf
BMAT-2010-S1-q27,BMAT-2010-S1-q27.png,BMAT,1,2010,November 2010,27,PS,Problem Solving,,C,mcq,ABCDE,是,,bank/TARA/BMAT_section1/papers/BMAT-2010-S1.pdf
BMAT-2010-S1-q28,BMAT-2010-S1-q28.png,BMAT,1,2010,November 2010,28,CT-evid,Critical Thinking: Assessing the Impact of Additional Evidence,,A,mcq,ABCDEF,,,bank/TARA/BMAT_section1/papers/BMAT-2010-S1.pdf
BMAT-2010-S1-q29,BMAT-2010-S1-q29.png,BMAT,1,2010,November 2010,29,PS,Problem Solving,,C,mcq,ABCDEFG,,,bank/TARA/BMAT_section1/papers/BMAT-2010-S1.pdf
BMAT-2010-S1-q30,BMAT-2010-S1-q30.png,BMAT,1,2010,November 2010,30,CT-assm,Critical Thinking: Identifying an Assumption,,B,mcq,ABCD,,,bank/TARA/BMAT_section1/papers/BMAT-2010-S1.pdf
BMAT-2010-S1-q31,BMAT-2010-S1-q31.png,BMAT,1,2010,November 2010,31,PS,Problem Solving,,D,mcq,ABCDE,是,,bank/TARA/BMAT_section1/papers/BMAT-2010-S1.pdf
BMAT-2010-S1-q32,BMAT-2010-S1-q32.png,BMAT,1,2010,November 2010,32,CT-prin,Critical Thinking: Applying Principles,,C,mcq,ABCDE,是,,bank/TARA/BMAT_section1/papers/BMAT-2010-S1.pdf
BMAT-2010-S1-q33,BMAT-2010-S1-q33.png,BMAT,1,2010,November 2010,33,PS,Problem Solving,,C,mcq,ABCDE,,,bank/TARA/BMAT_section1/papers/BMAT-2010-S1.pdf
BMAT-2010-S1-q34,BMAT-2010-S1-q34.png,BMAT,1,2010,November 2010,34,PS,Problem Solving,,C,mcq,ABCDE,,,bank/TARA/BMAT_section1/papers/BMAT-2010-S1.pdf
BMAT-2010-S1-q35,BMAT-2010-S1-q35.png,BMAT,1,2010,November 2010,35,PS,Problem Solving,,B,mcq,ABCD,,,bank/TARA/BMAT_section1/papers/BMAT-2010-S1.pdf
BMAT-2011-S1-q1,BMAT-2011-S1-q1.png,BMAT,1,2011,November 2011,1,PS,Problem Solving,,D,mcq,ABCDE,是,,bank/TARA/BMAT_section1/papers/BMAT-2011-S1.pdf
BMAT-2011-S1-q2,BMAT-2011-S1-q2.png,BMAT,1,2011,November 2011,2,CT-draw,Critical Thinking: Drawing a Conclusion,,E,mcq,ABCDE,,,bank/TARA/BMAT_section1/papers/BMAT-2011-S1.pdf
BMAT-2011-S1-q3,BMAT-2011-S1-q3.png,BMAT,1,2011,November 2011,3,PS,Problem Solving,,C,mcq,ABCDE,,,bank/TARA/BMAT_section1/papers/BMAT-2011-S1.pdf
BMAT-2011-S1-q4,BMAT-2011-S1-q4.png,BMAT,1,2011,November 2011,4,CT-flaw,Critical Thinking: Detecting Reasoning Errors,,E,mcq,ABCDE,,,bank/TARA/BMAT_section1/papers/BMAT-2011-S1.pdf
BMAT-2011-S1-q5,BMAT-2011-S1-q5.png,BMAT,1,2011,November 2011,5,PS,Problem Solving,,F,mcq,ABCDEF,是,,bank/TARA/BMAT_section1/papers/BMAT-2011-S1.pdf
BMAT-2011-S1-q6,BMAT-2011-S1-q6.png,BMAT,1,2011,November 2011,6,CT-assm,Critical Thinking: Identifying an Assumption,,C,mcq,ABCD,,,bank/TARA/BMAT_section1/papers/BMAT-2011-S1.pdf
BMAT-2011-S1-q7,BMAT-2011-S1-q7.png,BMAT,1,2011,November 2011,7,PS,Problem Solving,,A,mcq,ABCDEFGH,是,,bank/TARA/BMAT_section1/papers/BMAT-2011-S1.pdf
BMAT-2011-S1-q8,BMAT-2011-S1-q8.png,BMAT,1,2011,November 2011,8,PS,Problem Solving,,D,mcq,ABCD,,,bank/TARA/BMAT_section1/papers/BMAT-2011-S1.pdf
BMAT-2011-S1-q9,BMAT-2011-S1-q9.png,BMAT,1,2011,November 2011,9,PS,Problem Solving,,C,mcq,ABCD,,,bank/TARA/BMAT_section1/papers/BMAT-2011-S1.pdf
BMAT-2011-S1-q10,BMAT-2011-S1-q10.png,BMAT,1,2011,November 2011,10,CT-assm,Critical Thinking: Identifying an Assumption,,C,mcq,ABCD,,,bank/TARA/BMAT_section1/papers/BMAT-2011-S1.pdf
BMAT-2011-S1-q11,BMAT-2011-S1-q11.png,BMAT,1,2011,November 2011,11,PS,Problem Solving,,D,mcq,ABCD,,,bank/TARA/BMAT_section1/papers/BMAT-2011-S1.pdf
BMAT-2011-S1-q12,BMAT-2011-S1-q12.png,BMAT,1,2011,November 2011,12,PS,Problem Solving,,D,mcq,ABCDEF,是,,bank/TARA/BMAT_section1/papers/BMAT-2011-S1.pdf
BMAT-2011-S1-q13,BMAT-2011-S1-q13.png,BMAT,1,2011,November 2011,13,PS,Problem Solving,,B,mcq,ABCDE,,,bank/TARA/BMAT_section1/papers/BMAT-2011-S1.pdf
BMAT-2011-S1-q14,BMAT-2011-S1-q14.png,BMAT,1,2011,November 2011,14,PS,Problem Solving,,C,mcq,ABCDE,,,bank/TARA/BMAT_section1/papers/BMAT-2011-S1.pdf
BMAT-2011-S1-q15,BMAT-2011-S1-q15.png,BMAT,1,2011,November 2011,15,CT-assm,Critical Thinking: Identifying an Assumption,,B,mcq,ABCDEFG,,,bank/TARA/BMAT_section1/papers/BMAT-2011-S1.pdf
BMAT-2011-S1-q16,BMAT-2011-S1-q16.png,BMAT,1,2011,November 2011,16,PS,Problem Solving,,D,mcq,ABCDE,,,bank/TARA/BMAT_section1/papers/BMAT-2011-S1.pdf
BMAT-2011-S1-q17,BMAT-2011-S1-q17.png,BMAT,1,2011,November 2011,17,CT-assm,Critical Thinking: Identifying an Assumption,,C,mcq,ABCDEFG,,,bank/TARA/BMAT_section1/papers/BMAT-2011-S1.pdf
BMAT-2011-S1-q18,BMAT-2011-S1-q18.png,BMAT,1,2011,November 2011,18,PS,Problem Solving,,B,mcq,ABCDE,,,bank/TARA/BMAT_section1/papers/BMAT-2011-S1.pdf
BMAT-2011-S1-q19,BMAT-2011-S1-q19.png,BMAT,1,2011,November 2011,19,PS,Problem Solving,,A,mcq,ABCDE,是,,bank/TARA/BMAT_section1/papers/BMAT-2011-S1.pdf
BMAT-2011-S1-q20,BMAT-2011-S1-q20.png,BMAT,1,2011,November 2011,20,PS,Problem Solving,,D,mcq,ABCD,,,bank/TARA/BMAT_section1/papers/BMAT-2011-S1.pdf
BMAT-2011-S1-q21,BMAT-2011-S1-q21.png,BMAT,1,2011,November 2011,21,PS,Problem Solving,,F,mcq,ABCDEF,,,bank/TARA/BMAT_section1/papers/BMAT-2011-S1.pdf
BMAT-2011-S1-q22,BMAT-2011-S1-q22.png,BMAT,1,2011,November 2011,22,PS,Problem Solving,,E,mcq,ABCDEF,,,bank/TARA/BMAT_section1/papers/BMAT-2011-S1.pdf
BMAT-2011-S1-q23,BMAT-2011-S1-q23.png,BMAT,1,2011,November 2011,23,PS,Problem Solving,,D,mcq,ABCDE,是,,bank/TARA/BMAT_section1/papers/BMAT-2011-S1.pdf
BMAT-2011-S1-q24,BMAT-2011-S1-q24.png,BMAT,1,2011,November 2011,24,PS,Problem Solving,,A,mcq,ABCDEFG,,,bank/TARA/BMAT_section1/papers/BMAT-2011-S1.pdf
BMAT-2011-S1-q25,BMAT-2011-S1-q25.png,BMAT,1,2011,November 2011,25,PS,Problem Solving,,C,mcq,ABCD,,,bank/TARA/BMAT_section1/papers/BMAT-2011-S1.pdf
BMAT-2011-S1-q26,BMAT-2011-S1-q26.png,BMAT,1,2011,November 2011,26,PS,Problem Solving,,C,mcq,ABCDE,,,bank/TARA/BMAT_section1/papers/BMAT-2011-S1.pdf
BMAT-2011-S1-q27,BMAT-2011-S1-q27.png,BMAT,1,2011,November 2011,27,PS,Problem Solving,,A,mcq,ABCDE,是,,bank/TARA/BMAT_section1/papers/BMAT-2011-S1.pdf
BMAT-2011-S1-q28,BMAT-2011-S1-q28.png,BMAT,1,2011,November 2011,28,CT-flaw,Critical Thinking: Detecting Reasoning Errors,,C,mcq,ABCDE,,,bank/TARA/BMAT_section1/papers/BMAT-2011-S1.pdf
BMAT-2011-S1-q29,BMAT-2011-S1-q29.png,BMAT,1,2011,November 2011,29,PS,Problem Solving,,D,mcq,ABCDE,,,bank/TARA/BMAT_section1/papers/BMAT-2011-S1.pdf
BMAT-2011-S1-q30,BMAT-2011-S1-q30.png,BMAT,1,2011,November 2011,30,CT-draw,Critical Thinking: Drawing a Conclusion,,B,mcq,ABCD,,,bank/TARA/BMAT_section1/papers/BMAT-2011-S1.pdf
BMAT-2011-S1-q31,BMAT-2011-S1-q31.png,BMAT,1,2011,November 2011,31,PS,Problem Solving,,C,mcq,ABCDEF,是,,bank/TARA/BMAT_section1/papers/BMAT-2011-S1.pdf
BMAT-2011-S1-q32,BMAT-2011-S1-q32.png,BMAT,1,2011,November 2011,32,PS,Problem Solving,,C,mcq,ABCD,是,,bank/TARA/BMAT_section1/papers/BMAT-2011-S1.pdf
BMAT-2011-S1-q33,BMAT-2011-S1-q33.png,BMAT,1,2011,November 2011,33,PS,Problem Solving,,D,mcq,ABCDE,,,bank/TARA/BMAT_section1/papers/BMAT-2011-S1.pdf
BMAT-2011-S1-q34,BMAT-2011-S1-q34.png,BMAT,1,2011,November 2011,34,PS,Problem Solving,,C,mcq,ABCD,是,,bank/TARA/BMAT_section1/papers/BMAT-2011-S1.pdf
BMAT-2011-S1-q35,BMAT-2011-S1-q35.png,BMAT,1,2011,November 2011,35,PS,Problem Solving,,C,mcq,ABCD,,,bank/TARA/BMAT_section1/papers/BMAT-2011-S1.pdf
BMAT-2012-S1-q1,BMAT-2012-S1-q1.png,BMAT,1,2012,November 2012,1,PS,Problem Solving,,D,mcq,ABCDEF,,,bank/TARA/BMAT_section1/papers/BMAT-2012-S1.pdf
BMAT-2012-S1-q2,BMAT-2012-S1-q2.png,BMAT,1,2012,November 2012,2,CT-main,Critical Thinking: Identifying the Main Conclusion,,C,mcq,ABCDE,,,bank/TARA/BMAT_section1/papers/BMAT-2012-S1.pdf
BMAT-2012-S1-q3,BMAT-2012-S1-q3.png,BMAT,1,2012,November 2012,3,PS,Problem Solving,,F,mcq,ABCDEF,是,,bank/TARA/BMAT_section1/papers/BMAT-2012-S1.pdf
BMAT-2012-S1-q4,BMAT-2012-S1-q4.png,BMAT,1,2012,November 2012,4,CT-draw,Critical Thinking: Drawing a Conclusion,,B,mcq,ABCD,,,bank/TARA/BMAT_section1/papers/BMAT-2012-S1.pdf
BMAT-2012-S1-q5,BMAT-2012-S1-q5.png,BMAT,1,2012,November 2012,5,PS,Problem Solving,,E,mcq,ABCDE,是,,bank/TARA/BMAT_section1/papers/BMAT-2012-S1.pdf
BMAT-2012-S1-q6,BMAT-2012-S1-q6.png,BMAT,1,2012,November 2012,6,CT-flaw,Critical Thinking: Detecting Reasoning Errors,,E,mcq,ABCDE,,,bank/TARA/BMAT_section1/papers/BMAT-2012-S1.pdf
BMAT-2012-S1-q7,BMAT-2012-S1-q7.png,BMAT,1,2012,November 2012,7,PS,Problem Solving,,A,mcq,ABCDE,是,,bank/TARA/BMAT_section1/papers/BMAT-2012-S1.pdf
BMAT-2012-S1-q8,BMAT-2012-S1-q8.png,BMAT,1,2012,November 2012,8,PS,Problem Solving,,C,mcq,ABCDE,,,bank/TARA/BMAT_section1/papers/BMAT-2012-S1.pdf
BMAT-2012-S1-q9,BMAT-2012-S1-q9.png,BMAT,1,2012,November 2012,9,PS,Problem Solving,,D,mcq,ABCDE,,,bank/TARA/BMAT_section1/papers/BMAT-2012-S1.pdf
BMAT-2012-S1-q10,BMAT-2012-S1-q10.png,BMAT,1,2012,November 2012,10,PS,Problem Solving,,B,mcq,ABCDE,,,bank/TARA/BMAT_section1/papers/BMAT-2012-S1.pdf
BMAT-2012-S1-q11,BMAT-2012-S1-q11.png,BMAT,1,2012,November 2012,11,PS,Problem Solving,,E,mcq,ABCDE,,,bank/TARA/BMAT_section1/papers/BMAT-2012-S1.pdf
BMAT-2012-S1-q12,BMAT-2012-S1-q12.png,BMAT,1,2012,November 2012,12,PS,Problem Solving,,B,mcq,ABCDE,,,bank/TARA/BMAT_section1/papers/BMAT-2012-S1.pdf
BMAT-2012-S1-q13,BMAT-2012-S1-q13.png,BMAT,1,2012,November 2012,13,CT-draw,Critical Thinking: Drawing a Conclusion,,D,mcq,ABCD,,,bank/TARA/BMAT_section1/papers/BMAT-2012-S1.pdf
BMAT-2012-S1-q14,BMAT-2012-S1-q14.png,BMAT,1,2012,November 2012,14,PS,Problem Solving,,D,mcq,ABCDE,是,,bank/TARA/BMAT_section1/papers/BMAT-2012-S1.pdf
BMAT-2012-S1-q15,BMAT-2012-S1-q15.png,BMAT,1,2012,November 2012,15,CT-evid,Critical Thinking: Assessing the Impact of Additional Evidence,,C,mcq,ABCDE,,,bank/TARA/BMAT_section1/papers/BMAT-2012-S1.pdf
BMAT-2012-S1-q16,BMAT-2012-S1-q16.png,BMAT,1,2012,November 2012,16,PS,Problem Solving,,C,mcq,ABCDEF,是,,bank/TARA/BMAT_section1/papers/BMAT-2012-S1.pdf
BMAT-2012-S1-q17,BMAT-2012-S1-q17.png,BMAT,1,2012,November 2012,17,CT-draw,Critical Thinking: Drawing a Conclusion,,G,mcq,ABCDEFG,,,bank/TARA/BMAT_section1/papers/BMAT-2012-S1.pdf
BMAT-2012-S1-q18,BMAT-2012-S1-q18.png,BMAT,1,2012,November 2012,18,PS,Problem Solving,,A,mcq,ABCDE,,,bank/TARA/BMAT_section1/papers/BMAT-2012-S1.pdf
BMAT-2012-S1-q19,BMAT-2012-S1-q19.png,BMAT,1,2012,November 2012,19,PS,Problem Solving,,B,mcq,ABCD,,,bank/TARA/BMAT_section1/papers/BMAT-2012-S1.pdf
BMAT-2012-S1-q20,BMAT-2012-S1-q20.png,BMAT,1,2012,November 2012,20,PS,Problem Solving,,D,mcq,ABCD,是,,bank/TARA/BMAT_section1/papers/BMAT-2012-S1.pdf
BMAT-2012-S1-q21,BMAT-2012-S1-q21.png,BMAT,1,2012,November 2012,21,PS,Problem Solving,,B,mcq,ABCD,,,bank/TARA/BMAT_section1/papers/BMAT-2012-S1.pdf
BMAT-2012-S1-q22,BMAT-2012-S1-q22.png,BMAT,1,2012,November 2012,22,PS,Problem Solving,,A,mcq,ABCDE,,,bank/TARA/BMAT_section1/papers/BMAT-2012-S1.pdf
BMAT-2012-S1-q23,BMAT-2012-S1-q23.png,BMAT,1,2012,November 2012,23,PS,Problem Solving,,B,mcq,ABCDE,是,,bank/TARA/BMAT_section1/papers/BMAT-2012-S1.pdf
BMAT-2012-S1-q24,BMAT-2012-S1-q24.png,BMAT,1,2012,November 2012,24,CT-evid,Critical Thinking: Assessing the Impact of Additional Evidence,,E,mcq,ABCDE,,,bank/TARA/BMAT_section1/papers/BMAT-2012-S1.pdf
BMAT-2012-S1-q25,BMAT-2012-S1-q25.png,BMAT,1,2012,November 2012,25,PS,Problem Solving,,C,mcq,ABCDEF,是,,bank/TARA/BMAT_section1/papers/BMAT-2012-S1.pdf
BMAT-2012-S1-q26,BMAT-2012-S1-q26.png,BMAT,1,2012,November 2012,26,CT-flaw,Critical Thinking: Detecting Reasoning Errors,,D,mcq,ABCD,,,bank/TARA/BMAT_section1/papers/BMAT-2012-S1.pdf
BMAT-2012-S1-q27,BMAT-2012-S1-q27.png,BMAT,1,2012,November 2012,27,PS,Problem Solving,,C,mcq,ABCDE,,,bank/TARA/BMAT_section1/papers/BMAT-2012-S1.pdf
BMAT-2012-S1-q28,BMAT-2012-S1-q28.png,BMAT,1,2012,November 2012,28,PS,Problem Solving,,G,mcq,ABCDEFG,,,bank/TARA/BMAT_section1/papers/BMAT-2012-S1.pdf
BMAT-2012-S1-q29,BMAT-2012-S1-q29.png,BMAT,1,2012,November 2012,29,PS,Problem Solving,,C,mcq,ABCDE,,,bank/TARA/BMAT_section1/papers/BMAT-2012-S1.pdf
BMAT-2012-S1-q30,BMAT-2012-S1-q30.png,BMAT,1,2012,November 2012,30,CT-assm,Critical Thinking: Identifying an Assumption,,C,mcq,ABCDEFG,,,bank/TARA/BMAT_section1/papers/BMAT-2012-S1.pdf
BMAT-2012-S1-q31,BMAT-2012-S1-q31.png,BMAT,1,2012,November 2012,31,PS,Problem Solving,,C,mcq,ABCDE,,,bank/TARA/BMAT_section1/papers/BMAT-2012-S1.pdf
BMAT-2012-S1-q32,BMAT-2012-S1-q32.png,BMAT,1,2012,November 2012,32,PS,Problem Solving,,A,mcq,ABCDE,,,bank/TARA/BMAT_section1/papers/BMAT-2012-S1.pdf
BMAT-2012-S1-q33,BMAT-2012-S1-q33.png,BMAT,1,2012,November 2012,33,CT-evid,Critical Thinking: Assessing the Impact of Additional Evidence,,D,mcq,ABCDE,,,bank/TARA/BMAT_section1/papers/BMAT-2012-S1.pdf
BMAT-2012-S1-q34,BMAT-2012-S1-q34.png,BMAT,1,2012,November 2012,34,PS,Problem Solving,,C,mcq,ABCDE,,,bank/TARA/BMAT_section1/papers/BMAT-2012-S1.pdf
BMAT-2012-S1-q35,BMAT-2012-S1-q35.png,BMAT,1,2012,November 2012,35,PS,Problem Solving,,A,mcq,ABCDE,,,bank/TARA/BMAT_section1/papers/BMAT-2012-S1.pdf
BMAT-2013-S1-q1,BMAT-2013-S1-q1.png,BMAT,1,2013,November 2013,1,PS,Problem Solving,,A,mcq,ABCDE,,,bank/TARA/BMAT_section1/papers/BMAT-2013-S1.pdf
BMAT-2013-S1-q2,BMAT-2013-S1-q2.png,BMAT,1,2013,November 2013,2,CT-draw,Critical Thinking: Drawing a Conclusion,,C,mcq,ABCD,,,bank/TARA/BMAT_section1/papers/BMAT-2013-S1.pdf
BMAT-2013-S1-q3,BMAT-2013-S1-q3.png,BMAT,1,2013,November 2013,3,PS,Problem Solving,,C,mcq,ABCDEF,,,bank/TARA/BMAT_section1/papers/BMAT-2013-S1.pdf
BMAT-2013-S1-q4,BMAT-2013-S1-q4.png,BMAT,1,2013,November 2013,4,CT-main,Critical Thinking: Identifying the Main Conclusion,,C,mcq,ABCDE,,,bank/TARA/BMAT_section1/papers/BMAT-2013-S1.pdf
BMAT-2013-S1-q5,BMAT-2013-S1-q5.png,BMAT,1,2013,November 2013,5,PS,Problem Solving,,D,mcq,ABCDEF,,,bank/TARA/BMAT_section1/papers/BMAT-2013-S1.pdf
BMAT-2013-S1-q6,BMAT-2013-S1-q6.png,BMAT,1,2013,November 2013,6,PS,Problem Solving,,C,mcq,ABCDE,,,bank/TARA/BMAT_section1/papers/BMAT-2013-S1.pdf
BMAT-2013-S1-q7,BMAT-2013-S1-q7.png,BMAT,1,2013,November 2013,7,PS,Problem Solving,,A,mcq,ABCDE,,,bank/TARA/BMAT_section1/papers/BMAT-2013-S1.pdf
BMAT-2013-S1-q8,BMAT-2013-S1-q8.png,BMAT,1,2013,November 2013,8,CT-prin,Critical Thinking: Applying Principles,,D,mcq,ABCD,,,bank/TARA/BMAT_section1/papers/BMAT-2013-S1.pdf
BMAT-2013-S1-q9,BMAT-2013-S1-q9.png,BMAT,1,2013,November 2013,9,PS,Problem Solving,,A,mcq,ABCD,,,bank/TARA/BMAT_section1/papers/BMAT-2013-S1.pdf
BMAT-2013-S1-q10,BMAT-2013-S1-q10.png,BMAT,1,2013,November 2013,10,CT-assm,Critical Thinking: Identifying an Assumption,,D,mcq,ABCD,,,bank/TARA/BMAT_section1/papers/BMAT-2013-S1.pdf
BMAT-2013-S1-q11,BMAT-2013-S1-q11.png,BMAT,1,2013,November 2013,11,PS,Problem Solving,,B,mcq,ABCDE,,,bank/TARA/BMAT_section1/papers/BMAT-2013-S1.pdf
BMAT-2013-S1-q12,BMAT-2013-S1-q12.png,BMAT,1,2013,November 2013,12,PS,Problem Solving,,B,mcq,ABCDE,是,,bank/TARA/BMAT_section1/papers/BMAT-2013-S1.pdf
BMAT-2013-S1-q13,BMAT-2013-S1-q13.png,BMAT,1,2013,November 2013,13,CT-prin,Critical Thinking: Applying Principles,,D,mcq,ABCDE,,,bank/TARA/BMAT_section1/papers/BMAT-2013-S1.pdf
BMAT-2013-S1-q14,BMAT-2013-S1-q14.png,BMAT,1,2013,November 2013,14,PS,Problem Solving,,B,mcq,ABCDEF,,,bank/TARA/BMAT_section1/papers/BMAT-2013-S1.pdf
BMAT-2013-S1-q15,BMAT-2013-S1-q15.png,BMAT,1,2013,November 2013,15,CT-evid,Critical Thinking: Assessing the Impact of Additional Evidence,,B,mcq,ABCD,,,bank/TARA/BMAT_section1/papers/BMAT-2013-S1.pdf
BMAT-2013-S1-q16,BMAT-2013-S1-q16.png,BMAT,1,2013,November 2013,16,PS,Problem Solving,,C,mcq,ABCDEFG,,,bank/TARA/BMAT_section1/papers/BMAT-2013-S1.pdf
BMAT-2013-S1-q17,BMAT-2013-S1-q17.png,BMAT,1,2013,November 2013,17,PS,Problem Solving,,D,mcq,ABCDEF,,,bank/TARA/BMAT_section1/papers/BMAT-2013-S1.pdf
BMAT-2013-S1-q18,BMAT-2013-S1-q18.png,BMAT,1,2013,November 2013,18,PS,Problem Solving,,B,mcq,ABCDE,是,,bank/TARA/BMAT_section1/papers/BMAT-2013-S1.pdf
BMAT-2013-S1-q19,BMAT-2013-S1-q19.png,BMAT,1,2013,November 2013,19,PS,Problem Solving,,B,mcq,ABCDE,是,,bank/TARA/BMAT_section1/papers/BMAT-2013-S1.pdf
BMAT-2013-S1-q20,BMAT-2013-S1-q20.png,BMAT,1,2013,November 2013,20,PS,Problem Solving,,C,mcq,ABCDE,,,bank/TARA/BMAT_section1/papers/BMAT-2013-S1.pdf
BMAT-2013-S1-q21,BMAT-2013-S1-q21.png,BMAT,1,2013,November 2013,21,PS,Problem Solving,,A,mcq,ABCDE,是,,bank/TARA/BMAT_section1/papers/BMAT-2013-S1.pdf
BMAT-2013-S1-q22,BMAT-2013-S1-q22.png,BMAT,1,2013,November 2013,22,PS,Problem Solving,,B,mcq,ABCD,是,,bank/TARA/BMAT_section1/papers/BMAT-2013-S1.pdf
BMAT-2013-S1-q23,BMAT-2013-S1-q23.png,BMAT,1,2013,November 2013,23,PS,Problem Solving,,D,mcq,ABCDE,是,,bank/TARA/BMAT_section1/papers/BMAT-2013-S1.pdf
BMAT-2013-S1-q24,BMAT-2013-S1-q24.png,BMAT,1,2013,November 2013,24,CT-evid,Critical Thinking: Assessing the Impact of Additional Evidence,,B,mcq,ABCD,,,bank/TARA/BMAT_section1/papers/BMAT-2013-S1.pdf
BMAT-2013-S1-q25,BMAT-2013-S1-q25.png,BMAT,1,2013,November 2013,25,PS,Problem Solving,,B,mcq,ABCDEF,,,bank/TARA/BMAT_section1/papers/BMAT-2013-S1.pdf
BMAT-2013-S1-q26,BMAT-2013-S1-q26.png,BMAT,1,2013,November 2013,26,PS,Problem Solving,,A,mcq,ABCDE,是,,bank/TARA/BMAT_section1/papers/BMAT-2013-S1.pdf
BMAT-2013-S1-q27,BMAT-2013-S1-q27.png,BMAT,1,2013,November 2013,27,PS,Problem Solving,,C,mcq,ABCDE,,,bank/TARA/BMAT_section1/papers/BMAT-2013-S1.pdf
BMAT-2013-S1-q28,BMAT-2013-S1-q28.png,BMAT,1,2013,November 2013,28,CT-prin,Critical Thinking: Applying Principles,,D,mcq,ABCD,,,bank/TARA/BMAT_section1/papers/BMAT-2013-S1.pdf
BMAT-2013-S1-q29,BMAT-2013-S1-q29.png,BMAT,1,2013,November 2013,29,PS,Problem Solving,,E,mcq,ABCDEF,是,,bank/TARA/BMAT_section1/papers/BMAT-2013-S1.pdf
BMAT-2013-S1-q30,BMAT-2013-S1-q30.png,BMAT,1,2013,November 2013,30,CT-assm,Critical Thinking: Identifying an Assumption,,D,mcq,ABCDEF,,,bank/TARA/BMAT_section1/papers/BMAT-2013-S1.pdf
BMAT-2013-S1-q31,BMAT-2013-S1-q31.png,BMAT,1,2013,November 2013,31,PS,Problem Solving,,A,mcq,ABCDE,是,,bank/TARA/BMAT_section1/papers/BMAT-2013-S1.pdf
BMAT-2013-S1-q32,BMAT-2013-S1-q32.png,BMAT,1,2013,November 2013,32,PS,Problem Solving,,B,mcq,ABCDE,,,bank/TARA/BMAT_section1/papers/BMAT-2013-S1.pdf
BMAT-2013-S1-q33,BMAT-2013-S1-q33.png,BMAT,1,2013,November 2013,33,PS,Problem Solving,,A,mcq,ABCDE,,,bank/TARA/BMAT_section1/papers/BMAT-2013-S1.pdf
BMAT-2013-S1-q34,BMAT-2013-S1-q34.png,BMAT,1,2013,November 2013,34,PS,Problem Solving,,B,mcq,ABCD,,,bank/TARA/BMAT_section1/papers/BMAT-2013-S1.pdf
BMAT-2013-S1-q35,BMAT-2013-S1-q35.png,BMAT,1,2013,November 2013,35,CT-evid,Critical Thinking: Assessing the Impact of Additional Evidence,,C,mcq,ABCDE,,,bank/TARA/BMAT_section1/papers/BMAT-2013-S1.pdf
BMAT-2014-S1-q1,BMAT-2014-S1-q1.png,BMAT,1,2014,November 2014,1,PS,Problem Solving,,D,mcq,ABCDE,,,bank/TARA/BMAT_section1/papers/BMAT-2014-S1.pdf
BMAT-2014-S1-q2,BMAT-2014-S1-q2.png,BMAT,1,2014,November 2014,2,PS,Problem Solving,,C,mcq,ABCDE,,,bank/TARA/BMAT_section1/papers/BMAT-2014-S1.pdf
BMAT-2014-S1-q3,BMAT-2014-S1-q3.png,BMAT,1,2014,November 2014,3,PS,Problem Solving,,E,mcq,ABCDE,,,bank/TARA/BMAT_section1/papers/BMAT-2014-S1.pdf
BMAT-2014-S1-q4,BMAT-2014-S1-q4.png,BMAT,1,2014,November 2014,4,CT-draw,Critical Thinking: Drawing a Conclusion,,B,mcq,ABCD,,,bank/TARA/BMAT_section1/papers/BMAT-2014-S1.pdf
BMAT-2014-S1-q5,BMAT-2014-S1-q5.png,BMAT,1,2014,November 2014,5,PS,Problem Solving,,G,mcq,ABCDEFG,是,,bank/TARA/BMAT_section1/papers/BMAT-2014-S1.pdf
BMAT-2014-S1-q6,BMAT-2014-S1-q6.png,BMAT,1,2014,November 2014,6,CT-flaw,Critical Thinking: Detecting Reasoning Errors,,B,mcq,ABCD,,,bank/TARA/BMAT_section1/papers/BMAT-2014-S1.pdf
BMAT-2014-S1-q7,BMAT-2014-S1-q7.png,BMAT,1,2014,November 2014,7,PS,Problem Solving,,E,mcq,ABCDEF,,,bank/TARA/BMAT_section1/papers/BMAT-2014-S1.pdf
BMAT-2014-S1-q8,BMAT-2014-S1-q8.png,BMAT,1,2014,November 2014,8,PS,Problem Solving,,B,mcq,ABCDE,,,bank/TARA/BMAT_section1/papers/BMAT-2014-S1.pdf
BMAT-2014-S1-q9,BMAT-2014-S1-q9.png,BMAT,1,2014,November 2014,9,PS,Problem Solving,,C,mcq,ABCD,,,bank/TARA/BMAT_section1/papers/BMAT-2014-S1.pdf
BMAT-2014-S1-q10,BMAT-2014-S1-q10.png,BMAT,1,2014,November 2014,10,CT-evid,Critical Thinking: Assessing the Impact of Additional Evidence,,D,mcq,ABCD,,,bank/TARA/BMAT_section1/papers/BMAT-2014-S1.pdf
BMAT-2014-S1-q11,BMAT-2014-S1-q11.png,BMAT,1,2014,November 2014,11,PS,Problem Solving,,E,mcq,ABCDE,,,bank/TARA/BMAT_section1/papers/BMAT-2014-S1.pdf
BMAT-2014-S1-q12,BMAT-2014-S1-q12.png,BMAT,1,2014,November 2014,12,PS,Problem Solving,,D,mcq,ABCDE,,,bank/TARA/BMAT_section1/papers/BMAT-2014-S1.pdf
BMAT-2014-S1-q13,BMAT-2014-S1-q13.png,BMAT,1,2014,November 2014,13,CT-draw,Critical Thinking: Drawing a Conclusion,,E,mcq,ABCDE,,,bank/TARA/BMAT_section1/papers/BMAT-2014-S1.pdf
BMAT-2014-S1-q14,BMAT-2014-S1-q14.png,BMAT,1,2014,November 2014,14,PS,Problem Solving,,F,mcq,ABCDEF,是,,bank/TARA/BMAT_section1/papers/BMAT-2014-S1.pdf
BMAT-2014-S1-q15,BMAT-2014-S1-q15.png,BMAT,1,2014,November 2014,15,CT-assm,Critical Thinking: Identifying an Assumption,,A,mcq,ABCD,,,bank/TARA/BMAT_section1/papers/BMAT-2014-S1.pdf
BMAT-2014-S1-q16,BMAT-2014-S1-q16.png,BMAT,1,2014,November 2014,16,PS,Problem Solving,,D,mcq,ABCDE,,,bank/TARA/BMAT_section1/papers/BMAT-2014-S1.pdf
BMAT-2014-S1-q17,BMAT-2014-S1-q17.png,BMAT,1,2014,November 2014,17,CT-flaw,Critical Thinking: Detecting Reasoning Errors,,D,mcq,ABCDE,,,bank/TARA/BMAT_section1/papers/BMAT-2014-S1.pdf
BMAT-2014-S1-q18,BMAT-2014-S1-q18.png,BMAT,1,2014,November 2014,18,PS,Problem Solving,,C,mcq,ABCD,,,bank/TARA/BMAT_section1/papers/BMAT-2014-S1.pdf
BMAT-2014-S1-q19,BMAT-2014-S1-q19.png,BMAT,1,2014,November 2014,19,PS,Problem Solving,,F,mcq,ABCDEFGH,,,bank/TARA/BMAT_section1/papers/BMAT-2014-S1.pdf
BMAT-2014-S1-q20,BMAT-2014-S1-q20.png,BMAT,1,2014,November 2014,20,PS,Problem Solving,,C,mcq,ABCDE,,,bank/TARA/BMAT_section1/papers/BMAT-2014-S1.pdf
BMAT-2014-S1-q21,BMAT-2014-S1-q21.png,BMAT,1,2014,November 2014,21,CT-assm,Critical Thinking: Identifying an Assumption,,C,mcq,ABCD,,,bank/TARA/BMAT_section1/papers/BMAT-2014-S1.pdf
BMAT-2014-S1-q22,BMAT-2014-S1-q22.png,BMAT,1,2014,November 2014,22,PS,Problem Solving,,C,mcq,ABCD,,,bank/TARA/BMAT_section1/papers/BMAT-2014-S1.pdf
BMAT-2014-S1-q23,BMAT-2014-S1-q23.png,BMAT,1,2014,November 2014,23,PS,Problem Solving,,D,mcq,ABCDE,,,bank/TARA/BMAT_section1/papers/BMAT-2014-S1.pdf
BMAT-2014-S1-q24,BMAT-2014-S1-q24.png,BMAT,1,2014,November 2014,24,PS,Problem Solving,,B,mcq,ABCD,,,bank/TARA/BMAT_section1/papers/BMAT-2014-S1.pdf
BMAT-2014-S1-q25,BMAT-2014-S1-q25.png,BMAT,1,2014,November 2014,25,PS,Problem Solving,,B,mcq,ABCD,,,bank/TARA/BMAT_section1/papers/BMAT-2014-S1.pdf
BMAT-2014-S1-q26,BMAT-2014-S1-q26.png,BMAT,1,2014,November 2014,26,CT-evid,Critical Thinking: Assessing the Impact of Additional Evidence,,D,mcq,ABCDE,,,bank/TARA/BMAT_section1/papers/BMAT-2014-S1.pdf
BMAT-2014-S1-q27,BMAT-2014-S1-q27.png,BMAT,1,2014,November 2014,27,CT-draw,Critical Thinking: Drawing a Conclusion,,E,mcq,ABCDEF,,,bank/TARA/BMAT_section1/papers/BMAT-2014-S1.pdf
BMAT-2014-S1-q28,BMAT-2014-S1-q28.png,BMAT,1,2014,November 2014,28,PS,Problem Solving,,A,mcq,ABCDE,是,,bank/TARA/BMAT_section1/papers/BMAT-2014-S1.pdf
BMAT-2014-S1-q29,BMAT-2014-S1-q29.png,BMAT,1,2014,November 2014,29,PS,Problem Solving,,E,mcq,ABCDEFG,,,bank/TARA/BMAT_section1/papers/BMAT-2014-S1.pdf
BMAT-2014-S1-q30,BMAT-2014-S1-q30.png,BMAT,1,2014,November 2014,30,PS,Problem Solving,,D,mcq,ABCDE,是,,bank/TARA/BMAT_section1/papers/BMAT-2014-S1.pdf
BMAT-2014-S1-q31,BMAT-2014-S1-q31.png,BMAT,1,2014,November 2014,31,PS,Problem Solving,,C,mcq,ABCDEF,是,,bank/TARA/BMAT_section1/papers/BMAT-2014-S1.pdf
BMAT-2014-S1-q32,BMAT-2014-S1-q32.png,BMAT,1,2014,November 2014,32,PS,Problem Solving,,D,mcq,ABCDE,,,bank/TARA/BMAT_section1/papers/BMAT-2014-S1.pdf
BMAT-2014-S1-q33,BMAT-2014-S1-q33.png,BMAT,1,2014,November 2014,33,PS,Problem Solving,,C,mcq,ABCDE,,,bank/TARA/BMAT_section1/papers/BMAT-2014-S1.pdf
BMAT-2014-S1-q34,BMAT-2014-S1-q34.png,BMAT,1,2014,November 2014,34,PS,Problem Solving,,C,mcq,ABCD,,,bank/TARA/BMAT_section1/papers/BMAT-2014-S1.pdf
BMAT-2014-S1-q35,BMAT-2014-S1-q35.png,BMAT,1,2014,November 2014,35,PS,Problem Solving,,B,mcq,ABCDE,,,bank/TARA/BMAT_section1/papers/BMAT-2014-S1.pdf
BMAT-2015-S1-q1,BMAT-2015-S1-q1.png,BMAT,1,2015,November 2015,1,PS,Problem Solving,,D,mcq,ABCDE,,,bank/TARA/BMAT_section1/papers/BMAT-2015-S1.pdf
BMAT-2015-S1-q2,BMAT-2015-S1-q2.png,BMAT,1,2015,November 2015,2,CT-draw,Critical Thinking: Drawing a Conclusion,,E,mcq,ABCDE,,,bank/TARA/BMAT_section1/papers/BMAT-2015-S1.pdf
BMAT-2015-S1-q3,BMAT-2015-S1-q3.png,BMAT,1,2015,November 2015,3,PS,Problem Solving,,A,mcq,ABCDEFG,,,bank/TARA/BMAT_section1/papers/BMAT-2015-S1.pdf
BMAT-2015-S1-q4,BMAT-2015-S1-q4.png,BMAT,1,2015,November 2015,4,CT-flaw,Critical Thinking: Detecting Reasoning Errors,,A,mcq,ABCDE,,,bank/TARA/BMAT_section1/papers/BMAT-2015-S1.pdf
BMAT-2015-S1-q5,BMAT-2015-S1-q5.png,BMAT,1,2015,November 2015,5,PS,Problem Solving,,D,mcq,ABCDEF,,,bank/TARA/BMAT_section1/papers/BMAT-2015-S1.pdf
BMAT-2015-S1-q6,BMAT-2015-S1-q6.png,BMAT,1,2015,November 2015,6,CT-main,Critical Thinking: Identifying the Main Conclusion,,C,mcq,ABCDE,,,bank/TARA/BMAT_section1/papers/BMAT-2015-S1.pdf
BMAT-2015-S1-q7,BMAT-2015-S1-q7.png,BMAT,1,2015,November 2015,7,PS,Problem Solving,,C,mcq,ABCDEFG,,,bank/TARA/BMAT_section1/papers/BMAT-2015-S1.pdf
BMAT-2015-S1-q8,BMAT-2015-S1-q8.png,BMAT,1,2015,November 2015,8,CT-draw,Critical Thinking: Drawing a Conclusion,,B,mcq,ABCDE,,,bank/TARA/BMAT_section1/papers/BMAT-2015-S1.pdf
BMAT-2015-S1-q9,BMAT-2015-S1-q9.png,BMAT,1,2015,November 2015,9,PS,Problem Solving,,D,mcq,ABCDEF,,,bank/TARA/BMAT_section1/papers/BMAT-2015-S1.pdf
BMAT-2015-S1-q10,BMAT-2015-S1-q10.png,BMAT,1,2015,November 2015,10,PS,Problem Solving,,A,mcq,ABCD,,,bank/TARA/BMAT_section1/papers/BMAT-2015-S1.pdf
BMAT-2015-S1-q11,BMAT-2015-S1-q11.png,BMAT,1,2015,November 2015,11,CT-evid,Critical Thinking: Assessing the Impact of Additional Evidence,,E,mcq,ABCDE,,,bank/TARA/BMAT_section1/papers/BMAT-2015-S1.pdf
BMAT-2015-S1-q12,BMAT-2015-S1-q12.png,BMAT,1,2015,November 2015,12,PS,Problem Solving,,D,mcq,ABCDE,,,bank/TARA/BMAT_section1/papers/BMAT-2015-S1.pdf
BMAT-2015-S1-q13,BMAT-2015-S1-q13.png,BMAT,1,2015,November 2015,13,CT-assm,Critical Thinking: Identifying an Assumption,,D,mcq,ABCDE,,,bank/TARA/BMAT_section1/papers/BMAT-2015-S1.pdf
BMAT-2015-S1-q14,BMAT-2015-S1-q14.png,BMAT,1,2015,November 2015,14,PS,Problem Solving,,B,mcq,ABCDE,,,bank/TARA/BMAT_section1/papers/BMAT-2015-S1.pdf
BMAT-2015-S1-q15,BMAT-2015-S1-q15.png,BMAT,1,2015,November 2015,15,CT-draw,Critical Thinking: Drawing a Conclusion,,A,mcq,ABCDE,,,bank/TARA/BMAT_section1/papers/BMAT-2015-S1.pdf
BMAT-2015-S1-q16,BMAT-2015-S1-q16.png,BMAT,1,2015,November 2015,16,PS,Problem Solving,,D,mcq,ABCDEFGH,,,bank/TARA/BMAT_section1/papers/BMAT-2015-S1.pdf
BMAT-2015-S1-q17,BMAT-2015-S1-q17.png,BMAT,1,2015,November 2015,17,CT-flaw,Critical Thinking: Detecting Reasoning Errors,,A,mcq,ABCDE,,,bank/TARA/BMAT_section1/papers/BMAT-2015-S1.pdf
BMAT-2015-S1-q18,BMAT-2015-S1-q18.png,BMAT,1,2015,November 2015,18,PS,Problem Solving,,E,mcq,ABCDEF,是,,bank/TARA/BMAT_section1/papers/BMAT-2015-S1.pdf
BMAT-2015-S1-q19,BMAT-2015-S1-q19.png,BMAT,1,2015,November 2015,19,PS,Problem Solving,,C,mcq,ABCDE,,,bank/TARA/BMAT_section1/papers/BMAT-2015-S1.pdf
BMAT-2015-S1-q20,BMAT-2015-S1-q20.png,BMAT,1,2015,November 2015,20,PS,Problem Solving,,C,mcq,ABCDE,,,bank/TARA/BMAT_section1/papers/BMAT-2015-S1.pdf
BMAT-2015-S1-q21,BMAT-2015-S1-q21.png,BMAT,1,2015,November 2015,21,PS,Problem Solving,,C,mcq,ABCDEFG,,,bank/TARA/BMAT_section1/papers/BMAT-2015-S1.pdf
BMAT-2015-S1-q22,BMAT-2015-S1-q22.png,BMAT,1,2015,November 2015,22,CT-evid,Critical Thinking: Assessing the Impact of Additional Evidence,,A,mcq,ABCDE,,,bank/TARA/BMAT_section1/papers/BMAT-2015-S1.pdf
BMAT-2015-S1-q23,BMAT-2015-S1-q23.png,BMAT,1,2015,November 2015,23,PS,Problem Solving,,E,mcq,ABCDEF,是,,bank/TARA/BMAT_section1/papers/BMAT-2015-S1.pdf
BMAT-2015-S1-q24,BMAT-2015-S1-q24.png,BMAT,1,2015,November 2015,24,CT-evid,Critical Thinking: Assessing the Impact of Additional Evidence,,B,mcq,ABCD,,,bank/TARA/BMAT_section1/papers/BMAT-2015-S1.pdf
BMAT-2015-S1-q25,BMAT-2015-S1-q25.png,BMAT,1,2015,November 2015,25,PS,Problem Solving,,F,mcq,ABCDEFG,,,bank/TARA/BMAT_section1/papers/BMAT-2015-S1.pdf
BMAT-2015-S1-q26,BMAT-2015-S1-q26.png,BMAT,1,2015,November 2015,26,CT-assm,Critical Thinking: Identifying an Assumption,,C,mcq,ABCDE,,,bank/TARA/BMAT_section1/papers/BMAT-2015-S1.pdf
BMAT-2015-S1-q27,BMAT-2015-S1-q27.png,BMAT,1,2015,November 2015,27,PS,Problem Solving,,C,mcq,ABCDE,,,bank/TARA/BMAT_section1/papers/BMAT-2015-S1.pdf
BMAT-2015-S1-q28,BMAT-2015-S1-q28.png,BMAT,1,2015,November 2015,28,CT-evid,Critical Thinking: Assessing the Impact of Additional Evidence,,A,mcq,ABCDE,,,bank/TARA/BMAT_section1/papers/BMAT-2015-S1.pdf
BMAT-2015-S1-q29,BMAT-2015-S1-q29.png,BMAT,1,2015,November 2015,29,PS,Problem Solving,,A,mcq,ABCD,,,bank/TARA/BMAT_section1/papers/BMAT-2015-S1.pdf
BMAT-2015-S1-q30,BMAT-2015-S1-q30.png,BMAT,1,2015,November 2015,30,CT-evid,Critical Thinking: Assessing the Impact of Additional Evidence,,D,mcq,ABCDE,,,bank/TARA/BMAT_section1/papers/BMAT-2015-S1.pdf
BMAT-2015-S1-q31,BMAT-2015-S1-q31.png,BMAT,1,2015,November 2015,31,PS,Problem Solving,,B,mcq,ABCDEFG,是,,bank/TARA/BMAT_section1/papers/BMAT-2015-S1.pdf
BMAT-2015-S1-q32,BMAT-2015-S1-q32.png,BMAT,1,2015,November 2015,32,PS,Problem Solving,,G,mcq,ABCDEFGH,,,bank/TARA/BMAT_section1/papers/BMAT-2015-S1.pdf
BMAT-2015-S1-q33,BMAT-2015-S1-q33.png,BMAT,1,2015,November 2015,33,PS,Problem Solving,,B,mcq,ABCDEF,,,bank/TARA/BMAT_section1/papers/BMAT-2015-S1.pdf
BMAT-2015-S1-q34,BMAT-2015-S1-q34.png,BMAT,1,2015,November 2015,34,PS,Problem Solving,,C,mcq,ABCDEFG,,,bank/TARA/BMAT_section1/papers/BMAT-2015-S1.pdf
BMAT-2015-S1-q35,BMAT-2015-S1-q35.png,BMAT,1,2015,November 2015,35,CT-evid,Critical Thinking: Assessing the Impact of Additional Evidence,,B,mcq,ABCDE,,,bank/TARA/BMAT_section1/papers/BMAT-2015-S1.pdf
BMAT-2016-S1-q1,BMAT-2016-S1-q1.png,BMAT,1,2016,November 2016,1,PS,Problem Solving,,D,mcq,ABCDEF,,,bank/TARA/BMAT_section1/papers/BMAT-2016-S1.pdf
BMAT-2016-S1-q2,BMAT-2016-S1-q2.png,BMAT,1,2016,November 2016,2,CT-draw,Critical Thinking: Drawing a Conclusion,,B,mcq,ABC,,,bank/TARA/BMAT_section1/papers/BMAT-2016-S1.pdf
BMAT-2016-S1-q3,BMAT-2016-S1-q3.png,BMAT,1,2016,November 2016,3,PS,Problem Solving,,B,mcq,ABCDEF,,,bank/TARA/BMAT_section1/papers/BMAT-2016-S1.pdf
BMAT-2016-S1-q4,BMAT-2016-S1-q4.png,BMAT,1,2016,November 2016,4,CT-flaw,Critical Thinking: Detecting Reasoning Errors,,B,mcq,ABCD,,,bank/TARA/BMAT_section1/papers/BMAT-2016-S1.pdf
BMAT-2016-S1-q5,BMAT-2016-S1-q5.png,BMAT,1,2016,November 2016,5,PS,Problem Solving,,A,mcq,ABCDE,是,,bank/TARA/BMAT_section1/papers/BMAT-2016-S1.pdf
BMAT-2016-S1-q6,BMAT-2016-S1-q6.png,BMAT,1,2016,November 2016,6,CT-main,Critical Thinking: Identifying the Main Conclusion,,D,mcq,ABCDE,,,bank/TARA/BMAT_section1/papers/BMAT-2016-S1.pdf
BMAT-2016-S1-q7,BMAT-2016-S1-q7.png,BMAT,1,2016,November 2016,7,PS,Problem Solving,,D,mcq,ABCDE,,,bank/TARA/BMAT_section1/papers/BMAT-2016-S1.pdf
BMAT-2016-S1-q8,BMAT-2016-S1-q8.png,BMAT,1,2016,November 2016,8,PS,Problem Solving,,C,mcq,ABCDE,是,,bank/TARA/BMAT_section1/papers/BMAT-2016-S1.pdf
BMAT-2016-S1-q9,BMAT-2016-S1-q9.png,BMAT,1,2016,November 2016,9,PS,Problem Solving,,D,mcq,ABCDEF,,,bank/TARA/BMAT_section1/papers/BMAT-2016-S1.pdf
BMAT-2016-S1-q10,BMAT-2016-S1-q10.png,BMAT,1,2016,November 2016,10,PS,Problem Solving,,D,mcq,ABCDE,,,bank/TARA/BMAT_section1/papers/BMAT-2016-S1.pdf
BMAT-2016-S1-q11,BMAT-2016-S1-q11.png,BMAT,1,2016,November 2016,11,PS,Problem Solving,,E,mcq,ABCDEF,,,bank/TARA/BMAT_section1/papers/BMAT-2016-S1.pdf
BMAT-2016-S1-q12,BMAT-2016-S1-q12.png,BMAT,1,2016,November 2016,12,PS,Problem Solving,,D,mcq,ABCDEF,,,bank/TARA/BMAT_section1/papers/BMAT-2016-S1.pdf
BMAT-2016-S1-q13,BMAT-2016-S1-q13.png,BMAT,1,2016,November 2016,13,CT-assm,Critical Thinking: Identifying an Assumption,,A,mcq,ABCD,,,bank/TARA/BMAT_section1/papers/BMAT-2016-S1.pdf
BMAT-2016-S1-q14,BMAT-2016-S1-q14.png,BMAT,1,2016,November 2016,14,PS,Problem Solving,,D,mcq,ABCDEF,是,,bank/TARA/BMAT_section1/papers/BMAT-2016-S1.pdf
BMAT-2016-S1-q15,BMAT-2016-S1-q15.png,BMAT,1,2016,November 2016,15,CT-draw,Critical Thinking: Drawing a Conclusion,,B,mcq,ABCDE,,,bank/TARA/BMAT_section1/papers/BMAT-2016-S1.pdf
BMAT-2016-S1-q16,BMAT-2016-S1-q16.png,BMAT,1,2016,November 2016,16,PS,Problem Solving,,A,mcq,ABCDE,,,bank/TARA/BMAT_section1/papers/BMAT-2016-S1.pdf
BMAT-2016-S1-q17,BMAT-2016-S1-q17.png,BMAT,1,2016,November 2016,17,CT-evid,Critical Thinking: Assessing the Impact of Additional Evidence,,A,mcq,ABCD,,,bank/TARA/BMAT_section1/papers/BMAT-2016-S1.pdf
BMAT-2016-S1-q18,BMAT-2016-S1-q18.png,BMAT,1,2016,November 2016,18,PS,Problem Solving,,D,mcq,ABCDE,,,bank/TARA/BMAT_section1/papers/BMAT-2016-S1.pdf
BMAT-2016-S1-q19,BMAT-2016-S1-q19.png,BMAT,1,2016,November 2016,19,PS,Problem Solving,,C,mcq,ABCDE,,,bank/TARA/BMAT_section1/papers/BMAT-2016-S1.pdf
BMAT-2016-S1-q20,BMAT-2016-S1-q20.png,BMAT,1,2016,November 2016,20,PS,Problem Solving,,C,mcq,ABCD,,,bank/TARA/BMAT_section1/papers/BMAT-2016-S1.pdf
BMAT-2016-S1-q21,BMAT-2016-S1-q21.png,BMAT,1,2016,November 2016,21,CT-draw,Critical Thinking: Drawing a Conclusion,,E,mcq,ABCDEFGH,,,bank/TARA/BMAT_section1/papers/BMAT-2016-S1.pdf
BMAT-2016-S1-q22,BMAT-2016-S1-q22.png,BMAT,1,2016,November 2016,22,PS,Problem Solving,,H,mcq,ABCDEFGH,,,bank/TARA/BMAT_section1/papers/BMAT-2016-S1.pdf
BMAT-2016-S1-q23,BMAT-2016-S1-q23.png,BMAT,1,2016,November 2016,23,PS,Problem Solving,,D,mcq,ABCDE,是,,bank/TARA/BMAT_section1/papers/BMAT-2016-S1.pdf
BMAT-2016-S1-q24,BMAT-2016-S1-q24.png,BMAT,1,2016,November 2016,24,CT-evid,Critical Thinking: Assessing the Impact of Additional Evidence,,C,mcq,ABCD,,,bank/TARA/BMAT_section1/papers/BMAT-2016-S1.pdf
BMAT-2016-S1-q25,BMAT-2016-S1-q25.png,BMAT,1,2016,November 2016,25,PS,Problem Solving,,D,mcq,ABCDE,,,bank/TARA/BMAT_section1/papers/BMAT-2016-S1.pdf
BMAT-2016-S1-q26,BMAT-2016-S1-q26.png,BMAT,1,2016,November 2016,26,CT-flaw,Critical Thinking: Detecting Reasoning Errors,,B,mcq,ABCD,,,bank/TARA/BMAT_section1/papers/BMAT-2016-S1.pdf
BMAT-2016-S1-q27,BMAT-2016-S1-q27.png,BMAT,1,2016,November 2016,27,PS,Problem Solving,,F,mcq,ABCDEFG,,,bank/TARA/BMAT_section1/papers/BMAT-2016-S1.pdf
BMAT-2016-S1-q28,BMAT-2016-S1-q28.png,BMAT,1,2016,November 2016,28,CT-assm,Critical Thinking: Identifying an Assumption,,D,mcq,ABCD,,,bank/TARA/BMAT_section1/papers/BMAT-2016-S1.pdf
BMAT-2016-S1-q29,BMAT-2016-S1-q29.png,BMAT,1,2016,November 2016,29,PS,Problem Solving,,B,mcq,ABCDEF,,,bank/TARA/BMAT_section1/papers/BMAT-2016-S1.pdf
BMAT-2016-S1-q30,BMAT-2016-S1-q30.png,BMAT,1,2016,November 2016,30,CT-flaw,Critical Thinking: Detecting Reasoning Errors,,D,mcq,ABCD,,,bank/TARA/BMAT_section1/papers/BMAT-2016-S1.pdf
BMAT-2016-S1-q31,BMAT-2016-S1-q31.png,BMAT,1,2016,November 2016,31,PS,Problem Solving,,D,mcq,ABCDEF,,,bank/TARA/BMAT_section1/papers/BMAT-2016-S1.pdf
BMAT-2016-S1-q32,BMAT-2016-S1-q32.png,BMAT,1,2016,November 2016,32,PS,Problem Solving,,A,mcq,ABCDE,,,bank/TARA/BMAT_section1/papers/BMAT-2016-S1.pdf
BMAT-2016-S1-q33,BMAT-2016-S1-q33.png,BMAT,1,2016,November 2016,33,CT-assm,Critical Thinking: Identifying an Assumption,,A,mcq,ABCDE,,,bank/TARA/BMAT_section1/papers/BMAT-2016-S1.pdf
BMAT-2016-S1-q34,BMAT-2016-S1-q34.png,BMAT,1,2016,November 2016,34,PS,Problem Solving,,B,mcq,ABCDE,,,bank/TARA/BMAT_section1/papers/BMAT-2016-S1.pdf
BMAT-2016-S1-q35,BMAT-2016-S1-q35.png,BMAT,1,2016,November 2016,35,PS,Problem Solving,,D,mcq,ABCDE,,,bank/TARA/BMAT_section1/papers/BMAT-2016-S1.pdf
BMAT-2017-S1-q1,BMAT-2017-S1-q1.png,BMAT,1,2017,November 2017,1,PS,Problem Solving,,C,mcq,ABCDEFG,,,bank/TARA/BMAT_section1/papers/BMAT-2017-S1.pdf
BMAT-2017-S1-q2,BMAT-2017-S1-q2.png,BMAT,1,2017,November 2017,2,CT-draw,Critical Thinking: Drawing a Conclusion,,D,mcq,ABCD,,,bank/TARA/BMAT_section1/papers/BMAT-2017-S1.pdf
BMAT-2017-S1-q3,BMAT-2017-S1-q3.png,BMAT,1,2017,November 2017,3,PS,Problem Solving,,D,mcq,ABCDE,,,bank/TARA/BMAT_section1/papers/BMAT-2017-S1.pdf
BMAT-2017-S1-q4,BMAT-2017-S1-q4.png,BMAT,1,2017,November 2017,4,CT-evid,Critical Thinking: Assessing the Impact of Additional Evidence,,A,mcq,ABCD,,,bank/TARA/BMAT_section1/papers/BMAT-2017-S1.pdf
BMAT-2017-S1-q5,BMAT-2017-S1-q5.png,BMAT,1,2017,November 2017,5,PS,Problem Solving,,D,mcq,ABCDE,是,,bank/TARA/BMAT_section1/papers/BMAT-2017-S1.pdf
BMAT-2017-S1-q6,BMAT-2017-S1-q6.png,BMAT,1,2017,November 2017,6,CT-flaw,Critical Thinking: Detecting Reasoning Errors,,C,mcq,ABCD,,,bank/TARA/BMAT_section1/papers/BMAT-2017-S1.pdf
BMAT-2017-S1-q7,BMAT-2017-S1-q7.png,BMAT,1,2017,November 2017,7,PS,Problem Solving,,B,mcq,ABCDEF,是,,bank/TARA/BMAT_section1/papers/BMAT-2017-S1.pdf
BMAT-2017-S1-q8,BMAT-2017-S1-q8.png,BMAT,1,2017,November 2017,8,PS,Problem Solving,,C,mcq,ABCD,,,bank/TARA/BMAT_section1/papers/BMAT-2017-S1.pdf
BMAT-2017-S1-q9,BMAT-2017-S1-q9.png,BMAT,1,2017,November 2017,9,PS,Problem Solving,,E,mcq,ABCDEFG,,,bank/TARA/BMAT_section1/papers/BMAT-2017-S1.pdf
BMAT-2017-S1-q10,BMAT-2017-S1-q10.png,BMAT,1,2017,November 2017,10,PS,Problem Solving,,C,mcq,ABCD,,,bank/TARA/BMAT_section1/papers/BMAT-2017-S1.pdf
BMAT-2017-S1-q11,BMAT-2017-S1-q11.png,BMAT,1,2017,November 2017,11,PS,Problem Solving,,G,mcq,ABCDEFG,,,bank/TARA/BMAT_section1/papers/BMAT-2017-S1.pdf
BMAT-2017-S1-q12,BMAT-2017-S1-q12.png,BMAT,1,2017,November 2017,12,PS,Problem Solving,,D,mcq,ABCDEF,,,bank/TARA/BMAT_section1/papers/BMAT-2017-S1.pdf
BMAT-2017-S1-q13,BMAT-2017-S1-q13.png,BMAT,1,2017,November 2017,13,PS,Problem Solving,,B,mcq,ABCD,,,bank/TARA/BMAT_section1/papers/BMAT-2017-S1.pdf
BMAT-2017-S1-q14,BMAT-2017-S1-q14.png,BMAT,1,2017,November 2017,14,PS,Problem Solving,,B,mcq,ABCDE,是,,bank/TARA/BMAT_section1/papers/BMAT-2017-S1.pdf
BMAT-2017-S1-q15,BMAT-2017-S1-q15.png,BMAT,1,2017,November 2017,15,PS,Problem Solving,,A,mcq,ABCD,,,bank/TARA/BMAT_section1/papers/BMAT-2017-S1.pdf
BMAT-2017-S1-q16,BMAT-2017-S1-q16.png,BMAT,1,2017,November 2017,16,PS,Problem Solving,,D,mcq,ABCDE,,,bank/TARA/BMAT_section1/papers/BMAT-2017-S1.pdf
BMAT-2017-S1-q17,BMAT-2017-S1-q17.png,BMAT,1,2017,November 2017,17,CT-flaw,Critical Thinking: Detecting Reasoning Errors,,D,mcq,ABCD,,,bank/TARA/BMAT_section1/papers/BMAT-2017-S1.pdf
BMAT-2017-S1-q18,BMAT-2017-S1-q18.png,BMAT,1,2017,November 2017,18,PS,Problem Solving,,B,mcq,ABCDEF,,,bank/TARA/BMAT_section1/papers/BMAT-2017-S1.pdf
BMAT-2017-S1-q19,BMAT-2017-S1-q19.png,BMAT,1,2017,November 2017,19,CT-evid,Critical Thinking: Assessing the Impact of Additional Evidence,,B,mcq,ABCD,是,,bank/TARA/BMAT_section1/papers/BMAT-2017-S1.pdf
BMAT-2017-S1-q20,BMAT-2017-S1-q20.png,BMAT,1,2017,November 2017,20,PS,Problem Solving,,B,mcq,ABCDEFG,,,bank/TARA/BMAT_section1/papers/BMAT-2017-S1.pdf
BMAT-2017-S1-q21,BMAT-2017-S1-q21.png,BMAT,1,2017,November 2017,21,PS,Problem Solving,,D,mcq,ABCDE,,,bank/TARA/BMAT_section1/papers/BMAT-2017-S1.pdf
BMAT-2017-S1-q22,BMAT-2017-S1-q22.png,BMAT,1,2017,November 2017,22,PS,Problem Solving,,C,mcq,ABCDE,,,bank/TARA/BMAT_section1/papers/BMAT-2017-S1.pdf
BMAT-2017-S1-q23,BMAT-2017-S1-q23.png,BMAT,1,2017,November 2017,23,PS,Problem Solving,,E,mcq,ABCDE,是,,bank/TARA/BMAT_section1/papers/BMAT-2017-S1.pdf
BMAT-2017-S1-q24,BMAT-2017-S1-q24.png,BMAT,1,2017,November 2017,24,CT-flaw,Critical Thinking: Detecting Reasoning Errors,,E,mcq,ABCDE,,,bank/TARA/BMAT_section1/papers/BMAT-2017-S1.pdf
BMAT-2017-S1-q25,BMAT-2017-S1-q25.png,BMAT,1,2017,November 2017,25,PS,Problem Solving,,E,mcq,ABCDE,,,bank/TARA/BMAT_section1/papers/BMAT-2017-S1.pdf
BMAT-2017-S1-q26,BMAT-2017-S1-q26.png,BMAT,1,2017,November 2017,26,CT-draw,Critical Thinking: Drawing a Conclusion,,C,mcq,ABCDE,,,bank/TARA/BMAT_section1/papers/BMAT-2017-S1.pdf
BMAT-2017-S1-q27,BMAT-2017-S1-q27.png,BMAT,1,2017,November 2017,27,PS,Problem Solving,,B,mcq,ABCDE,,,bank/TARA/BMAT_section1/papers/BMAT-2017-S1.pdf
BMAT-2017-S1-q28,BMAT-2017-S1-q28.png,BMAT,1,2017,November 2017,28,CT-assm,Critical Thinking: Identifying an Assumption,,E,mcq,ABCDEFG,,,bank/TARA/BMAT_section1/papers/BMAT-2017-S1.pdf
BMAT-2017-S1-q29,BMAT-2017-S1-q29.png,BMAT,1,2017,November 2017,29,PS,Problem Solving,,E,mcq,ABCDEFGH,是,,bank/TARA/BMAT_section1/papers/BMAT-2017-S1.pdf
BMAT-2017-S1-q30,BMAT-2017-S1-q30.png,BMAT,1,2017,November 2017,30,CT-flaw,Critical Thinking: Detecting Reasoning Errors,,C,mcq,ABCD,,,bank/TARA/BMAT_section1/papers/BMAT-2017-S1.pdf
BMAT-2017-S1-q31,BMAT-2017-S1-q31.png,BMAT,1,2017,November 2017,31,PS,Problem Solving,,D,mcq,ABCDE,,,bank/TARA/BMAT_section1/papers/BMAT-2017-S1.pdf
BMAT-2017-S1-q32,BMAT-2017-S1-q32.png,BMAT,1,2017,November 2017,32,PS,Problem Solving,,C,mcq,ABCD,,,bank/TARA/BMAT_section1/papers/BMAT-2017-S1.pdf
BMAT-2017-S1-q33,BMAT-2017-S1-q33.png,BMAT,1,2017,November 2017,33,PS,Problem Solving,,E,mcq,ABCDE,,,bank/TARA/BMAT_section1/papers/BMAT-2017-S1.pdf
BMAT-2017-S1-q34,BMAT-2017-S1-q34.png,BMAT,1,2017,November 2017,34,CT-draw,Critical Thinking: Drawing a Conclusion,,C,mcq,ABCDEFG,,,bank/TARA/BMAT_section1/papers/BMAT-2017-S1.pdf
BMAT-2017-S1-q35,BMAT-2017-S1-q35.png,BMAT,1,2017,November 2017,35,PS,Problem Solving,,B,mcq,ABCD,,,bank/TARA/BMAT_section1/papers/BMAT-2017-S1.pdf
BMAT-2018-S1-q1,BMAT-2018-S1-q1.png,BMAT,1,2018,November 2018,1,PS,Problem Solving,,B,mcq,ABCDE,,,bank/TARA/BMAT_section1/papers/BMAT-2018-S1.pdf
BMAT-2018-S1-q2,BMAT-2018-S1-q2.png,BMAT,1,2018,November 2018,2,CT-draw,Critical Thinking: Drawing a Conclusion,,B,mcq,ABCD,,,bank/TARA/BMAT_section1/papers/BMAT-2018-S1.pdf
BMAT-2018-S1-q3,BMAT-2018-S1-q3.png,BMAT,1,2018,November 2018,3,PS,Problem Solving,,D,mcq,ABCDE,,,bank/TARA/BMAT_section1/papers/BMAT-2018-S1.pdf
BMAT-2018-S1-q4,BMAT-2018-S1-q4.png,BMAT,1,2018,November 2018,4,CT-flaw,Critical Thinking: Detecting Reasoning Errors,,C,mcq,ABCDE,,,bank/TARA/BMAT_section1/papers/BMAT-2018-S1.pdf
BMAT-2018-S1-q5,BMAT-2018-S1-q5.png,BMAT,1,2018,November 2018,5,PS,Problem Solving,,D,mcq,ABCDE,是,,bank/TARA/BMAT_section1/papers/BMAT-2018-S1.pdf
BMAT-2018-S1-q6,BMAT-2018-S1-q6.png,BMAT,1,2018,November 2018,6,CT-main,Critical Thinking: Identifying the Main Conclusion,,C,mcq,ABCDE,,,bank/TARA/BMAT_section1/papers/BMAT-2018-S1.pdf
BMAT-2018-S1-q7,BMAT-2018-S1-q7.png,BMAT,1,2018,November 2018,7,PS,Problem Solving,,D,mcq,ABCDE,,,bank/TARA/BMAT_section1/papers/BMAT-2018-S1.pdf
BMAT-2018-S1-q8,BMAT-2018-S1-q8.png,BMAT,1,2018,November 2018,8,PS,Problem Solving,,B,mcq,ABCDE,,,bank/TARA/BMAT_section1/papers/BMAT-2018-S1.pdf
BMAT-2018-S1-q9,BMAT-2018-S1-q9.png,BMAT,1,2018,November 2018,9,CT-draw,Critical Thinking: Drawing a Conclusion,,B,mcq,ABCD,,,bank/TARA/BMAT_section1/papers/BMAT-2018-S1.pdf
BMAT-2018-S1-q10,BMAT-2018-S1-q10.png,BMAT,1,2018,November 2018,10,PS,Problem Solving,,C,mcq,ABCD,,,bank/TARA/BMAT_section1/papers/BMAT-2018-S1.pdf
BMAT-2018-S1-q11,BMAT-2018-S1-q11.png,BMAT,1,2018,November 2018,11,PS,Problem Solving,,C,mcq,ABCDE,,,bank/TARA/BMAT_section1/papers/BMAT-2018-S1.pdf
BMAT-2018-S1-q12,BMAT-2018-S1-q12.png,BMAT,1,2018,November 2018,12,PS,Problem Solving,,C,mcq,ABCD,,,bank/TARA/BMAT_section1/papers/BMAT-2018-S1.pdf
BMAT-2018-S1-q13,BMAT-2018-S1-q13.png,BMAT,1,2018,November 2018,13,CT-evid,Critical Thinking: Assessing the Impact of Additional Evidence,,D,mcq,ABCDEFG,,,bank/TARA/BMAT_section1/papers/BMAT-2018-S1.pdf
BMAT-2018-S1-q14,BMAT-2018-S1-q14.png,BMAT,1,2018,November 2018,14,PS,Problem Solving,,F,mcq,ABCDEF,,,bank/TARA/BMAT_section1/papers/BMAT-2018-S1.pdf
BMAT-2018-S1-q15,BMAT-2018-S1-q15.png,BMAT,1,2018,November 2018,15,CT-draw,Critical Thinking: Drawing a Conclusion,,A,mcq,ABCD,,,bank/TARA/BMAT_section1/papers/BMAT-2018-S1.pdf
BMAT-2018-S1-q16,BMAT-2018-S1-q16.png,BMAT,1,2018,November 2018,16,PS,Problem Solving,,A,mcq,ABCD,,,bank/TARA/BMAT_section1/papers/BMAT-2018-S1.pdf
BMAT-2018-S1-q17,BMAT-2018-S1-q17.png,BMAT,1,2018,November 2018,17,CT-flaw,Critical Thinking: Detecting Reasoning Errors,,A,mcq,ABCD,,,bank/TARA/BMAT_section1/papers/BMAT-2018-S1.pdf
BMAT-2018-S1-q18,BMAT-2018-S1-q18.png,BMAT,1,2018,November 2018,18,PS,Problem Solving,,E,mcq,ABCDEF,是,,bank/TARA/BMAT_section1/papers/BMAT-2018-S1.pdf
BMAT-2018-S1-q19,BMAT-2018-S1-q19.png,BMAT,1,2018,November 2018,19,PS,Problem Solving,,A,mcq,ABCDE,,,bank/TARA/BMAT_section1/papers/BMAT-2018-S1.pdf
BMAT-2018-S1-q20,BMAT-2018-S1-q20.png,BMAT,1,2018,November 2018,20,PS,Problem Solving,,C,mcq,ABCDE,,,bank/TARA/BMAT_section1/papers/BMAT-2018-S1.pdf
BMAT-2018-S1-q21,BMAT-2018-S1-q21.png,BMAT,1,2018,November 2018,21,PS,Problem Solving,,D,mcq,ABCDE,,,bank/TARA/BMAT_section1/papers/BMAT-2018-S1.pdf
BMAT-2018-S1-q22,BMAT-2018-S1-q22.png,BMAT,1,2018,November 2018,22,CT-assm,Critical Thinking: Identifying an Assumption,,C,mcq,ABCDE,,,bank/TARA/BMAT_section1/papers/BMAT-2018-S1.pdf
BMAT-2018-S1-q23,BMAT-2018-S1-q23.png,BMAT,1,2018,November 2018,23,PS,Problem Solving,,B,mcq,ABCDEFGH,,,bank/TARA/BMAT_section1/papers/BMAT-2018-S1.pdf
BMAT-2018-S1-q24,BMAT-2018-S1-q24.png,BMAT,1,2018,November 2018,24,CT-flaw,Critical Thinking: Detecting Reasoning Errors,,C,mcq,ABCD,,,bank/TARA/BMAT_section1/papers/BMAT-2018-S1.pdf
BMAT-2018-S1-q25,BMAT-2018-S1-q25.png,BMAT,1,2018,November 2018,25,PS,Problem Solving,,B,mcq,ABCDE,,,bank/TARA/BMAT_section1/papers/BMAT-2018-S1.pdf
BMAT-2018-S1-q26,BMAT-2018-S1-q26.png,BMAT,1,2018,November 2018,26,CT-evid,Critical Thinking: Assessing the Impact of Additional Evidence,,D,mcq,ABCD,,,bank/TARA/BMAT_section1/papers/BMAT-2018-S1.pdf
BMAT-2018-S1-q27,BMAT-2018-S1-q27.png,BMAT,1,2018,November 2018,27,PS,Problem Solving,,A,mcq,ABCDE,,,bank/TARA/BMAT_section1/papers/BMAT-2018-S1.pdf
BMAT-2018-S1-q28,BMAT-2018-S1-q28.png,BMAT,1,2018,November 2018,28,CT-draw,Critical Thinking: Drawing a Conclusion,,D,mcq,ABCD,,,bank/TARA/BMAT_section1/papers/BMAT-2018-S1.pdf
BMAT-2018-S1-q29,BMAT-2018-S1-q29.png,BMAT,1,2018,November 2018,29,PS,Problem Solving,,C,mcq,ABCDE,是,,bank/TARA/BMAT_section1/papers/BMAT-2018-S1.pdf
BMAT-2018-S1-q30,BMAT-2018-S1-q30.png,BMAT,1,2018,November 2018,30,CT-main,Critical Thinking: Identifying the Main Conclusion,,D,mcq,ABCD,,,bank/TARA/BMAT_section1/papers/BMAT-2018-S1.pdf
BMAT-2018-S1-q31,BMAT-2018-S1-q31.png,BMAT,1,2018,November 2018,31,PS,Problem Solving,,A,mcq,ABCDEF,,,bank/TARA/BMAT_section1/papers/BMAT-2018-S1.pdf
BMAT-2018-S1-q32,BMAT-2018-S1-q32.png,BMAT,1,2018,November 2018,32,CT-draw,Critical Thinking: Drawing a Conclusion,,D,mcq,ABCDEF,,,bank/TARA/BMAT_section1/papers/BMAT-2018-S1.pdf
BMAT-2018-S1-q33,BMAT-2018-S1-q33.png,BMAT,1,2018,November 2018,33,PS,Problem Solving,,B,mcq,ABCDE,,,bank/TARA/BMAT_section1/papers/BMAT-2018-S1.pdf
BMAT-2018-S1-q34,BMAT-2018-S1-q34.png,BMAT,1,2018,November 2018,34,PS,Problem Solving,,A,mcq,ABCDEF,,,bank/TARA/BMAT_section1/papers/BMAT-2018-S1.pdf
BMAT-2018-S1-q35,BMAT-2018-S1-q35.png,BMAT,1,2018,November 2018,35,PS,Problem Solving,,B,mcq,ABCDE,,,bank/TARA/BMAT_section1/papers/BMAT-2018-S1.pdf
BMAT-2019-S1-q1,BMAT-2019-S1-q1.png,BMAT,1,2019,November 2019,1,PS,Problem Solving,,C,mcq,ABCDE,,,bank/TARA/BMAT_section1/papers/BMAT-2019-S1.pdf
BMAT-2019-S1-q2,BMAT-2019-S1-q2.png,BMAT,1,2019,November 2019,2,CT-evid,Critical Thinking: Assessing the Impact of Additional Evidence,,C,mcq,ABCD,,,bank/TARA/BMAT_section1/papers/BMAT-2019-S1.pdf
BMAT-2019-S1-q3,BMAT-2019-S1-q3.png,BMAT,1,2019,November 2019,3,PS,Problem Solving,,C,mcq,ABCDEF,,,bank/TARA/BMAT_section1/papers/BMAT-2019-S1.pdf
BMAT-2019-S1-q4,BMAT-2019-S1-q4.png,BMAT,1,2019,November 2019,4,CT-flaw,Critical Thinking: Detecting Reasoning Errors,,B,mcq,ABCD,,,bank/TARA/BMAT_section1/papers/BMAT-2019-S1.pdf
BMAT-2019-S1-q5,BMAT-2019-S1-q5.png,BMAT,1,2019,November 2019,5,PS,Problem Solving,,B,mcq,ABCD,是,,bank/TARA/BMAT_section1/papers/BMAT-2019-S1.pdf
BMAT-2019-S1-q6,BMAT-2019-S1-q6.png,BMAT,1,2019,November 2019,6,CT-draw,Critical Thinking: Drawing a Conclusion,,C,mcq,ABCD,,,bank/TARA/BMAT_section1/papers/BMAT-2019-S1.pdf
BMAT-2019-S1-q7,BMAT-2019-S1-q7.png,BMAT,1,2019,November 2019,7,PS,Problem Solving,,E,mcq,ABCDE,,,bank/TARA/BMAT_section1/papers/BMAT-2019-S1.pdf
BMAT-2019-S1-q8,BMAT-2019-S1-q8.png,BMAT,1,2019,November 2019,8,CT-draw,Critical Thinking: Drawing a Conclusion,,E,mcq,ABCDE,是,,bank/TARA/BMAT_section1/papers/BMAT-2019-S1.pdf
BMAT-2019-S1-q9,BMAT-2019-S1-q9.png,BMAT,1,2019,November 2019,9,PS,Problem Solving,,D,mcq,ABCDE,,,bank/TARA/BMAT_section1/papers/BMAT-2019-S1.pdf
BMAT-2019-S1-q10,BMAT-2019-S1-q10.png,BMAT,1,2019,November 2019,10,PS,Problem Solving,,H,mcq,ABCDEFGH,,,bank/TARA/BMAT_section1/papers/BMAT-2019-S1.pdf
BMAT-2019-S1-q11,BMAT-2019-S1-q11.png,BMAT,1,2019,November 2019,11,PS,Problem Solving,,E,mcq,ABCDEF,,,bank/TARA/BMAT_section1/papers/BMAT-2019-S1.pdf
BMAT-2019-S1-q12,BMAT-2019-S1-q12.png,BMAT,1,2019,November 2019,12,PS,Problem Solving,,C,mcq,ABCDE,,,bank/TARA/BMAT_section1/papers/BMAT-2019-S1.pdf
BMAT-2019-S1-q13,BMAT-2019-S1-q13.png,BMAT,1,2019,November 2019,13,CT-main,Critical Thinking: Identifying the Main Conclusion,,B,mcq,ABCD,,,bank/TARA/BMAT_section1/papers/BMAT-2019-S1.pdf
BMAT-2019-S1-q14,BMAT-2019-S1-q14.png,BMAT,1,2019,November 2019,14,PS,Problem Solving,,C,mcq,ABCDE,是,,bank/TARA/BMAT_section1/papers/BMAT-2019-S1.pdf
BMAT-2019-S1-q15,BMAT-2019-S1-q15.png,BMAT,1,2019,November 2019,15,CT-draw,Critical Thinking: Drawing a Conclusion,,C,mcq,ABCD,,,bank/TARA/BMAT_section1/papers/BMAT-2019-S1.pdf
BMAT-2019-S1-q16,BMAT-2019-S1-q16.png,BMAT,1,2019,November 2019,16,PS,Problem Solving,,A,mcq,ABCDE,,,bank/TARA/BMAT_section1/papers/BMAT-2019-S1.pdf
BMAT-2019-S1-q17,BMAT-2019-S1-q17.png,BMAT,1,2019,November 2019,17,CT-assm,Critical Thinking: Identifying an Assumption,,D,mcq,ABCD,,,bank/TARA/BMAT_section1/papers/BMAT-2019-S1.pdf
BMAT-2019-S1-q18,BMAT-2019-S1-q18.png,BMAT,1,2019,November 2019,18,PS,Problem Solving,,D,mcq,ABCDE,,,bank/TARA/BMAT_section1/papers/BMAT-2019-S1.pdf
BMAT-2019-S1-q19,BMAT-2019-S1-q19.png,BMAT,1,2019,November 2019,19,PS,Problem Solving,,D,mcq,ABCD,是,,bank/TARA/BMAT_section1/papers/BMAT-2019-S1.pdf
BMAT-2019-S1-q20,BMAT-2019-S1-q20.png,BMAT,1,2019,November 2019,20,PS,Problem Solving,,C,mcq,ABCDE,是,,bank/TARA/BMAT_section1/papers/BMAT-2019-S1.pdf
BMAT-2019-S1-q21,BMAT-2019-S1-q21.png,BMAT,1,2019,November 2019,21,CT-evid,Critical Thinking: Assessing the Impact of Additional Evidence,,D,mcq,ABCD,,,bank/TARA/BMAT_section1/papers/BMAT-2019-S1.pdf
BMAT-2019-S1-q22,BMAT-2019-S1-q22.png,BMAT,1,2019,November 2019,22,PS,Problem Solving,,B,mcq,ABCD,,,bank/TARA/BMAT_section1/papers/BMAT-2019-S1.pdf
BMAT-2019-S1-q23,BMAT-2019-S1-q23.png,BMAT,1,2019,November 2019,23,PS,Problem Solving,,D,mcq,ABCDE,是,,bank/TARA/BMAT_section1/papers/BMAT-2019-S1.pdf
BMAT-2019-S1-q24,BMAT-2019-S1-q24.png,BMAT,1,2019,November 2019,24,CT-main,Critical Thinking: Identifying the Main Conclusion,,B,mcq,ABCD,,,bank/TARA/BMAT_section1/papers/BMAT-2019-S1.pdf
BMAT-2019-S1-q25,BMAT-2019-S1-q25.png,BMAT,1,2019,November 2019,25,PS,Problem Solving,,E,mcq,ABCDE,,,bank/TARA/BMAT_section1/papers/BMAT-2019-S1.pdf
BMAT-2019-S1-q26,BMAT-2019-S1-q26.png,BMAT,1,2019,November 2019,26,CT-draw,Critical Thinking: Drawing a Conclusion,,C,mcq,ABCDEFG,,,bank/TARA/BMAT_section1/papers/BMAT-2019-S1.pdf
BMAT-2019-S1-q27,BMAT-2019-S1-q27.png,BMAT,1,2019,November 2019,27,PS,Problem Solving,,D,mcq,ABCDEFGH,,,bank/TARA/BMAT_section1/papers/BMAT-2019-S1.pdf
BMAT-2019-S1-q28,BMAT-2019-S1-q28.png,BMAT,1,2019,November 2019,28,CT-assm,Critical Thinking: Identifying an Assumption,,E,mcq,ABCDEFG,,,bank/TARA/BMAT_section1/papers/BMAT-2019-S1.pdf
BMAT-2019-S1-q29,BMAT-2019-S1-q29.png,BMAT,1,2019,November 2019,29,PS,Problem Solving,,A,mcq,ABCDE,,,bank/TARA/BMAT_section1/papers/BMAT-2019-S1.pdf
BMAT-2019-S1-q30,BMAT-2019-S1-q30.png,BMAT,1,2019,November 2019,30,CT-draw,Critical Thinking: Drawing a Conclusion,,C,mcq,ABCD,,,bank/TARA/BMAT_section1/papers/BMAT-2019-S1.pdf
BMAT-2019-S1-q31,BMAT-2019-S1-q31.png,BMAT,1,2019,November 2019,31,PS,Problem Solving,,F,mcq,ABCDEFGH,是,,bank/TARA/BMAT_section1/papers/BMAT-2019-S1.pdf
BMAT-2019-S1-q32,BMAT-2019-S1-q32.png,BMAT,1,2019,November 2019,32,PS,Problem Solving,,C,mcq,ABCDE,是,,bank/TARA/BMAT_section1/papers/BMAT-2019-S1.pdf
BMAT-2019-S1-q33,BMAT-2019-S1-q33.png,BMAT,1,2019,November 2019,33,CT-assm,Critical Thinking: Identifying an Assumption,,A,mcq,ABCDE,,,bank/TARA/BMAT_section1/papers/BMAT-2019-S1.pdf
BMAT-2019-S1-q34,BMAT-2019-S1-q34.png,BMAT,1,2019,November 2019,34,PS,Problem Solving,,B,mcq,ABCDE,,,bank/TARA/BMAT_section1/papers/BMAT-2019-S1.pdf
BMAT-2019-S1-q35,BMAT-2019-S1-q35.png,BMAT,1,2019,November 2019,35,PS,Problem Solving,,C,mcq,ABCD,,,bank/TARA/BMAT_section1/papers/BMAT-2019-S1.pdf
BMAT-2020-S1-q1,BMAT-2020-S1-q1.png,BMAT,1,2020,November 2020,1,CT-match,Critical Thinking: Matching Arguments,,D,mcq,ABCDE,,,bank/TARA/BMAT_section1/papers/BMAT-2020-S1.pdf
BMAT-2020-S1-q2,BMAT-2020-S1-q2.png,BMAT,1,2020,November 2020,2,PS,Problem Solving,,B,mcq,ABCDE,,,bank/TARA/BMAT_section1/papers/BMAT-2020-S1.pdf
BMAT-2020-S1-q3,BMAT-2020-S1-q3.png,BMAT,1,2020,November 2020,3,CT-assm,Critical Thinking: Identifying an Assumption,,D,mcq,ABCDE,,,bank/TARA/BMAT_section1/papers/BMAT-2020-S1.pdf
BMAT-2020-S1-q4,BMAT-2020-S1-q4.png,BMAT,1,2020,November 2020,4,CT-main,Critical Thinking: Identifying the Main Conclusion,,D,mcq,ABCDE,,,bank/TARA/BMAT_section1/papers/BMAT-2020-S1.pdf
BMAT-2020-S1-q5,BMAT-2020-S1-q5.png,BMAT,1,2020,November 2020,5,CT-prin,Critical Thinking: Applying Principles,,B,mcq,ABCDE,,,bank/TARA/BMAT_section1/papers/BMAT-2020-S1.pdf
BMAT-2020-S1-q6,BMAT-2020-S1-q6.png,BMAT,1,2020,November 2020,6,PS,Problem Solving,,E,mcq,ABCDE,,,bank/TARA/BMAT_section1/papers/BMAT-2020-S1.pdf
BMAT-2020-S1-q7,BMAT-2020-S1-q7.png,BMAT,1,2020,November 2020,7,PS,Problem Solving,,C,mcq,ABCDE,,,bank/TARA/BMAT_section1/papers/BMAT-2020-S1.pdf
BMAT-2020-S1-q8,BMAT-2020-S1-q8.png,BMAT,1,2020,November 2020,8,PS,Problem Solving,,E,mcq,ABCDE,是,,bank/TARA/BMAT_section1/papers/BMAT-2020-S1.pdf
BMAT-2020-S1-q9,BMAT-2020-S1-q9.png,BMAT,1,2020,November 2020,9,CT-match,Critical Thinking: Matching Arguments,,A,mcq,ABCDE,,,bank/TARA/BMAT_section1/papers/BMAT-2020-S1.pdf
BMAT-2020-S1-q10,BMAT-2020-S1-q10.png,BMAT,1,2020,November 2020,10,CT-flaw,Critical Thinking: Detecting Reasoning Errors,,C,mcq,ABCDE,,,bank/TARA/BMAT_section1/papers/BMAT-2020-S1.pdf
BMAT-2020-S1-q11,BMAT-2020-S1-q11.png,BMAT,1,2020,November 2020,11,CT-draw,Critical Thinking: Drawing a Conclusion,,B,mcq,ABCDE,,,bank/TARA/BMAT_section1/papers/BMAT-2020-S1.pdf
BMAT-2020-S1-q12,BMAT-2020-S1-q12.png,BMAT,1,2020,November 2020,12,PS,Problem Solving,,B,mcq,ABCDE,,,bank/TARA/BMAT_section1/papers/BMAT-2020-S1.pdf
BMAT-2020-S1-q13,BMAT-2020-S1-q13.png,BMAT,1,2020,November 2020,13,PS,Problem Solving,,D,mcq,ABCDE,,,bank/TARA/BMAT_section1/papers/BMAT-2020-S1.pdf
BMAT-2020-S1-q14,BMAT-2020-S1-q14.png,BMAT,1,2020,November 2020,14,PS,Problem Solving,,C,mcq,ABCDE,是,,bank/TARA/BMAT_section1/papers/BMAT-2020-S1.pdf
BMAT-2020-S1-q15,BMAT-2020-S1-q15.png,BMAT,1,2020,November 2020,15,CT-assm,Critical Thinking: Identifying an Assumption,,A,mcq,ABCDE,,,bank/TARA/BMAT_section1/papers/BMAT-2020-S1.pdf
BMAT-2020-S1-q16,BMAT-2020-S1-q16.png,BMAT,1,2020,November 2020,16,CT-evid,Critical Thinking: Assessing the Impact of Additional Evidence,,C,mcq,ABCDE,,,bank/TARA/BMAT_section1/papers/BMAT-2020-S1.pdf
BMAT-2020-S1-q17,BMAT-2020-S1-q17.png,BMAT,1,2020,November 2020,17,CT-draw,Critical Thinking: Drawing a Conclusion,,A,mcq,ABCDE,,,bank/TARA/BMAT_section1/papers/BMAT-2020-S1.pdf
BMAT-2020-S1-q18,BMAT-2020-S1-q18.png,BMAT,1,2020,November 2020,18,PS,Problem Solving,,D,mcq,ABCDE,,,bank/TARA/BMAT_section1/papers/BMAT-2020-S1.pdf
BMAT-2020-S1-q19,BMAT-2020-S1-q19.png,BMAT,1,2020,November 2020,19,PS,Problem Solving,,D,mcq,ABCDE,,,bank/TARA/BMAT_section1/papers/BMAT-2020-S1.pdf
BMAT-2020-S1-q20,BMAT-2020-S1-q20.png,BMAT,1,2020,November 2020,20,PS,Problem Solving,,B,mcq,ABCDE,是,,bank/TARA/BMAT_section1/papers/BMAT-2020-S1.pdf
BMAT-2020-S1-q21,BMAT-2020-S1-q21.png,BMAT,1,2020,November 2020,21,CT-main,Critical Thinking: Identifying the Main Conclusion,,D,mcq,ABCDE,,,bank/TARA/BMAT_section1/papers/BMAT-2020-S1.pdf
BMAT-2020-S1-q22,BMAT-2020-S1-q22.png,BMAT,1,2020,November 2020,22,CT-draw,Critical Thinking: Drawing a Conclusion,,A,mcq,ABCDE,,,bank/TARA/BMAT_section1/papers/BMAT-2020-S1.pdf
BMAT-2020-S1-q23,BMAT-2020-S1-q23.png,BMAT,1,2020,November 2020,23,CT-match,Critical Thinking: Matching Arguments,,B,mcq,ABCDE,,,bank/TARA/BMAT_section1/papers/BMAT-2020-S1.pdf
BMAT-2020-S1-q24,BMAT-2020-S1-q24.png,BMAT,1,2020,November 2020,24,PS,Problem Solving,,B,mcq,ABCDE,,,bank/TARA/BMAT_section1/papers/BMAT-2020-S1.pdf
BMAT-2020-S1-q25,BMAT-2020-S1-q25.png,BMAT,1,2020,November 2020,25,PS,Problem Solving,,D,mcq,ABCDE,,,bank/TARA/BMAT_section1/papers/BMAT-2020-S1.pdf
BMAT-2020-S1-q26,BMAT-2020-S1-q26.png,BMAT,1,2020,November 2020,26,PS,Problem Solving,,A,mcq,ABCDE,是,,bank/TARA/BMAT_section1/papers/BMAT-2020-S1.pdf
BMAT-2020-S1-q27,BMAT-2020-S1-q27.png,BMAT,1,2020,November 2020,27,CT-prin,Critical Thinking: Applying Principles,,B,mcq,ABCDE,,,bank/TARA/BMAT_section1/papers/BMAT-2020-S1.pdf
BMAT-2020-S1-q28,BMAT-2020-S1-q28.png,BMAT,1,2020,November 2020,28,PS,Problem Solving,,C,mcq,ABCDE,是,,bank/TARA/BMAT_section1/papers/BMAT-2020-S1.pdf
BMAT-2020-S1-q29,BMAT-2020-S1-q29.png,BMAT,1,2020,November 2020,29,CT-main,Critical Thinking: Identifying the Main Conclusion,,C,mcq,ABCDE,,,bank/TARA/BMAT_section1/papers/BMAT-2020-S1.pdf
BMAT-2020-S1-q30,BMAT-2020-S1-q30.png,BMAT,1,2020,November 2020,30,PS,Problem Solving,,C,mcq,ABCDE,,,bank/TARA/BMAT_section1/papers/BMAT-2020-S1.pdf
BMAT-2020-S1-q31,BMAT-2020-S1-q31.png,BMAT,1,2020,November 2020,31,CT-evid,Critical Thinking: Assessing the Impact of Additional Evidence,,C,mcq,ABCDE,,,bank/TARA/BMAT_section1/papers/BMAT-2020-S1.pdf
BMAT-2020-S1-q32,BMAT-2020-S1-q32.png,BMAT,1,2020,November 2020,32,PS,Problem Solving,,D,mcq,ABCDE,是,,bank/TARA/BMAT_section1/papers/BMAT-2020-S1.pdf
BMAT-2021-S1-q1,BMAT-2021-S1-q1.png,BMAT,1,2021,November 2021,1,CT-draw,Critical Thinking: Drawing a Conclusion,,C,mcq,ABCDE,,,bank/TARA/BMAT_section1/papers/BMAT-2021-S1.pdf
BMAT-2021-S1-q2,BMAT-2021-S1-q2.png,BMAT,1,2021,November 2021,2,PS,Problem Solving,,C,mcq,ABCDE,,,bank/TARA/BMAT_section1/papers/BMAT-2021-S1.pdf
BMAT-2021-S1-q3,BMAT-2021-S1-q3.png,BMAT,1,2021,November 2021,3,CT-match,Critical Thinking: Matching Arguments,,C,mcq,ABCDE,,,bank/TARA/BMAT_section1/papers/BMAT-2021-S1.pdf
BMAT-2021-S1-q4,BMAT-2021-S1-q4.png,BMAT,1,2021,November 2021,4,CT-prin,Critical Thinking: Applying Principles,,A,mcq,ABCD,,,bank/TARA/BMAT_section1/papers/BMAT-2021-S1.pdf
BMAT-2021-S1-q5,BMAT-2021-S1-q5.png,BMAT,1,2021,November 2021,5,CT-main,Critical Thinking: Identifying the Main Conclusion,,D,mcq,ABCDE,,,bank/TARA/BMAT_section1/papers/BMAT-2021-S1.pdf
BMAT-2021-S1-q6,BMAT-2021-S1-q6.png,BMAT,1,2021,November 2021,6,PS,Problem Solving,,B,mcq,ABCDE,是,,bank/TARA/BMAT_section1/papers/BMAT-2021-S1.pdf
BMAT-2021-S1-q7,BMAT-2021-S1-q7.png,BMAT,1,2021,November 2021,7,PS,Problem Solving,,D,mcq,ABCDE,,,bank/TARA/BMAT_section1/papers/BMAT-2021-S1.pdf
BMAT-2021-S1-q8,BMAT-2021-S1-q8.png,BMAT,1,2021,November 2021,8,PS,Problem Solving,,B,mcq,ABCDE,是,,bank/TARA/BMAT_section1/papers/BMAT-2021-S1.pdf
BMAT-2021-S1-q9,BMAT-2021-S1-q9.png,BMAT,1,2021,November 2021,9,CT-assm,Critical Thinking: Identifying an Assumption,,A,mcq,ABCDE,,,bank/TARA/BMAT_section1/papers/BMAT-2021-S1.pdf
BMAT-2021-S1-q10,BMAT-2021-S1-q10.png,BMAT,1,2021,November 2021,10,CT-draw,Critical Thinking: Drawing a Conclusion,,B,mcq,ABCDE,,,bank/TARA/BMAT_section1/papers/BMAT-2021-S1.pdf
BMAT-2021-S1-q11,BMAT-2021-S1-q11.png,BMAT,1,2021,November 2021,11,CT-prin,Critical Thinking: Applying Principles,,E,mcq,ABCDE,,,bank/TARA/BMAT_section1/papers/BMAT-2021-S1.pdf
BMAT-2021-S1-q12,BMAT-2021-S1-q12.png,BMAT,1,2021,November 2021,12,PS,Problem Solving,,C,mcq,ABCDE,,,bank/TARA/BMAT_section1/papers/BMAT-2021-S1.pdf
BMAT-2021-S1-q13,BMAT-2021-S1-q13.png,BMAT,1,2021,November 2021,13,PS,Problem Solving,,C,mcq,ABCDE,,,bank/TARA/BMAT_section1/papers/BMAT-2021-S1.pdf
BMAT-2021-S1-q14,BMAT-2021-S1-q14.png,BMAT,1,2021,November 2021,14,PS,Problem Solving,,A,mcq,ABCDE,是,,bank/TARA/BMAT_section1/papers/BMAT-2021-S1.pdf
BMAT-2021-S1-q15,BMAT-2021-S1-q15.png,BMAT,1,2021,November 2021,15,CT-match,Critical Thinking: Matching Arguments,,E,mcq,ABCDE,,,bank/TARA/BMAT_section1/papers/BMAT-2021-S1.pdf
BMAT-2021-S1-q16,BMAT-2021-S1-q16.png,BMAT,1,2021,November 2021,16,CT-evid,Critical Thinking: Assessing the Impact of Additional Evidence,,B,mcq,ABCDE,,,bank/TARA/BMAT_section1/papers/BMAT-2021-S1.pdf
BMAT-2021-S1-q17,BMAT-2021-S1-q17.png,BMAT,1,2021,November 2021,17,CT-assm,Critical Thinking: Identifying an Assumption,,B,mcq,ABCDE,,,bank/TARA/BMAT_section1/papers/BMAT-2021-S1.pdf
BMAT-2021-S1-q18,BMAT-2021-S1-q18.png,BMAT,1,2021,November 2021,18,PS,Problem Solving,,D,mcq,ABCDE,,,bank/TARA/BMAT_section1/papers/BMAT-2021-S1.pdf
BMAT-2021-S1-q19,BMAT-2021-S1-q19.png,BMAT,1,2021,November 2021,19,PS,Problem Solving,,D,mcq,ABCDE,,,bank/TARA/BMAT_section1/papers/BMAT-2021-S1.pdf
BMAT-2021-S1-q20,BMAT-2021-S1-q20.png,BMAT,1,2021,November 2021,20,PS,Problem Solving,,C,mcq,ABCDE,是,,bank/TARA/BMAT_section1/papers/BMAT-2021-S1.pdf
BMAT-2021-S1-q21,BMAT-2021-S1-q21.png,BMAT,1,2021,November 2021,21,CT-flaw,Critical Thinking: Detecting Reasoning Errors,,A,mcq,ABCDE,,,bank/TARA/BMAT_section1/papers/BMAT-2021-S1.pdf
BMAT-2021-S1-q22,BMAT-2021-S1-q22.png,BMAT,1,2021,November 2021,22,CT-prin,Critical Thinking: Applying Principles,,E,mcq,ABCDE,,,bank/TARA/BMAT_section1/papers/BMAT-2021-S1.pdf
BMAT-2021-S1-q23,BMAT-2021-S1-q23.png,BMAT,1,2021,November 2021,23,CT-evid,Critical Thinking: Assessing the Impact of Additional Evidence,,D,mcq,ABCDE,,,bank/TARA/BMAT_section1/papers/BMAT-2021-S1.pdf
BMAT-2021-S1-q24,BMAT-2021-S1-q24.png,BMAT,1,2021,November 2021,24,PS,Problem Solving,,A,mcq,ABCDE,,,bank/TARA/BMAT_section1/papers/BMAT-2021-S1.pdf
BMAT-2021-S1-q25,BMAT-2021-S1-q25.png,BMAT,1,2021,November 2021,25,PS,Problem Solving,,A,mcq,ABCDE,,,bank/TARA/BMAT_section1/papers/BMAT-2021-S1.pdf
BMAT-2021-S1-q26,BMAT-2021-S1-q26.png,BMAT,1,2021,November 2021,26,PS,Problem Solving,,E,mcq,ABCDE,是,,bank/TARA/BMAT_section1/papers/BMAT-2021-S1.pdf
BMAT-2021-S1-q27,BMAT-2021-S1-q27.png,BMAT,1,2021,November 2021,27,CT-flaw,Critical Thinking: Detecting Reasoning Errors,,E,mcq,ABCDE,,,bank/TARA/BMAT_section1/papers/BMAT-2021-S1.pdf
BMAT-2021-S1-q28,BMAT-2021-S1-q28.png,BMAT,1,2021,November 2021,28,PS,Problem Solving,,D,mcq,ABCDE,是,,bank/TARA/BMAT_section1/papers/BMAT-2021-S1.pdf
BMAT-2021-S1-q29,BMAT-2021-S1-q29.png,BMAT,1,2021,November 2021,29,CT-main,Critical Thinking: Identifying the Main Conclusion,,C,mcq,ABCDE,,,bank/TARA/BMAT_section1/papers/BMAT-2021-S1.pdf
BMAT-2021-S1-q30,BMAT-2021-S1-q30.png,BMAT,1,2021,November 2021,30,PS,Problem Solving,,C,mcq,ABCDE,,,bank/TARA/BMAT_section1/papers/BMAT-2021-S1.pdf
BMAT-2021-S1-q31,BMAT-2021-S1-q31.png,BMAT,1,2021,November 2021,31,CT-match,Critical Thinking: Matching Arguments,,C,mcq,ABCDE,,,bank/TARA/BMAT_section1/papers/BMAT-2021-S1.pdf
BMAT-2021-S1-q32,BMAT-2021-S1-q32.png,BMAT,1,2021,November 2021,32,PS,Problem Solving,,A,mcq,ABCDE,是,,bank/TARA/BMAT_section1/papers/BMAT-2021-S1.pdf
BMAT-2022-S1-q1,BMAT-2022-S1-q1.png,BMAT,1,2022,November 2022,1,CT-main,Critical Thinking: Identifying the Main Conclusion,,E,mcq,ABCDE,,,bank/TARA/BMAT_section1/papers/BMAT-2022-S1.pdf
BMAT-2022-S1-q2,BMAT-2022-S1-q2.png,BMAT,1,2022,November 2022,2,PS,Problem Solving,,D,mcq,ABCDE,,,bank/TARA/BMAT_section1/papers/BMAT-2022-S1.pdf
BMAT-2022-S1-q3,BMAT-2022-S1-q3.png,BMAT,1,2022,November 2022,3,CT-match,Critical Thinking: Matching Arguments,,E,mcq,ABCDE,,,bank/TARA/BMAT_section1/papers/BMAT-2022-S1.pdf
BMAT-2022-S1-q4,BMAT-2022-S1-q4.png,BMAT,1,2022,November 2022,4,CT-assm,Critical Thinking: Identifying an Assumption,,E,mcq,ABCDE,,,bank/TARA/BMAT_section1/papers/BMAT-2022-S1.pdf
BMAT-2022-S1-q5,BMAT-2022-S1-q5.png,BMAT,1,2022,November 2022,5,CT-draw,Critical Thinking: Drawing a Conclusion,,B,mcq,ABCDE,,,bank/TARA/BMAT_section1/papers/BMAT-2022-S1.pdf
BMAT-2022-S1-q6,BMAT-2022-S1-q6.png,BMAT,1,2022,November 2022,6,PS,Problem Solving,,A,mcq,ABCDE,,,bank/TARA/BMAT_section1/papers/BMAT-2022-S1.pdf
BMAT-2022-S1-q7,BMAT-2022-S1-q7.png,BMAT,1,2022,November 2022,7,PS,Problem Solving,,B,mcq,ABCDE,,,bank/TARA/BMAT_section1/papers/BMAT-2022-S1.pdf
BMAT-2022-S1-q8,BMAT-2022-S1-q8.png,BMAT,1,2022,November 2022,8,PS,Problem Solving,,A,mcq,ABCDE,是,,bank/TARA/BMAT_section1/papers/BMAT-2022-S1.pdf
BMAT-2022-S1-q9,BMAT-2022-S1-q9.png,BMAT,1,2022,November 2022,9,CT-flaw,Critical Thinking: Detecting Reasoning Errors,,E,mcq,ABCDE,,,bank/TARA/BMAT_section1/papers/BMAT-2022-S1.pdf
BMAT-2022-S1-q10,BMAT-2022-S1-q10.png,BMAT,1,2022,November 2022,10,CT-evid,Critical Thinking: Assessing the Impact of Additional Evidence,,C,mcq,ABCDE,,,bank/TARA/BMAT_section1/papers/BMAT-2022-S1.pdf
BMAT-2022-S1-q11,BMAT-2022-S1-q11.png,BMAT,1,2022,November 2022,11,CT-prin,Critical Thinking: Applying Principles,,D,mcq,ABCDE,,,bank/TARA/BMAT_section1/papers/BMAT-2022-S1.pdf
BMAT-2022-S1-q12,BMAT-2022-S1-q12.png,BMAT,1,2022,November 2022,12,PS,Problem Solving,,C,mcq,ABCDE,,,bank/TARA/BMAT_section1/papers/BMAT-2022-S1.pdf
BMAT-2022-S1-q13,BMAT-2022-S1-q13.png,BMAT,1,2022,November 2022,13,PS,Problem Solving,,D,mcq,ABCDE,,,bank/TARA/BMAT_section1/papers/BMAT-2022-S1.pdf
BMAT-2022-S1-q14,BMAT-2022-S1-q14.png,BMAT,1,2022,November 2022,14,PS,Problem Solving,,C,mcq,ABCDE,是,,bank/TARA/BMAT_section1/papers/BMAT-2022-S1.pdf
BMAT-2022-S1-q15,BMAT-2022-S1-q15.png,BMAT,1,2022,November 2022,15,CT-main,Critical Thinking: Identifying the Main Conclusion,,B,mcq,ABCDE,,,bank/TARA/BMAT_section1/papers/BMAT-2022-S1.pdf
BMAT-2022-S1-q16,BMAT-2022-S1-q16.png,BMAT,1,2022,November 2022,16,CT-draw,Critical Thinking: Drawing a Conclusion,,C,mcq,ABCDE,,,bank/TARA/BMAT_section1/papers/BMAT-2022-S1.pdf
BMAT-2022-S1-q17,BMAT-2022-S1-q17.png,BMAT,1,2022,November 2022,17,CT-assm,Critical Thinking: Identifying an Assumption,,E,mcq,ABCDE,,,bank/TARA/BMAT_section1/papers/BMAT-2022-S1.pdf
BMAT-2022-S1-q18,BMAT-2022-S1-q18.png,BMAT,1,2022,November 2022,18,PS,Problem Solving,,A,mcq,ABCDE,,,bank/TARA/BMAT_section1/papers/BMAT-2022-S1.pdf
BMAT-2022-S1-q19,BMAT-2022-S1-q19.png,BMAT,1,2022,November 2022,19,PS,Problem Solving,,D,mcq,ABCDE,,,bank/TARA/BMAT_section1/papers/BMAT-2022-S1.pdf
BMAT-2022-S1-q20,BMAT-2022-S1-q20.png,BMAT,1,2022,November 2022,20,PS,Problem Solving,,D,mcq,ABCDE,是,,bank/TARA/BMAT_section1/papers/BMAT-2022-S1.pdf
BMAT-2022-S1-q21,BMAT-2022-S1-q21.png,BMAT,1,2022,November 2022,21,CT-evid,Critical Thinking: Assessing the Impact of Additional Evidence,,A,mcq,ABCDE,,,bank/TARA/BMAT_section1/papers/BMAT-2022-S1.pdf
BMAT-2022-S1-q22,BMAT-2022-S1-q22.png,BMAT,1,2022,November 2022,22,CT-prin,Critical Thinking: Applying Principles,,E,mcq,ABCDE,,,bank/TARA/BMAT_section1/papers/BMAT-2022-S1.pdf
BMAT-2022-S1-q23,BMAT-2022-S1-q23.png,BMAT,1,2022,November 2022,23,CT-assm,Critical Thinking: Identifying an Assumption,,E,mcq,ABCDE,,,bank/TARA/BMAT_section1/papers/BMAT-2022-S1.pdf
BMAT-2022-S1-q24,BMAT-2022-S1-q24.png,BMAT,1,2022,November 2022,24,PS,Problem Solving,,C,mcq,ABCDE,,,bank/TARA/BMAT_section1/papers/BMAT-2022-S1.pdf
BMAT-2022-S1-q25,BMAT-2022-S1-q25.png,BMAT,1,2022,November 2022,25,PS,Problem Solving,,C,mcq,ABCDE,,,bank/TARA/BMAT_section1/papers/BMAT-2022-S1.pdf
BMAT-2022-S1-q26,BMAT-2022-S1-q26.png,BMAT,1,2022,November 2022,26,PS,Problem Solving,,B,mcq,ABCDE,是,,bank/TARA/BMAT_section1/papers/BMAT-2022-S1.pdf
BMAT-2022-S1-q27,BMAT-2022-S1-q27.png,BMAT,1,2022,November 2022,27,CT-evid,Critical Thinking: Assessing the Impact of Additional Evidence,,B,mcq,ABCDE,,,bank/TARA/BMAT_section1/papers/BMAT-2022-S1.pdf
BMAT-2022-S1-q28,BMAT-2022-S1-q28.png,BMAT,1,2022,November 2022,28,PS,Problem Solving,,A,mcq,ABCDE,,,bank/TARA/BMAT_section1/papers/BMAT-2022-S1.pdf
BMAT-2022-S1-q29,BMAT-2022-S1-q29.png,BMAT,1,2022,November 2022,29,CT-main,Critical Thinking: Identifying the Main Conclusion,,B,mcq,ABCDE,,,bank/TARA/BMAT_section1/papers/BMAT-2022-S1.pdf
BMAT-2022-S1-q30,BMAT-2022-S1-q30.png,BMAT,1,2022,November 2022,30,PS,Problem Solving,,A,mcq,ABCDE,,,bank/TARA/BMAT_section1/papers/BMAT-2022-S1.pdf
BMAT-2022-S1-q31,BMAT-2022-S1-q31.png,BMAT,1,2022,November 2022,31,CT-match,Critical Thinking: Matching Arguments,,C,mcq,ABCDE,,,bank/TARA/BMAT_section1/papers/BMAT-2022-S1.pdf
BMAT-2022-S1-q32,BMAT-2022-S1-q32.png,BMAT,1,2022,November 2022,32,PS,Problem Solving,,C,mcq,ABCDE,是,,bank/TARA/BMAT_section1/papers/BMAT-2022-S1.pdf
BMAT-2023-S1-q1,BMAT-2023-S1-q1.png,BMAT,1,2023,November 2023,1,CT-draw,Critical Thinking: Drawing a Conclusion,,C,mcq,ABCDE,,,bank/TARA/BMAT_section1/papers/BMAT-2023-S1.pdf
BMAT-2023-S1-q2,BMAT-2023-S1-q2.png,BMAT,1,2023,November 2023,2,PS,Problem Solving,,D,mcq,ABCDE,,,bank/TARA/BMAT_section1/papers/BMAT-2023-S1.pdf
BMAT-2023-S1-q3,BMAT-2023-S1-q3.png,BMAT,1,2023,November 2023,3,CT-flaw,Critical Thinking: Detecting Reasoning Errors,,D,mcq,ABCDE,,,bank/TARA/BMAT_section1/papers/BMAT-2023-S1.pdf
BMAT-2023-S1-q4,BMAT-2023-S1-q4.png,BMAT,1,2023,November 2023,4,CT-assm,Critical Thinking: Identifying an Assumption,,E,mcq,ABCDE,,,bank/TARA/BMAT_section1/papers/BMAT-2023-S1.pdf
BMAT-2023-S1-q5,BMAT-2023-S1-q5.png,BMAT,1,2023,November 2023,5,CT-evid,Critical Thinking: Assessing the Impact of Additional Evidence,,C,mcq,ABCDE,,,bank/TARA/BMAT_section1/papers/BMAT-2023-S1.pdf
BMAT-2023-S1-q6,BMAT-2023-S1-q6.png,BMAT,1,2023,November 2023,6,PS,Problem Solving,,B,mcq,ABCDE,,,bank/TARA/BMAT_section1/papers/BMAT-2023-S1.pdf
BMAT-2023-S1-q7,BMAT-2023-S1-q7.png,BMAT,1,2023,November 2023,7,PS,Problem Solving,,A,mcq,ABCDE,,,bank/TARA/BMAT_section1/papers/BMAT-2023-S1.pdf
BMAT-2023-S1-q8,BMAT-2023-S1-q8.png,BMAT,1,2023,November 2023,8,PS,Problem Solving,,C,mcq,ABCDE,是,,bank/TARA/BMAT_section1/papers/BMAT-2023-S1.pdf
BMAT-2023-S1-q9,BMAT-2023-S1-q9.png,BMAT,1,2023,November 2023,9,CT-main,Critical Thinking: Identifying the Main Conclusion,,A,mcq,ABCDE,,,bank/TARA/BMAT_section1/papers/BMAT-2023-S1.pdf
BMAT-2023-S1-q10,BMAT-2023-S1-q10.png,BMAT,1,2023,November 2023,10,CT-match,Critical Thinking: Matching Arguments,,B,mcq,ABCDE,,,bank/TARA/BMAT_section1/papers/BMAT-2023-S1.pdf
BMAT-2023-S1-q11,BMAT-2023-S1-q11.png,BMAT,1,2023,November 2023,11,CT-prin,Critical Thinking: Applying Principles,,D,mcq,ABCDE,,,bank/TARA/BMAT_section1/papers/BMAT-2023-S1.pdf
BMAT-2023-S1-q12,BMAT-2023-S1-q12.png,BMAT,1,2023,November 2023,12,PS,Problem Solving,,E,mcq,ABCDE,,,bank/TARA/BMAT_section1/papers/BMAT-2023-S1.pdf
BMAT-2023-S1-q13,BMAT-2023-S1-q13.png,BMAT,1,2023,November 2023,13,PS,Problem Solving,,E,mcq,ABCDE,,,bank/TARA/BMAT_section1/papers/BMAT-2023-S1.pdf
BMAT-2023-S1-q14,BMAT-2023-S1-q14.png,BMAT,1,2023,November 2023,14,PS,Problem Solving,,B,mcq,ABCDE,是,,bank/TARA/BMAT_section1/papers/BMAT-2023-S1.pdf
BMAT-2023-S1-q15,BMAT-2023-S1-q15.png,BMAT,1,2023,November 2023,15,CT-assm,Critical Thinking: Identifying an Assumption,,C,mcq,ABCDE,,,bank/TARA/BMAT_section1/papers/BMAT-2023-S1.pdf
BMAT-2023-S1-q16,BMAT-2023-S1-q16.png,BMAT,1,2023,November 2023,16,CT-flaw,Critical Thinking: Detecting Reasoning Errors,,A,mcq,ABCD,,,bank/TARA/BMAT_section1/papers/BMAT-2023-S1.pdf
BMAT-2023-S1-q17,BMAT-2023-S1-q17.png,BMAT,1,2023,November 2023,17,CT-main,Critical Thinking: Identifying the Main Conclusion,,B,mcq,ABCDE,,,bank/TARA/BMAT_section1/papers/BMAT-2023-S1.pdf
BMAT-2023-S1-q18,BMAT-2023-S1-q18.png,BMAT,1,2023,November 2023,18,PS,Problem Solving,,D,mcq,ABCDE,,,bank/TARA/BMAT_section1/papers/BMAT-2023-S1.pdf
BMAT-2023-S1-q19,BMAT-2023-S1-q19.png,BMAT,1,2023,November 2023,19,PS,Problem Solving,,C,mcq,ABCDE,,,bank/TARA/BMAT_section1/papers/BMAT-2023-S1.pdf
BMAT-2023-S1-q20,BMAT-2023-S1-q20.png,BMAT,1,2023,November 2023,20,PS,Problem Solving,,A,mcq,ABCDE,是,,bank/TARA/BMAT_section1/papers/BMAT-2023-S1.pdf
BMAT-2023-S1-q21,BMAT-2023-S1-q21.png,BMAT,1,2023,November 2023,21,CT-assm,Critical Thinking: Identifying an Assumption,,E,mcq,ABCDE,,,bank/TARA/BMAT_section1/papers/BMAT-2023-S1.pdf
BMAT-2023-S1-q22,BMAT-2023-S1-q22.png,BMAT,1,2023,November 2023,22,CT-draw,Critical Thinking: Drawing a Conclusion,,A,mcq,ABCD,,,bank/TARA/BMAT_section1/papers/BMAT-2023-S1.pdf
BMAT-2023-S1-q23,BMAT-2023-S1-q23.png,BMAT,1,2023,November 2023,23,CT-match,Critical Thinking: Matching Arguments,,A,mcq,ABCDE,,,bank/TARA/BMAT_section1/papers/BMAT-2023-S1.pdf
BMAT-2023-S1-q24,BMAT-2023-S1-q24.png,BMAT,1,2023,November 2023,24,PS,Problem Solving,,C,mcq,ABCDE,,,bank/TARA/BMAT_section1/papers/BMAT-2023-S1.pdf
BMAT-2023-S1-q25,BMAT-2023-S1-q25.png,BMAT,1,2023,November 2023,25,PS,Problem Solving,,C,mcq,ABCDE,,,bank/TARA/BMAT_section1/papers/BMAT-2023-S1.pdf
BMAT-2023-S1-q26,BMAT-2023-S1-q26.png,BMAT,1,2023,November 2023,26,PS,Problem Solving,,A,mcq,ABCDE,是,,bank/TARA/BMAT_section1/papers/BMAT-2023-S1.pdf
BMAT-2023-S1-q27,BMAT-2023-S1-q27.png,BMAT,1,2023,November 2023,27,CT-main,Critical Thinking: Identifying the Main Conclusion,,A,mcq,ABCDE,,,bank/TARA/BMAT_section1/papers/BMAT-2023-S1.pdf
BMAT-2023-S1-q28,BMAT-2023-S1-q28.png,BMAT,1,2023,November 2023,28,PS,Problem Solving,,C,mcq,ABCDE,,,bank/TARA/BMAT_section1/papers/BMAT-2023-S1.pdf
BMAT-2023-S1-q29,BMAT-2023-S1-q29.png,BMAT,1,2023,November 2023,29,CT-evid,Critical Thinking: Assessing the Impact of Additional Evidence,,D,mcq,ABCDE,,,bank/TARA/BMAT_section1/papers/BMAT-2023-S1.pdf
BMAT-2023-S1-q30,BMAT-2023-S1-q30.png,BMAT,1,2023,November 2023,30,PS,Problem Solving,,A,mcq,ABCDE,,,bank/TARA/BMAT_section1/papers/BMAT-2023-S1.pdf
BMAT-2023-S1-q31,BMAT-2023-S1-q31.png,BMAT,1,2023,November 2023,31,CT-prin,Critical Thinking: Applying Principles,,C,mcq,ABCDE,,,bank/TARA/BMAT_section1/papers/BMAT-2023-S1.pdf
BMAT-2023-S1-q32,BMAT-2023-S1-q32.png,BMAT,1,2023,November 2023,32,PS,Problem Solving,,D,mcq,ABCDE,是,,bank/TARA/BMAT_section1/papers/BMAT-2023-S1.pdf
TMUA-2016-P1-q1,TMUA-2016-P1-q1.png,TMUA,1,2016,October 2016,1,MM1,Algebra and functions,,H,mcq,ABCDEFGH,,是,bank/TMUA/papers/TMUA-2016-paper-1.pdf
TMUA-2016-P1-q2,TMUA-2016-P1-q2.png,TMUA,1,2016,October 2016,2,MM1,Algebra and functions,,E,mcq,ABCDEF,,是,bank/TMUA/papers/TMUA-2016-paper-1.pdf
TMUA-2016-P1-q3,TMUA-2016-P1-q3.png,TMUA,1,2016,October 2016,3,MM3,Coordinate geometry,,C,mcq,ABCDEF,,是,bank/TMUA/papers/TMUA-2016-paper-1.pdf
TMUA-2016-P1-q4,TMUA-2016-P1-q4.png,TMUA,1,2016,October 2016,4,MM1,Algebra and functions,,B,mcq,ABCDEFG,,是,bank/TMUA/papers/TMUA-2016-paper-1.pdf
TMUA-2016-P1-q5,TMUA-2016-P1-q5.png,TMUA,1,2016,October 2016,5,MM8,Graphs of functions,,C,mcq,ABCDEF,,是,bank/TMUA/papers/TMUA-2016-paper-1.pdf
TMUA-2016-P1-q6,TMUA-2016-P1-q6.png,TMUA,1,2016,October 2016,6,M3,Ratio and proportion,,C,mcq,ABCDEF,,是,bank/TMUA/papers/TMUA-2016-paper-1.pdf
TMUA-2016-P1-q7,TMUA-2016-P1-q7.png,TMUA,1,2016,October 2016,7,M7,Probability,,B,mcq,ABCDE,,是,bank/TMUA/papers/TMUA-2016-paper-1.pdf
TMUA-2016-P1-q8,TMUA-2016-P1-q8.png,TMUA,1,2016,October 2016,8,MM4,Trigonometry,,F,mcq,ABCDEFGH,,是,bank/TMUA/papers/TMUA-2016-paper-1.pdf
TMUA-2016-P1-q9,TMUA-2016-P1-q9.png,TMUA,1,2016,October 2016,9,MM3,Coordinate geometry,,D,mcq,ABCDEF,,是,bank/TMUA/papers/TMUA-2016-paper-1.pdf
TMUA-2016-P1-q10,TMUA-2016-P1-q10.png,TMUA,1,2016,October 2016,10,MM8,Graphs of functions,,E,mcq,ABCDEFG,,是,bank/TMUA/papers/TMUA-2016-paper-1.pdf
TMUA-2016-P1-q11,TMUA-2016-P1-q11.png,TMUA,1,2016,October 2016,11,MM5,Exponentials and logarithms,,E,mcq,ABCDEF,,是,bank/TMUA/papers/TMUA-2016-paper-1.pdf
TMUA-2016-P1-q12,TMUA-2016-P1-q12.png,TMUA,1,2016,October 2016,12,M5,Geometry,,E,mcq,ABCDEF,是,是,bank/TMUA/papers/TMUA-2016-paper-1.pdf
TMUA-2016-P1-q13,TMUA-2016-P1-q13.png,TMUA,1,2016,October 2016,13,MM8,Graphs of functions,,C,mcq,ABCDE,,是,bank/TMUA/papers/TMUA-2016-paper-1.pdf
TMUA-2016-P1-q14,TMUA-2016-P1-q14.png,TMUA,1,2016,October 2016,14,MM2,Sequences and series,,D,mcq,ABCDEF,,是,bank/TMUA/papers/TMUA-2016-paper-1.pdf
TMUA-2016-P1-q15,TMUA-2016-P1-q15.png,TMUA,1,2016,October 2016,15,MM6,Differentiation,,C,mcq,ABCDE,,是,bank/TMUA/papers/TMUA-2016-paper-1.pdf
TMUA-2016-P1-q16,TMUA-2016-P1-q16.png,TMUA,1,2016,October 2016,16,MM5,Exponentials and logarithms,,C,mcq,ABCDE,,是,bank/TMUA/papers/TMUA-2016-paper-1.pdf
TMUA-2016-P1-q17,TMUA-2016-P1-q17.png,TMUA,1,2016,October 2016,17,MM4,Trigonometry,,D,mcq,ABCDEF,,是,bank/TMUA/papers/TMUA-2016-paper-1.pdf
TMUA-2016-P1-q18,TMUA-2016-P1-q18.png,TMUA,1,2016,October 2016,18,MM6,Differentiation,,A,mcq,ABCDEF,,是,bank/TMUA/papers/TMUA-2016-paper-1.pdf
TMUA-2016-P1-q19,TMUA-2016-P1-q19.png,TMUA,1,2016,October 2016,19,MM2,Sequences and series,,B,mcq,ABCDE,,是,bank/TMUA/papers/TMUA-2016-paper-1.pdf
TMUA-2016-P1-q20,TMUA-2016-P1-q20.png,TMUA,1,2016,October 2016,20,MM4,Trigonometry,,D,mcq,ABCDE,是,是,bank/TMUA/papers/TMUA-2016-paper-1.pdf
TMUA-2016-P2-q1,TMUA-2016-P2-q1.png,TMUA,2,2016,October 2016,1,MM1,Algebra and functions,,A,mcq,ABCDEF,,是,bank/TMUA/papers/TMUA-2016-paper-2.pdf
TMUA-2016-P2-q2,TMUA-2016-P2-q2.png,TMUA,2,2016,October 2016,2,MM1,Algebra and functions,,B,mcq,ABCD,,是,bank/TMUA/papers/TMUA-2016-paper-2.pdf
TMUA-2016-P2-q3,TMUA-2016-P2-q3.png,TMUA,2,2016,October 2016,3,MM4,Trigonometry,,D,mcq,ABCDEF,,是,bank/TMUA/papers/TMUA-2016-paper-2.pdf
TMUA-2016-P2-q4,TMUA-2016-P2-q4.png,TMUA,2,2016,October 2016,4,MM1,Algebra and functions,Arg,C,mcq,ABCDE,,是,bank/TMUA/papers/TMUA-2016-paper-2.pdf
TMUA-2016-P2-q5,TMUA-2016-P2-q5.png,TMUA,2,2016,October 2016,5,M2,Number,Arg,C,mcq,ABCDE,,是,bank/TMUA/papers/TMUA-2016-paper-2.pdf
TMUA-2016-P2-q6,TMUA-2016-P2-q6.png,TMUA,2,2016,October 2016,6,MM2,Sequences and series,,C,mcq,ABCDEFGH,,是,bank/TMUA/papers/TMUA-2016-paper-2.pdf
TMUA-2016-P2-q7,TMUA-2016-P2-q7.png,TMUA,2,2016,October 2016,7,MM3,Coordinate geometry,Prf,C,mcq,ABCDEFGH,,是,bank/TMUA/papers/TMUA-2016-paper-2.pdf
TMUA-2016-P2-q8,TMUA-2016-P2-q8.png,TMUA,2,2016,October 2016,8,MM1,Algebra and functions,Arg,B,mcq,ABCDEFGH,,是,bank/TMUA/papers/TMUA-2016-paper-2.pdf
TMUA-2016-P2-q9,TMUA-2016-P2-q9.png,TMUA,2,2016,October 2016,9,MM4,Trigonometry,,D,mcq,ABCDEFGH,,是,bank/TMUA/papers/TMUA-2016-paper-2.pdf
TMUA-2016-P2-q10,TMUA-2016-P2-q10.png,TMUA,2,2016,October 2016,10,MM6,Differentiation,Arg,E,mcq,ABCDEF,,是,bank/TMUA/papers/TMUA-2016-paper-2.pdf
TMUA-2016-P2-q11,TMUA-2016-P2-q11.png,TMUA,2,2016,October 2016,11,MM8,Graphs of functions,Arg,D,mcq,ABCDEFGH,,是,bank/TMUA/papers/TMUA-2016-paper-2.pdf
TMUA-2016-P2-q12,TMUA-2016-P2-q12.png,TMUA,2,2016,October 2016,12,MM2,Sequences and series,Prf,F,mcq,ABCDEF,,是,bank/TMUA/papers/TMUA-2016-paper-2.pdf
TMUA-2016-P2-q13,TMUA-2016-P2-q13.png,TMUA,2,2016,October 2016,13,MM1,Algebra and functions,Err,E,mcq,ABCDEF,,是,bank/TMUA/papers/TMUA-2016-paper-2.pdf
TMUA-2016-P2-q14,TMUA-2016-P2-q14.png,TMUA,2,2016,October 2016,14,MM8,Graphs of functions,,B,mcq,ABCDE,,是,bank/TMUA/papers/TMUA-2016-paper-2.pdf
TMUA-2016-P2-q15,TMUA-2016-P2-q15.png,TMUA,2,2016,October 2016,15,MM1,Algebra and functions,Arg,D,mcq,ABCDE,,是,bank/TMUA/papers/TMUA-2016-paper-2.pdf
TMUA-2016-P2-q16,TMUA-2016-P2-q16.png,TMUA,2,2016,October 2016,16,M5,Geometry,,C,mcq,ABCDE,是,是,bank/TMUA/papers/TMUA-2016-paper-2.pdf
TMUA-2016-P2-q17,TMUA-2016-P2-q17.png,TMUA,2,2016,October 2016,17,MM8,Graphs of functions,Arg,H,mcq,ABCDEFGH,,是,bank/TMUA/papers/TMUA-2016-paper-2.pdf
TMUA-2016-P2-q18,TMUA-2016-P2-q18.png,TMUA,2,2016,October 2016,18,MM7,Integration,Arg,D,mcq,ABCDEF,,是,bank/TMUA/papers/TMUA-2016-paper-2.pdf
TMUA-2016-P2-q19,TMUA-2016-P2-q19.png,TMUA,2,2016,October 2016,19,M5,Geometry,,F,mcq,ABCDEFG,是,是,bank/TMUA/papers/TMUA-2016-paper-2.pdf
TMUA-2016-P2-q20,TMUA-2016-P2-q20.png,TMUA,2,2016,October 2016,20,MM4,Trigonometry,Arg,E,mcq,ABCDEFGH,,是,bank/TMUA/papers/TMUA-2016-paper-2.pdf
TMUA-2017-P1-q1,TMUA-2017-P1-q1.png,TMUA,1,2017,October 2017,1,MM5,Exponentials and logarithms,,C,mcq,ABCDEF,,是,bank/TMUA/papers/TMUA-2017-paper-1.pdf
TMUA-specimen-P1-q1,TMUA-specimen-P1-q1.png,TMUA,1,2017,Specimen,1,MM1,Algebra and functions,,D,mcq,ABCDEF,,是,bank/TMUA/papers/TMUA-specimen-paper-1.pdf
TMUA-2017-P1-q2,TMUA-2017-P1-q2.png,TMUA,1,2017,October 2017,2,MM1,Algebra and functions,,C,mcq,ABCDEF,,是,bank/TMUA/papers/TMUA-2017-paper-1.pdf
TMUA-specimen-P1-q2,TMUA-specimen-P1-q2.png,TMUA,1,2017,Specimen,2,MM4,Trigonometry,,D,mcq,ABCDEFG,,是,bank/TMUA/papers/TMUA-specimen-paper-1.pdf
TMUA-2017-P1-q3,TMUA-2017-P1-q3.png,TMUA,1,2017,October 2017,3,MM5,Exponentials and logarithms,,A,mcq,ABCDE,,是,bank/TMUA/papers/TMUA-2017-paper-1.pdf
TMUA-specimen-P1-q3,TMUA-specimen-P1-q3.png,TMUA,1,2017,Specimen,3,MM3,Coordinate geometry,,B,mcq,ABCDE,,是,bank/TMUA/papers/TMUA-specimen-paper-1.pdf
TMUA-2017-P1-q4,TMUA-2017-P1-q4.png,TMUA,1,2017,October 2017,4,MM1,Algebra and functions,,B,mcq,ABCDE,,是,bank/TMUA/papers/TMUA-2017-paper-1.pdf
TMUA-specimen-P1-q4,TMUA-specimen-P1-q4.png,TMUA,1,2017,Specimen,4,MM1,Algebra and functions,,E,mcq,ABCDE,,是,bank/TMUA/papers/TMUA-specimen-paper-1.pdf
TMUA-2017-P1-q5,TMUA-2017-P1-q5.png,TMUA,1,2017,October 2017,5,MM1,Algebra and functions,,C,mcq,ABCDEFGH,,是,bank/TMUA/papers/TMUA-2017-paper-1.pdf
TMUA-specimen-P1-q5,TMUA-specimen-P1-q5.png,TMUA,1,2017,Specimen,5,MM5,Exponentials and logarithms,,D,mcq,ABCDEF,,是,bank/TMUA/papers/TMUA-specimen-paper-1.pdf
TMUA-2017-P1-q6,TMUA-2017-P1-q6.png,TMUA,1,2017,October 2017,6,MM3,Coordinate geometry,,B,mcq,ABCDEF,,是,bank/TMUA/papers/TMUA-2017-paper-1.pdf
TMUA-specimen-P1-q6,TMUA-specimen-P1-q6.png,TMUA,1,2017,Specimen,6,MM1,Algebra and functions,,D,mcq,ABCDE,,是,bank/TMUA/papers/TMUA-specimen-paper-1.pdf
TMUA-2017-P1-q7,TMUA-2017-P1-q7.png,TMUA,1,2017,October 2017,7,MM2,Sequences and series,,B,mcq,ABCD,,是,bank/TMUA/papers/TMUA-2017-paper-1.pdf
TMUA-specimen-P1-q7,TMUA-specimen-P1-q7.png,TMUA,1,2017,Specimen,7,M7,Probability,,C,mcq,ABCDEF,,是,bank/TMUA/papers/TMUA-specimen-paper-1.pdf
TMUA-2017-P1-q8,TMUA-2017-P1-q8.png,TMUA,1,2017,October 2017,8,MM4,Trigonometry,,A,mcq,ABCD,,是,bank/TMUA/papers/TMUA-2017-paper-1.pdf
TMUA-specimen-P1-q8,TMUA-specimen-P1-q8.png,TMUA,1,2017,Specimen,8,MM5,Exponentials and logarithms,,F,mcq,ABCDEFGH,,是,bank/TMUA/papers/TMUA-specimen-paper-1.pdf
TMUA-2017-P1-q9,TMUA-2017-P1-q9.png,TMUA,1,2017,October 2017,9,MM4,Trigonometry,,F,mcq,ABCDEFGH,,是,bank/TMUA/papers/TMUA-2017-paper-1.pdf
TMUA-specimen-P1-q9,TMUA-specimen-P1-q9.png,TMUA,1,2017,Specimen,9,MM1,Algebra and functions,,A,mcq,ABCD,,是,bank/TMUA/papers/TMUA-specimen-paper-1.pdf
TMUA-2017-P1-q10,TMUA-2017-P1-q10.png,TMUA,1,2017,October 2017,10,MM1,Algebra and functions,,E,mcq,ABCDEF,,是,bank/TMUA/papers/TMUA-2017-paper-1.pdf
TMUA-specimen-P1-q10,TMUA-specimen-P1-q10.png,TMUA,1,2017,Specimen,10,MM8,Graphs of functions,,D,mcq,ABCD,,是,bank/TMUA/papers/TMUA-specimen-paper-1.pdf
TMUA-2017-P1-q11,TMUA-2017-P1-q11.png,TMUA,1,2017,October 2017,11,MM4,Trigonometry,,A,mcq,ABCDE,,是,bank/TMUA/papers/TMUA-2017-paper-1.pdf
TMUA-specimen-P1-q11,TMUA-specimen-P1-q11.png,TMUA,1,2017,Specimen,11,MM5,Exponentials and logarithms,,E,mcq,ABCDE,,是,bank/TMUA/papers/TMUA-specimen-paper-1.pdf
TMUA-2017-P1-q12,TMUA-2017-P1-q12.png,TMUA,1,2017,October 2017,12,MM7,Integration,,B,mcq,ABCDEF,,是,bank/TMUA/papers/TMUA-2017-paper-1.pdf
TMUA-specimen-P1-q12,TMUA-specimen-P1-q12.png,TMUA,1,2017,Specimen,12,MM4,Trigonometry,,D,mcq,ABCDE,,是,bank/TMUA/papers/TMUA-specimen-paper-1.pdf
TMUA-2017-P1-q13,TMUA-2017-P1-q13.png,TMUA,1,2017,October 2017,13,MM2,Sequences and series,,C,mcq,ABCDEF,,是,bank/TMUA/papers/TMUA-2017-paper-1.pdf
TMUA-specimen-P1-q13,TMUA-specimen-P1-q13.png,TMUA,1,2017,Specimen,13,MM8,Graphs of functions,,C,mcq,ABCDE,,是,bank/TMUA/papers/TMUA-specimen-paper-1.pdf
TMUA-2017-P1-q14,TMUA-2017-P1-q14.png,TMUA,1,2017,October 2017,14,MM1,Algebra and functions,,F,mcq,ABCDEF,,是,bank/TMUA/papers/TMUA-2017-paper-1.pdf
TMUA-specimen-P1-q14,TMUA-specimen-P1-q14.png,TMUA,1,2017,Specimen,14,MM5,Exponentials and logarithms,,D,mcq,ABCDE,,是,bank/TMUA/papers/TMUA-specimen-paper-1.pdf
TMUA-2017-P1-q15,TMUA-2017-P1-q15.png,TMUA,1,2017,October 2017,15,MM7,Integration,,B,mcq,ABCDEFGH,,是,bank/TMUA/papers/TMUA-2017-paper-1.pdf
TMUA-specimen-P1-q15,TMUA-specimen-P1-q15.png,TMUA,1,2017,Specimen,15,MM6,Differentiation,,A,mcq,ABCDE,,是,bank/TMUA/papers/TMUA-specimen-paper-1.pdf
TMUA-2017-P1-q16,TMUA-2017-P1-q16.png,TMUA,1,2017,October 2017,16,MM8,Graphs of functions,,E,mcq,ABCDEFG,,是,bank/TMUA/papers/TMUA-2017-paper-1.pdf
TMUA-specimen-P1-q16,TMUA-specimen-P1-q16.png,TMUA,1,2017,Specimen,16,M2,Number,,E,mcq,ABCDEFGH,,是,bank/TMUA/papers/TMUA-specimen-paper-1.pdf
TMUA-2017-P1-q17,TMUA-2017-P1-q17.png,TMUA,1,2017,October 2017,17,MM2,Sequences and series,,D,mcq,ABCDE,,是,bank/TMUA/papers/TMUA-2017-paper-1.pdf
TMUA-specimen-P1-q17,TMUA-specimen-P1-q17.png,TMUA,1,2017,Specimen,17,MM1,Algebra and functions,,D,mcq,ABCDE,,是,bank/TMUA/papers/TMUA-specimen-paper-1.pdf
TMUA-2017-P1-q18,TMUA-2017-P1-q18.png,TMUA,1,2017,October 2017,18,MM5,Exponentials and logarithms,,A,mcq,ABCDEF,,是,bank/TMUA/papers/TMUA-2017-paper-1.pdf
TMUA-specimen-P1-q18,TMUA-specimen-P1-q18.png,TMUA,1,2017,Specimen,18,MM4,Trigonometry,,B,mcq,ABCDEFG,,是,bank/TMUA/papers/TMUA-specimen-paper-1.pdf
TMUA-2017-P1-q19,TMUA-2017-P1-q19.png,TMUA,1,2017,October 2017,19,MM1,Algebra and functions,,D,mcq,ABCDEF,,是,bank/TMUA/papers/TMUA-2017-paper-1.pdf
TMUA-specimen-P1-q19,TMUA-specimen-P1-q19.png,TMUA,1,2017,Specimen,19,MM2,Sequences and series,,D,mcq,ABCD,,是,bank/TMUA/papers/TMUA-specimen-paper-1.pdf
TMUA-2017-P1-q20,TMUA-2017-P1-q20.png,TMUA,1,2017,October 2017,20,MM4,Trigonometry,,E,mcq,ABCDE,,是,bank/TMUA/papers/TMUA-2017-paper-1.pdf
TMUA-specimen-P1-q20,TMUA-specimen-P1-q20.png,TMUA,1,2017,Specimen,20,MM2,Sequences and series,,G,mcq,ABCDEFG,,是,bank/TMUA/papers/TMUA-specimen-paper-1.pdf
TMUA-2017-P2-q1,TMUA-2017-P2-q1.png,TMUA,2,2017,October 2017,1,MM6,Differentiation,,A,mcq,ABCDEF,,是,bank/TMUA/papers/TMUA-2017-paper-2.pdf
TMUA-specimen-P2-q1,TMUA-specimen-P2-q1.png,TMUA,2,2017,Specimen,1,MM3,Coordinate geometry,,B,mcq,ABCDE,,是,bank/TMUA/papers/TMUA-specimen-paper-2.pdf
TMUA-2017-P2-q2,TMUA-2017-P2-q2.png,TMUA,2,2017,October 2017,2,MM1,Algebra and functions,,E,mcq,ABCDE,,是,bank/TMUA/papers/TMUA-2017-paper-2.pdf
TMUA-specimen-P2-q2,TMUA-specimen-P2-q2.png,TMUA,2,2017,Specimen,2,MM1,Algebra and functions,,B,mcq,ABCDE,,是,bank/TMUA/papers/TMUA-specimen-paper-2.pdf
TMUA-2017-P2-q3,TMUA-2017-P2-q3.png,TMUA,2,2017,October 2017,3,MM2,Sequences and series,,G,mcq,ABCDEFG,,是,bank/TMUA/papers/TMUA-2017-paper-2.pdf
TMUA-specimen-P2-q3,TMUA-specimen-P2-q3.png,TMUA,2,2017,Specimen,3,MM1,Algebra and functions,Arg,C,mcq,ABCDE,,是,bank/TMUA/papers/TMUA-specimen-paper-2.pdf
TMUA-2017-P2-q4,TMUA-2017-P2-q4.png,TMUA,2,2017,October 2017,4,MM4,Trigonometry,Arg,B,mcq,ABCDE,,是,bank/TMUA/papers/TMUA-2017-paper-2.pdf
TMUA-specimen-P2-q4,TMUA-specimen-P2-q4.png,TMUA,2,2017,Specimen,4,M7,Probability,Arg,A,mcq,ABCDE,是,是,bank/TMUA/papers/TMUA-specimen-paper-2.pdf
TMUA-2017-P2-q5,TMUA-2017-P2-q5.png,TMUA,2,2017,October 2017,5,M2,Number,Arg,B,mcq,ABCDEFGH,,是,bank/TMUA/papers/TMUA-2017-paper-2.pdf
TMUA-specimen-P2-q5,TMUA-specimen-P2-q5.png,TMUA,2,2017,Specimen,5,MM5,Exponentials and logarithms,Prf,A,mcq,ABCDEF,,是,bank/TMUA/papers/TMUA-specimen-paper-2.pdf
TMUA-2017-P2-q6,TMUA-2017-P2-q6.png,TMUA,2,2017,October 2017,6,MM2,Sequences and series,,A,mcq,ABCDEFGH,,是,bank/TMUA/papers/TMUA-2017-paper-2.pdf
TMUA-specimen-P2-q6,TMUA-specimen-P2-q6.png,TMUA,2,2017,Specimen,6,M2,Number,,F,mcq,ABCDEF,,是,bank/TMUA/papers/TMUA-specimen-paper-2.pdf
TMUA-2017-P2-q7,TMUA-2017-P2-q7.png,TMUA,2,2017,October 2017,7,MM1,Algebra and functions,Arg,E,mcq,ABCDEFGH,是,是,bank/TMUA/papers/TMUA-2017-paper-2.pdf
TMUA-specimen-P2-q7,TMUA-specimen-P2-q7.png,TMUA,2,2017,Specimen,7,MM8,Graphs of functions,,C,mcq,ABCD,是,是,bank/TMUA/papers/TMUA-specimen-paper-2.pdf
TMUA-2017-P2-q8,TMUA-2017-P2-q8.png,TMUA,2,2017,October 2017,8,MM2,Sequences and series,,E,mcq,ABCDE,,是,bank/TMUA/papers/TMUA-2017-paper-2.pdf
TMUA-specimen-P2-q8,TMUA-specimen-P2-q8.png,TMUA,2,2017,Specimen,8,MM2,Sequences and series,Arg,C,mcq,ABCDE,,是,bank/TMUA/papers/TMUA-specimen-paper-2.pdf
TMUA-2017-P2-q9,TMUA-2017-P2-q9.png,TMUA,2,2017,October 2017,9,MM1,Algebra and functions,Err,D,mcq,ABCDEFG,,是,bank/TMUA/papers/TMUA-2017-paper-2.pdf
TMUA-specimen-P2-q9,TMUA-specimen-P2-q9.png,TMUA,2,2017,Specimen,9,M3,Ratio and proportion,Arg,E,mcq,ABCDEF,,是,bank/TMUA/papers/TMUA-specimen-paper-2.pdf
TMUA-2017-P2-q10,TMUA-2017-P2-q10.png,TMUA,2,2017,October 2017,10,MM7,Integration,Arg,D,mcq,ABCDE,,是,bank/TMUA/papers/TMUA-2017-paper-2.pdf
TMUA-specimen-P2-q10,TMUA-specimen-P2-q10.png,TMUA,2,2017,Specimen,10,MM1,Algebra and functions,,E,mcq,ABCDEF,是,是,bank/TMUA/papers/TMUA-specimen-paper-2.pdf
TMUA-2017-P2-q11,TMUA-2017-P2-q11.png,TMUA,2,2017,October 2017,11,MM7,Integration,,B,mcq,ABCDEFG,,是,bank/TMUA/papers/TMUA-2017-paper-2.pdf
TMUA-specimen-P2-q11,TMUA-specimen-P2-q11.png,TMUA,2,2017,Specimen,11,M2,Number,,D,mcq,ABCDE,,是,bank/TMUA/papers/TMUA-specimen-paper-2.pdf
TMUA-2017-P2-q12,TMUA-2017-P2-q12.png,TMUA,2,2017,October 2017,12,MM8,Graphs of functions,Arg,C,mcq,ABCDEF,是,是,bank/TMUA/papers/TMUA-2017-paper-2.pdf
TMUA-specimen-P2-q12,TMUA-specimen-P2-q12.png,TMUA,2,2017,Specimen,12,MM1,Algebra and functions,Arg,A,mcq,ABCDEFGH,,是,bank/TMUA/papers/TMUA-specimen-paper-2.pdf
TMUA-2017-P2-q13,TMUA-2017-P2-q13.png,TMUA,2,2017,October 2017,13,M2,Number,Arg,B,mcq,ABCDEFGH,,是,bank/TMUA/papers/TMUA-2017-paper-2.pdf
TMUA-specimen-P2-q13,TMUA-specimen-P2-q13.png,TMUA,2,2017,Specimen,13,M2,Number,,C,mcq,ABCDEF,,是,bank/TMUA/papers/TMUA-specimen-paper-2.pdf
TMUA-2017-P2-q14,TMUA-2017-P2-q14.png,TMUA,2,2017,October 2017,14,MM8,Graphs of functions,,F,mcq,ABCDEFGH,是,是,bank/TMUA/papers/TMUA-2017-paper-2.pdf
TMUA-specimen-P2-q14,TMUA-specimen-P2-q14.png,TMUA,2,2017,Specimen,14,MM8,Graphs of functions,,B,mcq,ABCD,,是,bank/TMUA/papers/TMUA-specimen-paper-2.pdf
TMUA-2017-P2-q15,TMUA-2017-P2-q15.png,TMUA,2,2017,October 2017,15,MM1,Algebra and functions,,D,mcq,ABCDEF,,是,bank/TMUA/papers/TMUA-2017-paper-2.pdf
TMUA-specimen-P2-q15,TMUA-specimen-P2-q15.png,TMUA,2,2017,Specimen,15,MM1,Algebra and functions,Arg,E,mcq,ABCDEFGH,,是,bank/TMUA/papers/TMUA-specimen-paper-2.pdf
TMUA-2017-P2-q16,TMUA-2017-P2-q16.png,TMUA,2,2017,October 2017,16,MM6,Differentiation,Prf,C,mcq,ABCD,,是,bank/TMUA/papers/TMUA-2017-paper-2.pdf
TMUA-specimen-P2-q16,TMUA-specimen-P2-q16.png,TMUA,2,2017,Specimen,16,MM2,Sequences and series,,A,mcq,ABCDEF,,是,bank/TMUA/papers/TMUA-specimen-paper-2.pdf
TMUA-2017-P2-q17,TMUA-2017-P2-q17.png,TMUA,2,2017,October 2017,17,M2,Number,Arg,F,mcq,ABCDEFGH,,是,bank/TMUA/papers/TMUA-2017-paper-2.pdf
TMUA-specimen-P2-q17,TMUA-specimen-P2-q17.png,TMUA,2,2017,Specimen,17,M2,Number,Arg,E,mcq,ABCDEF,,是,bank/TMUA/papers/TMUA-specimen-paper-2.pdf
TMUA-2017-P2-q18,TMUA-2017-P2-q18.png,TMUA,2,2017,October 2017,18,MM5,Exponentials and logarithms,Prf,B,mcq,ABCDEF,,是,bank/TMUA/papers/TMUA-2017-paper-2.pdf
TMUA-specimen-P2-q18,TMUA-specimen-P2-q18.png,TMUA,2,2017,Specimen,18,M6,Statistics,,E,mcq,ABCDEF,,是,bank/TMUA/papers/TMUA-specimen-paper-2.pdf
TMUA-2017-P2-q19,TMUA-2017-P2-q19.png,TMUA,2,2017,October 2017,19,MM8,Graphs of functions,Arg,E,mcq,ABCDEFGH,,是,bank/TMUA/papers/TMUA-2017-paper-2.pdf
TMUA-specimen-P2-q19,TMUA-specimen-P2-q19.png,TMUA,2,2017,Specimen,19,MM8,Graphs of functions,,B,mcq,ABCDEFG,,是,bank/TMUA/papers/TMUA-specimen-paper-2.pdf
TMUA-2017-P2-q20,TMUA-2017-P2-q20.png,TMUA,2,2017,October 2017,20,M7,Probability,Prf,B,mcq,ABCDE,,是,bank/TMUA/papers/TMUA-2017-paper-2.pdf
TMUA-specimen-P2-q20,TMUA-specimen-P2-q20.png,TMUA,2,2017,Specimen,20,MM4,Trigonometry,Arg,D,mcq,ABCDEFGH,,是,bank/TMUA/papers/TMUA-specimen-paper-2.pdf
TMUA-2018-P1-q1,TMUA-2018-P1-q1.png,TMUA,1,2018,October 2018,1,M3,Ratio and proportion,,D,mcq,ABCDEFG,,是,bank/TMUA/papers/TMUA-2018-paper-1.pdf
TMUA-2018-P1-q2,TMUA-2018-P1-q2.png,TMUA,1,2018,October 2018,2,MM1,Algebra and functions,,C,mcq,ABCDEF,,是,bank/TMUA/papers/TMUA-2018-paper-1.pdf
TMUA-2018-P1-q3,TMUA-2018-P1-q3.png,TMUA,1,2018,October 2018,3,MM3,Coordinate geometry,,E,mcq,ABCDE,,是,bank/TMUA/papers/TMUA-2018-paper-1.pdf
TMUA-2018-P1-q4,TMUA-2018-P1-q4.png,TMUA,1,2018,October 2018,4,MM1,Algebra and functions,,G,mcq,ABCDEFG,,是,bank/TMUA/papers/TMUA-2018-paper-1.pdf
TMUA-2018-P1-q5,TMUA-2018-P1-q5.png,TMUA,1,2018,October 2018,5,MM1,Algebra and functions,,D,mcq,ABCDE,,是,bank/TMUA/papers/TMUA-2018-paper-1.pdf
TMUA-2018-P1-q6,TMUA-2018-P1-q6.png,TMUA,1,2018,October 2018,6,MM8,Graphs of functions,,E,mcq,ABCDE,,是,bank/TMUA/papers/TMUA-2018-paper-1.pdf
TMUA-2018-P1-q7,TMUA-2018-P1-q7.png,TMUA,1,2018,October 2018,7,MM2,Sequences and series,,A,mcq,ABCDEF,,是,bank/TMUA/papers/TMUA-2018-paper-1.pdf
TMUA-2018-P1-q8,TMUA-2018-P1-q8.png,TMUA,1,2018,October 2018,8,MM2,Sequences and series,,D,mcq,ABCDEF,,是,bank/TMUA/papers/TMUA-2018-paper-1.pdf
TMUA-2018-P1-q9,TMUA-2018-P1-q9.png,TMUA,1,2018,October 2018,9,MM6,Differentiation,,B,mcq,ABCDEF,,是,bank/TMUA/papers/TMUA-2018-paper-1.pdf
TMUA-2018-P1-q10,TMUA-2018-P1-q10.png,TMUA,1,2018,October 2018,10,MM5,Exponentials and logarithms,,E,mcq,ABCDEF,,是,bank/TMUA/papers/TMUA-2018-paper-1.pdf
TMUA-2018-P1-q11,TMUA-2018-P1-q11.png,TMUA,1,2018,October 2018,11,MM6,Differentiation,,C,mcq,ABCDEF,,是,bank/TMUA/papers/TMUA-2018-paper-1.pdf
TMUA-2018-P1-q12,TMUA-2018-P1-q12.png,TMUA,1,2018,October 2018,12,MM7,Integration,,F,mcq,ABCDEF,,是,bank/TMUA/papers/TMUA-2018-paper-1.pdf
TMUA-2018-P1-q13,TMUA-2018-P1-q13.png,TMUA,1,2018,October 2018,13,MM6,Differentiation,,C,mcq,ABCDEF,是,是,bank/TMUA/papers/TMUA-2018-paper-1.pdf
TMUA-2018-P1-q14,TMUA-2018-P1-q14.png,TMUA,1,2018,October 2018,14,MM1,Algebra and functions,,B,mcq,ABCDEF,,是,bank/TMUA/papers/TMUA-2018-paper-1.pdf
TMUA-2018-P1-q15,TMUA-2018-P1-q15.png,TMUA,1,2018,October 2018,15,MM3,Coordinate geometry,,E,mcq,ABCDEF,,是,bank/TMUA/papers/TMUA-2018-paper-1.pdf
TMUA-2018-P1-q16,TMUA-2018-P1-q16.png,TMUA,1,2018,October 2018,16,MM1,Algebra and functions,,F,mcq,ABCDEF,,是,bank/TMUA/papers/TMUA-2018-paper-1.pdf
TMUA-2018-P1-q17,TMUA-2018-P1-q17.png,TMUA,1,2018,October 2018,17,M6,Statistics,,A,mcq,ABCDE,,是,bank/TMUA/papers/TMUA-2018-paper-1.pdf
TMUA-2018-P1-q18,TMUA-2018-P1-q18.png,TMUA,1,2018,October 2018,18,MM4,Trigonometry,,B,mcq,ABCDE,,是,bank/TMUA/papers/TMUA-2018-paper-1.pdf
TMUA-2018-P1-q19,TMUA-2018-P1-q19.png,TMUA,1,2018,October 2018,19,MM4,Trigonometry,,D,mcq,ABCDEF,,是,bank/TMUA/papers/TMUA-2018-paper-1.pdf
TMUA-2018-P1-q20,TMUA-2018-P1-q20.png,TMUA,1,2018,October 2018,20,MM4,Trigonometry,,E,mcq,ABCDEF,,是,bank/TMUA/papers/TMUA-2018-paper-1.pdf
TMUA-2018-P2-q1,TMUA-2018-P2-q1.png,TMUA,2,2018,October 2018,1,M2,Number,,C,mcq,ABCDEF,,是,bank/TMUA/papers/TMUA-2018-paper-2.pdf
TMUA-2018-P2-q2,TMUA-2018-P2-q2.png,TMUA,2,2018,October 2018,2,MM2,Sequences and series,,B,mcq,ABCDEF,,是,bank/TMUA/papers/TMUA-2018-paper-2.pdf
TMUA-2018-P2-q3,TMUA-2018-P2-q3.png,TMUA,2,2018,October 2018,3,M3,Ratio and proportion,Arg,F,mcq,ABCDEFGH,,是,bank/TMUA/papers/TMUA-2018-paper-2.pdf
TMUA-2018-P2-q4,TMUA-2018-P2-q4.png,TMUA,2,2018,October 2018,4,MM8,Graphs of functions,,D,mcq,ABCDEF,,是,bank/TMUA/papers/TMUA-2018-paper-2.pdf
TMUA-2018-P2-q5,TMUA-2018-P2-q5.png,TMUA,2,2018,October 2018,5,M5,Geometry,Arg,A,mcq,ABCD,,是,bank/TMUA/papers/TMUA-2018-paper-2.pdf
TMUA-2018-P2-q6,TMUA-2018-P2-q6.png,TMUA,2,2018,October 2018,6,MM6,Differentiation,Arg,C,mcq,ABCDE,,是,bank/TMUA/papers/TMUA-2018-paper-2.pdf
TMUA-2018-P2-q7,TMUA-2018-P2-q7.png,TMUA,2,2018,October 2018,7,MM2,Sequences and series,,B,mcq,ABCDEFG,,是,bank/TMUA/papers/TMUA-2018-paper-2.pdf
TMUA-2018-P2-q8,TMUA-2018-P2-q8.png,TMUA,2,2018,October 2018,8,M2,Number,Arg,D,mcq,ABCDEFGH,是,是,bank/TMUA/papers/TMUA-2018-paper-2.pdf
TMUA-2018-P2-q9,TMUA-2018-P2-q9.png,TMUA,2,2018,October 2018,9,MM1,Algebra and functions,,F,mcq,ABCDEFG,,是,bank/TMUA/papers/TMUA-2018-paper-2.pdf
TMUA-2018-P2-q10,TMUA-2018-P2-q10.png,TMUA,2,2018,October 2018,10,MM8,Graphs of functions,Arg,B,mcq,ABCDEFGH,,是,bank/TMUA/papers/TMUA-2018-paper-2.pdf
TMUA-2018-P2-q11,TMUA-2018-P2-q11.png,TMUA,2,2018,October 2018,11,MM8,Graphs of functions,Arg,A,mcq,ABCDEFGH,,是,bank/TMUA/papers/TMUA-2018-paper-2.pdf
TMUA-2018-P2-q12,TMUA-2018-P2-q12.png,TMUA,2,2018,October 2018,12,M2,Number,Arg,F,mcq,ABCDEFGH,,是,bank/TMUA/papers/TMUA-2018-paper-2.pdf
TMUA-2018-P2-q13,TMUA-2018-P2-q13.png,TMUA,2,2018,October 2018,13,MM4,Trigonometry,Err,F,mcq,ABCDEF,,是,bank/TMUA/papers/TMUA-2018-paper-2.pdf
TMUA-2018-P2-q14,TMUA-2018-P2-q14.png,TMUA,2,2018,October 2018,14,MM3,Coordinate geometry,,E,mcq,ABCDEFGH,,是,bank/TMUA/papers/TMUA-2018-paper-2.pdf
TMUA-2018-P2-q15,TMUA-2018-P2-q15.png,TMUA,2,2018,October 2018,15,MM8,Graphs of functions,Arg,G,mcq,ABCDEFGH,,是,bank/TMUA/papers/TMUA-2018-paper-2.pdf
TMUA-2018-P2-q16,TMUA-2018-P2-q16.png,TMUA,2,2018,October 2018,16,MM2,Sequences and series,Arg,F,mcq,ABCDEFGH,,是,bank/TMUA/papers/TMUA-2018-paper-2.pdf
TMUA-2018-P2-q17,TMUA-2018-P2-q17.png,TMUA,2,2018,October 2018,17,M2,Number,Arg,C,mcq,ABCD,,是,bank/TMUA/papers/TMUA-2018-paper-2.pdf
TMUA-2018-P2-q18,TMUA-2018-P2-q18.png,TMUA,2,2018,October 2018,18,MM6,Differentiation,Arg,C,mcq,ABCDEF,,是,bank/TMUA/papers/TMUA-2018-paper-2.pdf
TMUA-2018-P2-q19,TMUA-2018-P2-q19.png,TMUA,2,2018,October 2018,19,M3,Ratio and proportion,Arg,C,mcq,ABCD,,是,bank/TMUA/papers/TMUA-2018-paper-2.pdf
TMUA-2018-P2-q20,TMUA-2018-P2-q20.png,TMUA,2,2018,October 2018,20,MM8,Graphs of functions,,B,mcq,ABCDEF,,是,bank/TMUA/papers/TMUA-2018-paper-2.pdf
TMUA-2019-P1-q1,TMUA-2019-P1-q1.png,TMUA,1,2019,October 2019,1,MM1,Algebra and functions,,A,mcq,ABCDEF,,是,bank/TMUA/papers/TMUA-2019-paper-1.pdf
TMUA-2019-P1-q2,TMUA-2019-P1-q2.png,TMUA,1,2019,October 2019,2,MM1,Algebra and functions,,A,mcq,ABCDEFGH,,是,bank/TMUA/papers/TMUA-2019-paper-1.pdf
TMUA-2019-P1-q3,TMUA-2019-P1-q3.png,TMUA,1,2019,October 2019,3,MM2,Sequences and series,,E,mcq,ABCDEFGH,,是,bank/TMUA/papers/TMUA-2019-paper-1.pdf
TMUA-2019-P1-q4,TMUA-2019-P1-q4.png,TMUA,1,2019,October 2019,4,MM1,Algebra and functions,,C,mcq,ABCDEFGH,,是,bank/TMUA/papers/TMUA-2019-paper-1.pdf
TMUA-2019-P1-q5,TMUA-2019-P1-q5.png,TMUA,1,2019,October 2019,5,MM2,Sequences and series,,E,mcq,ABCDEF,,是,bank/TMUA/papers/TMUA-2019-paper-1.pdf
TMUA-2019-P1-q6,TMUA-2019-P1-q6.png,TMUA,1,2019,October 2019,6,MM3,Coordinate geometry,,C,mcq,ABCDE,,是,bank/TMUA/papers/TMUA-2019-paper-1.pdf
TMUA-2019-P1-q7,TMUA-2019-P1-q7.png,TMUA,1,2019,October 2019,7,MM6,Differentiation,,F,mcq,ABCDEFG,,是,bank/TMUA/papers/TMUA-2019-paper-1.pdf
TMUA-2019-P1-q8,TMUA-2019-P1-q8.png,TMUA,1,2019,October 2019,8,MM7,Integration,,E,mcq,ABCDE,,是,bank/TMUA/papers/TMUA-2019-paper-1.pdf
TMUA-2019-P1-q9,TMUA-2019-P1-q9.png,TMUA,1,2019,October 2019,9,MM7,Integration,,D,mcq,ABCDEFG,,是,bank/TMUA/papers/TMUA-2019-paper-1.pdf
TMUA-2019-P1-q10,TMUA-2019-P1-q10.png,TMUA,1,2019,October 2019,10,MM7,Integration,,F,mcq,ABCDEF,,是,bank/TMUA/papers/TMUA-2019-paper-1.pdf
TMUA-2019-P1-q11,TMUA-2019-P1-q11.png,TMUA,1,2019,October 2019,11,MM1,Algebra and functions,,H,mcq,ABCDEFGH,,是,bank/TMUA/papers/TMUA-2019-paper-1.pdf
TMUA-2019-P1-q12,TMUA-2019-P1-q12.png,TMUA,1,2019,October 2019,12,MM7,Integration,,C,mcq,ABC,,是,bank/TMUA/papers/TMUA-2019-paper-1.pdf
TMUA-2019-P1-q13,TMUA-2019-P1-q13.png,TMUA,1,2019,October 2019,13,MM5,Exponentials and logarithms,,B,mcq,ABCDEF,,是,bank/TMUA/papers/TMUA-2019-paper-1.pdf
TMUA-2019-P1-q14,TMUA-2019-P1-q14.png,TMUA,1,2019,October 2019,14,MM8,Graphs of functions,,B,mcq,AB,,是,bank/TMUA/papers/TMUA-2019-paper-1.pdf
TMUA-2019-P1-q15,TMUA-2019-P1-q15.png,TMUA,1,2019,October 2019,15,MM1,Algebra and functions,,A,mcq,ABCDEF,,是,bank/TMUA/papers/TMUA-2019-paper-1.pdf
TMUA-2019-P1-q16,TMUA-2019-P1-q16.png,TMUA,1,2019,October 2019,16,MM7,Integration,,C,mcq,ABCDEFGH,,是,bank/TMUA/papers/TMUA-2019-paper-1.pdf
TMUA-2019-P1-q17,TMUA-2019-P1-q17.png,TMUA,1,2019,October 2019,17,MM4,Trigonometry,,C,mcq,ABCDEFGH,,是,bank/TMUA/papers/TMUA-2019-paper-1.pdf
TMUA-2019-P1-q18,TMUA-2019-P1-q18.png,TMUA,1,2019,October 2019,18,MM6,Differentiation,,B,mcq,ABCDEFG,,是,bank/TMUA/papers/TMUA-2019-paper-1.pdf
TMUA-2019-P1-q19,TMUA-2019-P1-q19.png,TMUA,1,2019,October 2019,19,MM4,Trigonometry,,C,mcq,ABCDEF,,是,bank/TMUA/papers/TMUA-2019-paper-1.pdf
TMUA-2019-P1-q20,TMUA-2019-P1-q20.png,TMUA,1,2019,October 2019,20,MM6,Differentiation,,E,mcq,ABCDEF,,是,bank/TMUA/papers/TMUA-2019-paper-1.pdf
TMUA-2019-P2-q1,TMUA-2019-P2-q1.png,TMUA,2,2019,October 2019,1,MM2,Sequences and series,,E,mcq,ABCDE,,是,bank/TMUA/papers/TMUA-2019-paper-2.pdf
TMUA-2019-P2-q2,TMUA-2019-P2-q2.png,TMUA,2,2019,October 2019,2,MM1,Algebra and functions,,C,mcq,ABCDEF,,是,bank/TMUA/papers/TMUA-2019-paper-2.pdf
TMUA-2019-P2-q3,TMUA-2019-P2-q3.png,TMUA,2,2019,October 2019,3,MM1,Algebra and functions,Arg,A,mcq,ABCDEFGH,,是,bank/TMUA/papers/TMUA-2019-paper-2.pdf
TMUA-2019-P2-q4,TMUA-2019-P2-q4.png,TMUA,2,2019,October 2019,4,MM2,Sequences and series,Prf,D,mcq,ABCDEFGH,,是,bank/TMUA/papers/TMUA-2019-paper-2.pdf
TMUA-2019-P2-q5,TMUA-2019-P2-q5.png,TMUA,2,2019,October 2019,5,M2,Number,Arg,B,mcq,ABCD,,是,bank/TMUA/papers/TMUA-2019-paper-2.pdf
TMUA-2019-P2-q6,TMUA-2019-P2-q6.png,TMUA,2,2019,October 2019,6,MM4,Trigonometry,,D,mcq,ABCDEFG,,是,bank/TMUA/papers/TMUA-2019-paper-2.pdf
TMUA-2019-P2-q7,TMUA-2019-P2-q7.png,TMUA,2,2019,October 2019,7,M2,Number,Arg,B,mcq,ABCD,,是,bank/TMUA/papers/TMUA-2019-paper-2.pdf
TMUA-2019-P2-q8,TMUA-2019-P2-q8.png,TMUA,2,2019,October 2019,8,MM1,Algebra and functions,Arg,E,mcq,ABCDEFGH,,是,bank/TMUA/papers/TMUA-2019-paper-2.pdf
TMUA-2019-P2-q9,TMUA-2019-P2-q9.png,TMUA,2,2019,October 2019,9,M2,Number,,D,mcq,ABCDEF,,是,bank/TMUA/papers/TMUA-2019-paper-2.pdf
TMUA-2019-P2-q10,TMUA-2019-P2-q10.png,TMUA,2,2019,October 2019,10,M5,Geometry,Arg,A,mcq,ABCD,,是,bank/TMUA/papers/TMUA-2019-paper-2.pdf
TMUA-2019-P2-q11,TMUA-2019-P2-q11.png,TMUA,2,2019,October 2019,11,MM2,Sequences and series,Arg,A,mcq,ABCDEFGH,,是,bank/TMUA/papers/TMUA-2019-paper-2.pdf
TMUA-2019-P2-q12,TMUA-2019-P2-q12.png,TMUA,2,2019,October 2019,12,M7,Probability,,F,mcq,ABCDEF,,是,bank/TMUA/papers/TMUA-2019-paper-2.pdf
TMUA-2019-P2-q13,TMUA-2019-P2-q13.png,TMUA,2,2019,October 2019,13,MM7,Integration,,D,mcq,ABCD,,是,bank/TMUA/papers/TMUA-2019-paper-2.pdf
TMUA-2019-P2-q14,TMUA-2019-P2-q14.png,TMUA,2,2019,October 2019,14,MM6,Differentiation,Arg,B,mcq,ABCDEFGH,,是,bank/TMUA/papers/TMUA-2019-paper-2.pdf
TMUA-2019-P2-q15,TMUA-2019-P2-q15.png,TMUA,2,2019,October 2019,15,MM5,Exponentials and logarithms,Arg,B,mcq,ABCDE,,是,bank/TMUA/papers/TMUA-2019-paper-2.pdf
TMUA-2019-P2-q16,TMUA-2019-P2-q16.png,TMUA,2,2019,October 2019,16,MM1,Algebra and functions,,F,mcq,ABCDEFGH,,是,bank/TMUA/papers/TMUA-2019-paper-2.pdf
TMUA-2019-P2-q17,TMUA-2019-P2-q17.png,TMUA,2,2019,October 2019,17,M2,Number,Arg,D,mcq,ABCD,,是,bank/TMUA/papers/TMUA-2019-paper-2.pdf
TMUA-2019-P2-q18,TMUA-2019-P2-q18.png,TMUA,2,2019,October 2019,18,MM1,Algebra and functions,Arg,E,mcq,ABCDEFG,,是,bank/TMUA/papers/TMUA-2019-paper-2.pdf
TMUA-2019-P2-q19,TMUA-2019-P2-q19.png,TMUA,2,2019,October 2019,19,MM1,Algebra and functions,,E,mcq,ABCDEFG,,是,bank/TMUA/papers/TMUA-2019-paper-2.pdf
TMUA-2019-P2-q20,TMUA-2019-P2-q20.png,TMUA,2,2019,October 2019,20,MM8,Graphs of functions,Arg,B,mcq,ABCDEFG,,是,bank/TMUA/papers/TMUA-2019-paper-2.pdf
TMUA-2020-P1-q1,TMUA-2020-P1-q1.png,TMUA,1,2020,October 2020,1,MM6,Differentiation,,C,mcq,ABCDEF,,是,bank/TMUA/papers/TMUA-2020-paper-1.pdf
TMUA-2020-P1-q2,TMUA-2020-P1-q2.png,TMUA,1,2020,October 2020,2,MM1,Algebra and functions,,C,mcq,ABCDEF,,是,bank/TMUA/papers/TMUA-2020-paper-1.pdf
TMUA-2020-P1-q3,TMUA-2020-P1-q3.png,TMUA,1,2020,October 2020,3,M2,Number,,B,mcq,ABCDEFG,,是,bank/TMUA/papers/TMUA-2020-paper-1.pdf
TMUA-2020-P1-q4,TMUA-2020-P1-q4.png,TMUA,1,2020,October 2020,4,MM2,Sequences and series,,D,mcq,ABCDEF,,是,bank/TMUA/papers/TMUA-2020-paper-1.pdf
TMUA-2020-P1-q5,TMUA-2020-P1-q5.png,TMUA,1,2020,October 2020,5,MM3,Coordinate geometry,,A,mcq,ABCDE,,是,bank/TMUA/papers/TMUA-2020-paper-1.pdf
TMUA-2020-P1-q6,TMUA-2020-P1-q6.png,TMUA,1,2020,October 2020,6,MM1,Algebra and functions,,C,mcq,ABCDEF,,是,bank/TMUA/papers/TMUA-2020-paper-1.pdf
TMUA-2020-P1-q7,TMUA-2020-P1-q7.png,TMUA,1,2020,October 2020,7,MM5,Exponentials and logarithms,,A,mcq,ABCDEF,,是,bank/TMUA/papers/TMUA-2020-paper-1.pdf
TMUA-2020-P1-q8,TMUA-2020-P1-q8.png,TMUA,1,2020,October 2020,8,MM1,Algebra and functions,,D,mcq,ABCDEF,,是,bank/TMUA/papers/TMUA-2020-paper-1.pdf
TMUA-2020-P1-q9,TMUA-2020-P1-q9.png,TMUA,1,2020,October 2020,9,MM1,Algebra and functions,,C,mcq,ABCDEF,,是,bank/TMUA/papers/TMUA-2020-paper-1.pdf
TMUA-2020-P1-q10,TMUA-2020-P1-q10.png,TMUA,1,2020,October 2020,10,MM8,Graphs of functions,,A,mcq,ABCDEFGH,,是,bank/TMUA/papers/TMUA-2020-paper-1.pdf
TMUA-2020-P1-q11,TMUA-2020-P1-q11.png,TMUA,1,2020,October 2020,11,MM1,Algebra and functions,,E,mcq,ABCDEF,是,是,bank/TMUA/papers/TMUA-2020-paper-1.pdf
TMUA-2020-P1-q12,TMUA-2020-P1-q12.png,TMUA,1,2020,October 2020,12,MM8,Graphs of functions,,D,mcq,ABCDEFG,,是,bank/TMUA/papers/TMUA-2020-paper-1.pdf
TMUA-2020-P1-q13,TMUA-2020-P1-q13.png,TMUA,1,2020,October 2020,13,MM2,Sequences and series,,F,mcq,ABCDEF,,是,bank/TMUA/papers/TMUA-2020-paper-1.pdf
TMUA-2020-P1-q14,TMUA-2020-P1-q14.png,TMUA,1,2020,October 2020,14,MM7,Integration,,E,mcq,ABCDEF,,是,bank/TMUA/papers/TMUA-2020-paper-1.pdf
TMUA-2020-P1-q15,TMUA-2020-P1-q15.png,TMUA,1,2020,October 2020,15,MM5,Exponentials and logarithms,,C,mcq,ABCDEF,,是,bank/TMUA/papers/TMUA-2020-paper-1.pdf
TMUA-2020-P1-q16,TMUA-2020-P1-q16.png,TMUA,1,2020,October 2020,16,MM3,Coordinate geometry,,C,mcq,ABCDEFGH,,是,bank/TMUA/papers/TMUA-2020-paper-1.pdf
TMUA-2020-P1-q17,TMUA-2020-P1-q17.png,TMUA,1,2020,October 2020,17,MM1,Algebra and functions,,A,mcq,ABCDEF,,是,bank/TMUA/papers/TMUA-2020-paper-1.pdf
TMUA-2020-P1-q18,TMUA-2020-P1-q18.png,TMUA,1,2020,October 2020,18,MM1,Algebra and functions,,A,mcq,ABCDEF,,是,bank/TMUA/papers/TMUA-2020-paper-1.pdf
TMUA-2020-P1-q19,TMUA-2020-P1-q19.png,TMUA,1,2020,October 2020,19,MM2,Sequences and series,,E,mcq,ABCDEF,,是,bank/TMUA/papers/TMUA-2020-paper-1.pdf
TMUA-2020-P1-q20,TMUA-2020-P1-q20.png,TMUA,1,2020,October 2020,20,M2,Number,,C,mcq,ABCDEF,,是,bank/TMUA/papers/TMUA-2020-paper-1.pdf
TMUA-2020-P2-q1,TMUA-2020-P2-q1.png,TMUA,2,2020,October 2020,1,MM1,Algebra and functions,,E,mcq,ABCDEF,,是,bank/TMUA/papers/TMUA-2020-paper-2.pdf
TMUA-2020-P2-q2,TMUA-2020-P2-q2.png,TMUA,2,2020,October 2020,2,MM4,Trigonometry,,F,mcq,ABCDEFGH,,是,bank/TMUA/papers/TMUA-2020-paper-2.pdf
TMUA-2020-P2-q3,TMUA-2020-P2-q3.png,TMUA,2,2020,October 2020,3,MM5,Exponentials and logarithms,Err,C,mcq,ABCDEFG,,是,bank/TMUA/papers/TMUA-2020-paper-2.pdf
TMUA-2020-P2-q4,TMUA-2020-P2-q4.png,TMUA,2,2020,October 2020,4,MM2,Sequences and series,Arg,G,mcq,ABCDEFGH,,是,bank/TMUA/papers/TMUA-2020-paper-2.pdf
TMUA-2020-P2-q5,TMUA-2020-P2-q5.png,TMUA,2,2020,October 2020,5,MM8,Graphs of functions,,A,mcq,ABCDEF,是,是,bank/TMUA/papers/TMUA-2020-paper-2.pdf
TMUA-2020-P2-q6,TMUA-2020-P2-q6.png,TMUA,2,2020,October 2020,6,MM7,Integration,Arg,A,mcq,ABCDEFGH,,是,bank/TMUA/papers/TMUA-2020-paper-2.pdf
TMUA-2020-P2-q7,TMUA-2020-P2-q7.png,TMUA,2,2020,October 2020,7,MM3,Coordinate geometry,Arg,H,mcq,ABCDEFGH,,是,bank/TMUA/papers/TMUA-2020-paper-2.pdf
TMUA-2020-P2-q8,TMUA-2020-P2-q8.png,TMUA,2,2020,October 2020,8,MM2,Sequences and series,Arg,E,mcq,ABCDE,,是,bank/TMUA/papers/TMUA-2020-paper-2.pdf
TMUA-2020-P2-q9,TMUA-2020-P2-q9.png,TMUA,2,2020,October 2020,9,MM1,Algebra and functions,,F,mcq,ABCDEF,,是,bank/TMUA/papers/TMUA-2020-paper-2.pdf
TMUA-2020-P2-q10,TMUA-2020-P2-q10.png,TMUA,2,2020,October 2020,10,MM1,Algebra and functions,,F,mcq,ABCDEFGH,,是,bank/TMUA/papers/TMUA-2020-paper-2.pdf
TMUA-2020-P2-q11,TMUA-2020-P2-q11.png,TMUA,2,2020,October 2020,11,MM2,Sequences and series,,G,mcq,ABCDEFGH,是,是,bank/TMUA/papers/TMUA-2020-paper-2.pdf
TMUA-2020-P2-q12,TMUA-2020-P2-q12.png,TMUA,2,2020,October 2020,12,MM7,Integration,Arg,D,mcq,ABCDEF,,是,bank/TMUA/papers/TMUA-2020-paper-2.pdf
TMUA-2020-P2-q13,TMUA-2020-P2-q13.png,TMUA,2,2020,October 2020,13,MM7,Integration,Arg,D,mcq,ABCD,,是,bank/TMUA/papers/TMUA-2020-paper-2.pdf
TMUA-2020-P2-q14,TMUA-2020-P2-q14.png,TMUA,2,2020,October 2020,14,MM2,Sequences and series,Arg,A,mcq,ABCD,,是,bank/TMUA/papers/TMUA-2020-paper-2.pdf
TMUA-2020-P2-q15,TMUA-2020-P2-q15.png,TMUA,2,2020,October 2020,15,MM4,Trigonometry,Arg,D,mcq,ABCDEF,,是,bank/TMUA/papers/TMUA-2020-paper-2.pdf
TMUA-2020-P2-q16,TMUA-2020-P2-q16.png,TMUA,2,2020,October 2020,16,MM7,Integration,,D,mcq,ABCDEF,,是,bank/TMUA/papers/TMUA-2020-paper-2.pdf
TMUA-2020-P2-q17,TMUA-2020-P2-q17.png,TMUA,2,2020,October 2020,17,M6,Statistics,,E,mcq,ABCDEF,,是,bank/TMUA/papers/TMUA-2020-paper-2.pdf
TMUA-2020-P2-q18,TMUA-2020-P2-q18.png,TMUA,2,2020,October 2020,18,MM1,Algebra and functions,,G,mcq,ABCDEFGH,,是,bank/TMUA/papers/TMUA-2020-paper-2.pdf
TMUA-2020-P2-q19,TMUA-2020-P2-q19.png,TMUA,2,2020,October 2020,19,MM3,Coordinate geometry,,E,mcq,ABCDEFGH,,是,bank/TMUA/papers/TMUA-2020-paper-2.pdf
TMUA-2020-P2-q20,TMUA-2020-P2-q20.png,TMUA,2,2020,October 2020,20,MM1,Algebra and functions,Arg,C,mcq,ABCDEF,,是,bank/TMUA/papers/TMUA-2020-paper-2.pdf
TMUA-2021-P1-q1,TMUA-2021-P1-q1.png,TMUA,1,2021,October 2021,1,MM3,Coordinate geometry,,F,mcq,ABCDEFG,,是,bank/TMUA/papers/TMUA-2021-paper-1.pdf
TMUA-2021-P1-q2,TMUA-2021-P1-q2.png,TMUA,1,2021,October 2021,2,MM7,Integration,,F,mcq,ABCDEFG,,是,bank/TMUA/papers/TMUA-2021-paper-1.pdf
TMUA-2021-P1-q3,TMUA-2021-P1-q3.png,TMUA,1,2021,October 2021,3,MM2,Sequences and series,,G,mcq,ABCDEFGH,,是,bank/TMUA/papers/TMUA-2021-paper-1.pdf
TMUA-2021-P1-q4,TMUA-2021-P1-q4.png,TMUA,1,2021,October 2021,4,MM5,Exponentials and logarithms,,B,mcq,ABCDEF,,是,bank/TMUA/papers/TMUA-2021-paper-1.pdf
TMUA-2021-P1-q5,TMUA-2021-P1-q5.png,TMUA,1,2021,October 2021,5,M2,Number,,F,mcq,ABCDEF,,是,bank/TMUA/papers/TMUA-2021-paper-1.pdf
TMUA-2021-P1-q6,TMUA-2021-P1-q6.png,TMUA,1,2021,October 2021,6,MM1,Algebra and functions,,D,mcq,ABCDEF,,是,bank/TMUA/papers/TMUA-2021-paper-1.pdf
TMUA-2021-P1-q7,TMUA-2021-P1-q7.png,TMUA,1,2021,October 2021,7,MM7,Integration,,G,mcq,ABCDEFGH,,是,bank/TMUA/papers/TMUA-2021-paper-1.pdf
TMUA-2021-P1-q8,TMUA-2021-P1-q8.png,TMUA,1,2021,October 2021,8,MM1,Algebra and functions,,A,mcq,ABCDEF,,是,bank/TMUA/papers/TMUA-2021-paper-1.pdf
TMUA-2021-P1-q9,TMUA-2021-P1-q9.png,TMUA,1,2021,October 2021,9,MM8,Graphs of functions,,C,mcq,ABCDEFG,,是,bank/TMUA/papers/TMUA-2021-paper-1.pdf
TMUA-2021-P1-q10,TMUA-2021-P1-q10.png,TMUA,1,2021,October 2021,10,MM7,Integration,,B,mcq,ABCDEF,,是,bank/TMUA/papers/TMUA-2021-paper-1.pdf
TMUA-2021-P1-q11,TMUA-2021-P1-q11.png,TMUA,1,2021,October 2021,11,MM8,Graphs of functions,,A,mcq,ABCDEFG,,是,bank/TMUA/papers/TMUA-2021-paper-1.pdf
TMUA-2021-P1-q12,TMUA-2021-P1-q12.png,TMUA,1,2021,October 2021,12,MM6,Differentiation,,E,mcq,ABCDEF,,是,bank/TMUA/papers/TMUA-2021-paper-1.pdf
TMUA-2021-P1-q13,TMUA-2021-P1-q13.png,TMUA,1,2021,October 2021,13,MM7,Integration,,C,mcq,ABCDEF,,是,bank/TMUA/papers/TMUA-2021-paper-1.pdf
TMUA-2021-P1-q14,TMUA-2021-P1-q14.png,TMUA,1,2021,October 2021,14,MM8,Graphs of functions,,B,mcq,ABCDEF,,是,bank/TMUA/papers/TMUA-2021-paper-1.pdf
TMUA-2021-P1-q15,TMUA-2021-P1-q15.png,TMUA,1,2021,October 2021,15,MM7,Integration,,C,mcq,ABCDEF,是,是,bank/TMUA/papers/TMUA-2021-paper-1.pdf
TMUA-2021-P1-q16,TMUA-2021-P1-q16.png,TMUA,1,2021,October 2021,16,MM2,Sequences and series,,B,mcq,ABCDE,,是,bank/TMUA/papers/TMUA-2021-paper-1.pdf
TMUA-2021-P1-q17,TMUA-2021-P1-q17.png,TMUA,1,2021,October 2021,17,MM8,Graphs of functions,,A,mcq,ABCDE,是,是,bank/TMUA/papers/TMUA-2021-paper-1.pdf
TMUA-2021-P1-q18,TMUA-2021-P1-q18.png,TMUA,1,2021,October 2021,18,MM3,Coordinate geometry,,B,mcq,ABCDEFGH,,是,bank/TMUA/papers/TMUA-2021-paper-1.pdf
TMUA-2021-P1-q19,TMUA-2021-P1-q19.png,TMUA,1,2021,October 2021,19,MM4,Trigonometry,,B,mcq,ABCDEF,,是,bank/TMUA/papers/TMUA-2021-paper-1.pdf
TMUA-2021-P1-q20,TMUA-2021-P1-q20.png,TMUA,1,2021,October 2021,20,MM3,Coordinate geometry,,D,mcq,ABCDEF,,是,bank/TMUA/papers/TMUA-2021-paper-1.pdf
TMUA-2021-P2-q1,TMUA-2021-P2-q1.png,TMUA,2,2021,October 2021,1,MM7,Integration,,D,mcq,ABCDEFG,,是,bank/TMUA/papers/TMUA-2021-paper-2.pdf
TMUA-2021-P2-q2,TMUA-2021-P2-q2.png,TMUA,2,2021,October 2021,2,MM3,Coordinate geometry,,E,mcq,ABCDEF,,是,bank/TMUA/papers/TMUA-2021-paper-2.pdf
TMUA-2021-P2-q3,TMUA-2021-P2-q3.png,TMUA,2,2021,October 2021,3,M7,Probability,Arg,C,mcq,ABCDEFGH,,是,bank/TMUA/papers/TMUA-2021-paper-2.pdf
TMUA-2021-P2-q4,TMUA-2021-P2-q4.png,TMUA,2,2021,October 2021,4,M2,Number,Prf,C,mcq,ABCDEFGH,,是,bank/TMUA/papers/TMUA-2021-paper-2.pdf
TMUA-2021-P2-q5,TMUA-2021-P2-q5.png,TMUA,2,2021,October 2021,5,MM1,Algebra and functions,Err,B,mcq,ABCDE,,是,bank/TMUA/papers/TMUA-2021-paper-2.pdf
TMUA-2021-P2-q6,TMUA-2021-P2-q6.png,TMUA,2,2021,October 2021,6,MM8,Graphs of functions,Arg,D,mcq,ABCD,,是,bank/TMUA/papers/TMUA-2021-paper-2.pdf
TMUA-2021-P2-q7,TMUA-2021-P2-q7.png,TMUA,2,2021,October 2021,7,MM3,Coordinate geometry,,B,mcq,ABCDEFGH,,是,bank/TMUA/papers/TMUA-2021-paper-2.pdf
TMUA-2021-P2-q8,TMUA-2021-P2-q8.png,TMUA,2,2021,October 2021,8,MM6,Differentiation,Arg,C,mcq,ABCD,,是,bank/TMUA/papers/TMUA-2021-paper-2.pdf
TMUA-2021-P2-q9,TMUA-2021-P2-q9.png,TMUA,2,2021,October 2021,9,MM1,Algebra and functions,Arg,C,mcq,ABCDEFGH,,是,bank/TMUA/papers/TMUA-2021-paper-2.pdf
TMUA-2021-P2-q10,TMUA-2021-P2-q10.png,TMUA,2,2021,October 2021,10,MM2,Sequences and series,Arg,E,mcq,ABCDEFG,,是,bank/TMUA/papers/TMUA-2021-paper-2.pdf
TMUA-2021-P2-q11,TMUA-2021-P2-q11.png,TMUA,2,2021,October 2021,11,MM1,Algebra and functions,Err,C,mcq,ABCDEF,,是,bank/TMUA/papers/TMUA-2021-paper-2.pdf
TMUA-2021-P2-q12,TMUA-2021-P2-q12.png,TMUA,2,2021,October 2021,12,MM7,Integration,Arg,B,mcq,ABCDEFGH,,是,bank/TMUA/papers/TMUA-2021-paper-2.pdf
TMUA-2021-P2-q13,TMUA-2021-P2-q13.png,TMUA,2,2021,October 2021,13,MM1,Algebra and functions,Arg,A,mcq,ABCDEFGH,,是,bank/TMUA/papers/TMUA-2021-paper-2.pdf
TMUA-2021-P2-q14,TMUA-2021-P2-q14.png,TMUA,2,2021,October 2021,14,MM1,Algebra and functions,,C,mcq,ABCDEFGH,,是,bank/TMUA/papers/TMUA-2021-paper-2.pdf
TMUA-2021-P2-q15,TMUA-2021-P2-q15.png,TMUA,2,2021,October 2021,15,MM3,Coordinate geometry,Arg,B,mcq,ABCDEF,,是,bank/TMUA/papers/TMUA-2021-paper-2.pdf
TMUA-2021-P2-q16,TMUA-2021-P2-q16.png,TMUA,2,2021,October 2021,16,MM8,Graphs of functions,,E,mcq,ABCDEF,,是,bank/TMUA/papers/TMUA-2021-paper-2.pdf
TMUA-2021-P2-q17,TMUA-2021-P2-q17.png,TMUA,2,2021,October 2021,17,MM5,Exponentials and logarithms,,F,mcq,ABCDEF,,是,bank/TMUA/papers/TMUA-2021-paper-2.pdf
TMUA-2021-P2-q18,TMUA-2021-P2-q18.png,TMUA,2,2021,October 2021,18,MM4,Trigonometry,Arg,C,mcq,ABCDEFGH,,是,bank/TMUA/papers/TMUA-2021-paper-2.pdf
TMUA-2021-P2-q19,TMUA-2021-P2-q19.png,TMUA,2,2021,October 2021,19,MM4,Trigonometry,,F,mcq,ABCDEFGH,,是,bank/TMUA/papers/TMUA-2021-paper-2.pdf
TMUA-2021-P2-q20,TMUA-2021-P2-q20.png,TMUA,2,2021,October 2021,20,MM7,Integration,,E,mcq,ABCDEFGH,,是,bank/TMUA/papers/TMUA-2021-paper-2.pdf
TMUA-2022-P1-q1,TMUA-2022-P1-q1.png,TMUA,1,2022,October 2022,1,MM4,Trigonometry,,C,mcq,ABCDEFGH,,是,bank/TMUA/papers/TMUA-2022-paper-1.pdf
TMUA-2022-P1-q2,TMUA-2022-P1-q2.png,TMUA,1,2022,October 2022,2,MM3,Coordinate geometry,,D,mcq,ABCDEF,,是,bank/TMUA/papers/TMUA-2022-paper-1.pdf
TMUA-2022-P1-q3,TMUA-2022-P1-q3.png,TMUA,1,2022,October 2022,3,MM1,Algebra and functions,,F,mcq,ABCDEF,,是,bank/TMUA/papers/TMUA-2022-paper-1.pdf
TMUA-2022-P1-q4,TMUA-2022-P1-q4.png,TMUA,1,2022,October 2022,4,MM4,Trigonometry,,C,mcq,ABCDEFG,是,是,bank/TMUA/papers/TMUA-2022-paper-1.pdf
TMUA-2022-P1-q5,TMUA-2022-P1-q5.png,TMUA,1,2022,October 2022,5,MM1,Algebra and functions,,H,mcq,ABCDEFGH,,是,bank/TMUA/papers/TMUA-2022-paper-1.pdf
TMUA-2022-P1-q6,TMUA-2022-P1-q6.png,TMUA,1,2022,October 2022,6,MM5,Exponentials and logarithms,,F,mcq,ABCDEFG,,是,bank/TMUA/papers/TMUA-2022-paper-1.pdf
TMUA-2022-P1-q7,TMUA-2022-P1-q7.png,TMUA,1,2022,October 2022,7,MM7,Integration,,E,mcq,ABCDEF,,是,bank/TMUA/papers/TMUA-2022-paper-1.pdf
TMUA-2022-P1-q8,TMUA-2022-P1-q8.png,TMUA,1,2022,October 2022,8,MM2,Sequences and series,,B,mcq,ABCDE,,是,bank/TMUA/papers/TMUA-2022-paper-1.pdf
TMUA-2022-P1-q9,TMUA-2022-P1-q9.png,TMUA,1,2022,October 2022,9,MM1,Algebra and functions,,E,mcq,ABCDEFG,,是,bank/TMUA/papers/TMUA-2022-paper-1.pdf
TMUA-2022-P1-q10,TMUA-2022-P1-q10.png,TMUA,1,2022,October 2022,10,MM1,Algebra and functions,,C,mcq,ABCDEFGH,,是,bank/TMUA/papers/TMUA-2022-paper-1.pdf
TMUA-2022-P1-q11,TMUA-2022-P1-q11.png,TMUA,1,2022,October 2022,11,MM2,Sequences and series,,A,mcq,ABCDEFGH,,是,bank/TMUA/papers/TMUA-2022-paper-1.pdf
TMUA-2022-P1-q12,TMUA-2022-P1-q12.png,TMUA,1,2022,October 2022,12,MM8,Graphs of functions,,D,mcq,ABCDE,,是,bank/TMUA/papers/TMUA-2022-paper-1.pdf
TMUA-2022-P1-q13,TMUA-2022-P1-q13.png,TMUA,1,2022,October 2022,13,MM1,Algebra and functions,,A,mcq,ABCDEFGH,,是,bank/TMUA/papers/TMUA-2022-paper-1.pdf
TMUA-2022-P1-q14,TMUA-2022-P1-q14.png,TMUA,1,2022,October 2022,14,MM4,Trigonometry,,D,mcq,ABCDEF,,是,bank/TMUA/papers/TMUA-2022-paper-1.pdf
TMUA-2022-P1-q15,TMUA-2022-P1-q15.png,TMUA,1,2022,October 2022,15,MM6,Differentiation,,H,mcq,ABCDEFGH,,是,bank/TMUA/papers/TMUA-2022-paper-1.pdf
TMUA-2022-P1-q16,TMUA-2022-P1-q16.png,TMUA,1,2022,October 2022,16,MM4,Trigonometry,,B,mcq,ABCDEF,,是,bank/TMUA/papers/TMUA-2022-paper-1.pdf
TMUA-2022-P1-q17,TMUA-2022-P1-q17.png,TMUA,1,2022,October 2022,17,MM4,Trigonometry,,D,mcq,ABCDEF,是,是,bank/TMUA/papers/TMUA-2022-paper-1.pdf
TMUA-2022-P1-q18,TMUA-2022-P1-q18.png,TMUA,1,2022,October 2022,18,MM8,Graphs of functions,,B,mcq,ABCDEF,,是,bank/TMUA/papers/TMUA-2022-paper-1.pdf
TMUA-2022-P1-q19,TMUA-2022-P1-q19.png,TMUA,1,2022,October 2022,19,MM3,Coordinate geometry,,F,mcq,ABCDEF,,是,bank/TMUA/papers/TMUA-2022-paper-1.pdf
TMUA-2022-P1-q20,TMUA-2022-P1-q20.png,TMUA,1,2022,October 2022,20,MM8,Graphs of functions,,B,mcq,ABCDE,,是,bank/TMUA/papers/TMUA-2022-paper-1.pdf
TMUA-2022-P2-q1,TMUA-2022-P2-q1.png,TMUA,2,2022,October 2022,1,MM6,Differentiation,,B,mcq,AB,,是,bank/TMUA/papers/TMUA-2022-paper-2.pdf
TMUA-2022-P2-q2,TMUA-2022-P2-q2.png,TMUA,2,2022,October 2022,2,MM2,Sequences and series,,E,mcq,ABCDE,,是,bank/TMUA/papers/TMUA-2022-paper-2.pdf
TMUA-2022-P2-q3,TMUA-2022-P2-q3.png,TMUA,2,2022,October 2022,3,M2,Number,Arg,C,mcq,ABCDEFGH,,是,bank/TMUA/papers/TMUA-2022-paper-2.pdf
TMUA-2022-P2-q4,TMUA-2022-P2-q4.png,TMUA,2,2022,October 2022,4,MM3,Coordinate geometry,Arg,B,mcq,ABCDE,,是,bank/TMUA/papers/TMUA-2022-paper-2.pdf
TMUA-2022-P2-q5,TMUA-2022-P2-q5.png,TMUA,2,2022,October 2022,5,MM3,Coordinate geometry,Arg,F,mcq,ABCDEFGH,,是,bank/TMUA/papers/TMUA-2022-paper-2.pdf
TMUA-2022-P2-q6,TMUA-2022-P2-q6.png,TMUA,2,2022,October 2022,6,M2,Number,Arg,C,mcq,ABCD,,是,bank/TMUA/papers/TMUA-2022-paper-2.pdf
TMUA-2022-P2-q7,TMUA-2022-P2-q7.png,TMUA,2,2022,October 2022,7,MM1,Algebra and functions,Err,F,mcq,ABCDEFG,,是,bank/TMUA/papers/TMUA-2022-paper-2.pdf
TMUA-2022-P2-q8,TMUA-2022-P2-q8.png,TMUA,2,2022,October 2022,8,MM2,Sequences and series,Arg,C,mcq,ABCDEF,,是,bank/TMUA/papers/TMUA-2022-paper-2.pdf
TMUA-2022-P2-q9,TMUA-2022-P2-q9.png,TMUA,2,2022,October 2022,9,MM1,Algebra and functions,Arg,A,mcq,ABCDEFG,,是,bank/TMUA/papers/TMUA-2022-paper-2.pdf
TMUA-2022-P2-q10,TMUA-2022-P2-q10.png,TMUA,2,2022,October 2022,10,MM2,Sequences and series,Arg,G,mcq,ABCDEFGH,,是,bank/TMUA/papers/TMUA-2022-paper-2.pdf
TMUA-2022-P2-q11,TMUA-2022-P2-q11.png,TMUA,2,2022,October 2022,11,M5,Geometry,Arg,C,mcq,ABCDE,是,是,bank/TMUA/papers/TMUA-2022-paper-2.pdf
TMUA-2022-P2-q12,TMUA-2022-P2-q12.png,TMUA,2,2022,October 2022,12,MM7,Integration,,F,mcq,ABCDEF,,是,bank/TMUA/papers/TMUA-2022-paper-2.pdf
TMUA-2022-P2-q13,TMUA-2022-P2-q13.png,TMUA,2,2022,October 2022,13,MM1,Algebra and functions,Arg,E,mcq,ABCDEF,,是,bank/TMUA/papers/TMUA-2022-paper-2.pdf
TMUA-2022-P2-q14,TMUA-2022-P2-q14.png,TMUA,2,2022,October 2022,14,MM4,Trigonometry,,D,mcq,ABCDEFG,,是,bank/TMUA/papers/TMUA-2022-paper-2.pdf
TMUA-2022-P2-q15,TMUA-2022-P2-q15.png,TMUA,2,2022,October 2022,15,MM5,Exponentials and logarithms,,F,mcq,ABCDEFGH,,是,bank/TMUA/papers/TMUA-2022-paper-2.pdf
TMUA-2022-P2-q16,TMUA-2022-P2-q16.png,TMUA,2,2022,October 2022,16,MM2,Sequences and series,Arg,D,mcq,ABCDEFGH,,是,bank/TMUA/papers/TMUA-2022-paper-2.pdf
TMUA-2022-P2-q17,TMUA-2022-P2-q17.png,TMUA,2,2022,October 2022,17,MM6,Differentiation,Err,E,mcq,ABCDE,,是,bank/TMUA/papers/TMUA-2022-paper-2.pdf
TMUA-2022-P2-q18,TMUA-2022-P2-q18.png,TMUA,2,2022,October 2022,18,MM1,Algebra and functions,,E,mcq,ABCDEFGH,是,是,bank/TMUA/papers/TMUA-2022-paper-2.pdf
TMUA-2022-P2-q19,TMUA-2022-P2-q19.png,TMUA,2,2022,October 2022,19,MM3,Coordinate geometry,Arg,B,mcq,ABCDE,,是,bank/TMUA/papers/TMUA-2022-paper-2.pdf
TMUA-2022-P2-q20,TMUA-2022-P2-q20.png,TMUA,2,2022,October 2022,20,MM4,Trigonometry,Arg,E,mcq,ABCDEF,,是,bank/TMUA/papers/TMUA-2022-paper-2.pdf
TMUA-2023-P1-q1,TMUA-2023-P1-q1.png,TMUA,1,2023,October 2023,1,MM1,Algebra and functions,,F,mcq,ABCDEFG,,是,bank/TMUA/papers/TMUA-2023-paper-1.pdf
TMUA-2023-P1-q2,TMUA-2023-P1-q2.png,TMUA,1,2023,October 2023,2,MM8,Graphs of functions,,A,mcq,ABCDEF,,是,bank/TMUA/papers/TMUA-2023-paper-1.pdf
TMUA-2023-P1-q3,TMUA-2023-P1-q3.png,TMUA,1,2023,October 2023,3,MM7,Integration,,C,mcq,ABCDEF,,是,bank/TMUA/papers/TMUA-2023-paper-1.pdf
TMUA-2023-P1-q4,TMUA-2023-P1-q4.png,TMUA,1,2023,October 2023,4,MM2,Sequences and series,,C,mcq,ABCDE,,是,bank/TMUA/papers/TMUA-2023-paper-1.pdf
TMUA-2023-P1-q5,TMUA-2023-P1-q5.png,TMUA,1,2023,October 2023,5,M5,Geometry,,F,mcq,ABCDEF,是,是,bank/TMUA/papers/TMUA-2023-paper-1.pdf
TMUA-2023-P1-q6,TMUA-2023-P1-q6.png,TMUA,1,2023,October 2023,6,MM2,Sequences and series,,E,mcq,ABCDEFG,,是,bank/TMUA/papers/TMUA-2023-paper-1.pdf
TMUA-2023-P1-q7,TMUA-2023-P1-q7.png,TMUA,1,2023,October 2023,7,MM1,Algebra and functions,,F,mcq,ABCDEFG,,是,bank/TMUA/papers/TMUA-2023-paper-1.pdf
TMUA-2023-P1-q8,TMUA-2023-P1-q8.png,TMUA,1,2023,October 2023,8,MM4,Trigonometry,,B,mcq,ABCDE,,是,bank/TMUA/papers/TMUA-2023-paper-1.pdf
TMUA-2023-P1-q9,TMUA-2023-P1-q9.png,TMUA,1,2023,October 2023,9,MM4,Trigonometry,,E,mcq,ABCDEF,,是,bank/TMUA/papers/TMUA-2023-paper-1.pdf
TMUA-2023-P1-q10,TMUA-2023-P1-q10.png,TMUA,1,2023,October 2023,10,MM7,Integration,,B,mcq,ABCDEF,,是,bank/TMUA/papers/TMUA-2023-paper-1.pdf
TMUA-2023-P1-q11,TMUA-2023-P1-q11.png,TMUA,1,2023,October 2023,11,MM6,Differentiation,,B,mcq,ABCDEF,,是,bank/TMUA/papers/TMUA-2023-paper-1.pdf
TMUA-2023-P1-q12,TMUA-2023-P1-q12.png,TMUA,1,2023,October 2023,12,MM1,Algebra and functions,,F,mcq,ABCDEFG,,是,bank/TMUA/papers/TMUA-2023-paper-1.pdf
TMUA-2023-P1-q13,TMUA-2023-P1-q13.png,TMUA,1,2023,October 2023,13,MM3,Coordinate geometry,,F,mcq,ABCDEFG,,是,bank/TMUA/papers/TMUA-2023-paper-1.pdf
TMUA-2023-P1-q14,TMUA-2023-P1-q14.png,TMUA,1,2023,October 2023,14,MM8,Graphs of functions,,A,mcq,ABCDEFGH,,是,bank/TMUA/papers/TMUA-2023-paper-1.pdf
TMUA-2023-P1-q15,TMUA-2023-P1-q15.png,TMUA,1,2023,October 2023,15,MM5,Exponentials and logarithms,,F,mcq,ABCDEF,,是,bank/TMUA/papers/TMUA-2023-paper-1.pdf
TMUA-2023-P1-q16,TMUA-2023-P1-q16.png,TMUA,1,2023,October 2023,16,MM3,Coordinate geometry,,E,mcq,ABCDEFG,,是,bank/TMUA/papers/TMUA-2023-paper-1.pdf
TMUA-2023-P1-q17,TMUA-2023-P1-q17.png,TMUA,1,2023,October 2023,17,MM2,Sequences and series,,E,mcq,ABCDEF,是,是,bank/TMUA/papers/TMUA-2023-paper-1.pdf
TMUA-2023-P1-q18,TMUA-2023-P1-q18.png,TMUA,1,2023,October 2023,18,MM2,Sequences and series,,E,mcq,ABCDEFGH,,是,bank/TMUA/papers/TMUA-2023-paper-1.pdf
TMUA-2023-P1-q19,TMUA-2023-P1-q19.png,TMUA,1,2023,October 2023,19,MM7,Integration,,D,mcq,ABCDEFGH,,是,bank/TMUA/papers/TMUA-2023-paper-1.pdf
TMUA-2023-P1-q20,TMUA-2023-P1-q20.png,TMUA,1,2023,October 2023,20,MM7,Integration,,F,mcq,ABCDEFGH,是,是,bank/TMUA/papers/TMUA-2023-paper-1.pdf
TMUA-2023-P2-q1,TMUA-2023-P2-q1.png,TMUA,2,2023,October 2023,1,MM1,Algebra and functions,,H,mcq,ABCDEFGH,,是,bank/TMUA/papers/TMUA-2023-paper-2.pdf
TMUA-2023-P2-q2,TMUA-2023-P2-q2.png,TMUA,2,2023,October 2023,2,MM7,Integration,,F,mcq,ABCDEFGH,,是,bank/TMUA/papers/TMUA-2023-paper-2.pdf
TMUA-2023-P2-q3,TMUA-2023-P2-q3.png,TMUA,2,2023,October 2023,3,MM1,Algebra and functions,Arg,C,mcq,ABCDEFGH,,是,bank/TMUA/papers/TMUA-2023-paper-2.pdf
TMUA-2023-P2-q4,TMUA-2023-P2-q4.png,TMUA,2,2023,October 2023,4,M2,Number,Arg,G,mcq,ABCDEFGH,,是,bank/TMUA/papers/TMUA-2023-paper-2.pdf
TMUA-2023-P2-q5,TMUA-2023-P2-q5.png,TMUA,2,2023,October 2023,5,MM7,Integration,Arg,A,mcq,ABCD,,是,bank/TMUA/papers/TMUA-2023-paper-2.pdf
TMUA-2023-P2-q6,TMUA-2023-P2-q6.png,TMUA,2,2023,October 2023,6,MM5,Exponentials and logarithms,,F,mcq,ABCDEFGH,,是,bank/TMUA/papers/TMUA-2023-paper-2.pdf
TMUA-2023-P2-q7,TMUA-2023-P2-q7.png,TMUA,2,2023,October 2023,7,MM3,Coordinate geometry,Arg,E,mcq,ABCDEF,,是,bank/TMUA/papers/TMUA-2023-paper-2.pdf
TMUA-2023-P2-q8,TMUA-2023-P2-q8.png,TMUA,2,2023,October 2023,8,MM3,Coordinate geometry,Arg,D,mcq,ABCDEFGH,,是,bank/TMUA/papers/TMUA-2023-paper-2.pdf
TMUA-2023-P2-q9,TMUA-2023-P2-q9.png,TMUA,2,2023,October 2023,9,M5,Geometry,Arg,D,mcq,ABCDEFGH,,是,bank/TMUA/papers/TMUA-2023-paper-2.pdf
TMUA-2023-P2-q10,TMUA-2023-P2-q10.png,TMUA,2,2023,October 2023,10,MM1,Algebra and functions,Err,A,mcq,ABCDEFG,,是,bank/TMUA/papers/TMUA-2023-paper-2.pdf
TMUA-2023-P2-q11,TMUA-2023-P2-q11.png,TMUA,2,2023,October 2023,11,M2,Number,Arg,G,mcq,ABCDEFGH,,是,bank/TMUA/papers/TMUA-2023-paper-2.pdf
TMUA-2023-P2-q12,TMUA-2023-P2-q12.png,TMUA,2,2023,October 2023,12,MM1,Algebra and functions,Arg,C,mcq,ABCD,,是,bank/TMUA/papers/TMUA-2023-paper-2.pdf
TMUA-2023-P2-q13,TMUA-2023-P2-q13.png,TMUA,2,2023,October 2023,13,MM1,Algebra and functions,Arg,C,mcq,ABCDE,,是,bank/TMUA/papers/TMUA-2023-paper-2.pdf
TMUA-2023-P2-q14,TMUA-2023-P2-q14.png,TMUA,2,2023,October 2023,14,MM3,Coordinate geometry,,F,mcq,ABCDEFG,,是,bank/TMUA/papers/TMUA-2023-paper-2.pdf
TMUA-2023-P2-q15,TMUA-2023-P2-q15.png,TMUA,2,2023,October 2023,15,MM2,Sequences and series,,B,mcq,ABCDEFGH,,是,bank/TMUA/papers/TMUA-2023-paper-2.pdf
TMUA-2023-P2-q16,TMUA-2023-P2-q16.png,TMUA,2,2023,October 2023,16,M2,Number,Arg,B,mcq,ABCDEFGH,,是,bank/TMUA/papers/TMUA-2023-paper-2.pdf
TMUA-2023-P2-q17,TMUA-2023-P2-q17.png,TMUA,2,2023,October 2023,17,MM2,Sequences and series,,F,mcq,ABCDEF,,是,bank/TMUA/papers/TMUA-2023-paper-2.pdf
TMUA-2023-P2-q18,TMUA-2023-P2-q18.png,TMUA,2,2023,October 2023,18,MM1,Algebra and functions,Arg,D,mcq,ABCDEF,,是,bank/TMUA/papers/TMUA-2023-paper-2.pdf
TMUA-2023-P2-q19,TMUA-2023-P2-q19.png,TMUA,2,2023,October 2023,19,MM6,Differentiation,Arg,H,mcq,ABCDEFGH,,是,bank/TMUA/papers/TMUA-2023-paper-2.pdf
TMUA-2023-P2-q20,TMUA-2023-P2-q20.png,TMUA,2,2023,October 2023,20,MM7,Integration,Arg,D,mcq,ABCDEFGH,,是,bank/TMUA/papers/TMUA-2023-paper-2.pdf
TSA-2008-S1-q1,TSA-2008-S1-q1.png,TSA,1,2008,November 2008,1,CT-main,Critical Thinking: Identifying the Main Conclusion,,C,mcq,ABCDE,,,bank/TARA/TSA_section1/papers/TSA-2008-S1.pdf
TSA-2008-S1-q2,TSA-2008-S1-q2.png,TSA,1,2008,November 2008,2,PS,Problem Solving,,C,mcq,ABCDE,,,bank/TARA/TSA_section1/papers/TSA-2008-S1.pdf
TSA-2008-S1-q3,TSA-2008-S1-q3.png,TSA,1,2008,November 2008,3,CT-flaw,Critical Thinking: Detecting Reasoning Errors,,D,mcq,ABCDE,,,bank/TARA/TSA_section1/papers/TSA-2008-S1.pdf
TSA-2008-S1-q4,TSA-2008-S1-q4.png,TSA,1,2008,November 2008,4,CT-draw,Critical Thinking: Drawing a Conclusion,,B,mcq,ABCDE,,,bank/TARA/TSA_section1/papers/TSA-2008-S1.pdf
TSA-2008-S1-q5,TSA-2008-S1-q5.png,TSA,1,2008,November 2008,5,CT-assm,Critical Thinking: Identifying an Assumption,,D,mcq,ABCDE,,,bank/TARA/TSA_section1/papers/TSA-2008-S1.pdf
TSA-2008-S1-q6,TSA-2008-S1-q6.png,TSA,1,2008,November 2008,6,PS,Problem Solving,,D,mcq,ABCDE,,,bank/TARA/TSA_section1/papers/TSA-2008-S1.pdf
TSA-2008-S1-q7,TSA-2008-S1-q7.png,TSA,1,2008,November 2008,7,PS,Problem Solving,,E,mcq,ABCDE,,,bank/TARA/TSA_section1/papers/TSA-2008-S1.pdf
TSA-2008-S1-q8,TSA-2008-S1-q8.png,TSA,1,2008,November 2008,8,PS,Problem Solving,,A,mcq,ABCDE,是,,bank/TARA/TSA_section1/papers/TSA-2008-S1.pdf
TSA-2008-S1-q9,TSA-2008-S1-q9.png,TSA,1,2008,November 2008,9,CT-evid,Critical Thinking: Assessing the Impact of Additional Evidence,,C,mcq,ABCDE,,,bank/TARA/TSA_section1/papers/TSA-2008-S1.pdf
TSA-2008-S1-q10,TSA-2008-S1-q10.png,TSA,1,2008,November 2008,10,CT-flaw,Critical Thinking: Detecting Reasoning Errors,,C,mcq,ABCDE,,,bank/TARA/TSA_section1/papers/TSA-2008-S1.pdf
TSA-2008-S1-q11,TSA-2008-S1-q11.png,TSA,1,2008,November 2008,11,CT-main,Critical Thinking: Identifying the Main Conclusion,,D,mcq,ABCDE,,,bank/TARA/TSA_section1/papers/TSA-2008-S1.pdf
TSA-2008-S1-q12,TSA-2008-S1-q12.png,TSA,1,2008,November 2008,12,PS,Problem Solving,,C,mcq,ABCDE,,,bank/TARA/TSA_section1/papers/TSA-2008-S1.pdf
TSA-2008-S1-q13,TSA-2008-S1-q13.png,TSA,1,2008,November 2008,13,PS,Problem Solving,,E,mcq,ABCDE,是,,bank/TARA/TSA_section1/papers/TSA-2008-S1.pdf
TSA-2008-S1-q14,TSA-2008-S1-q14.png,TSA,1,2008,November 2008,14,PS,Problem Solving,,E,mcq,ABCDE,是,,bank/TARA/TSA_section1/papers/TSA-2008-S1.pdf
TSA-2008-S1-q15,TSA-2008-S1-q15.png,TSA,1,2008,November 2008,15,CT-draw,Critical Thinking: Drawing a Conclusion,,D,mcq,ABCDE,,,bank/TARA/TSA_section1/papers/TSA-2008-S1.pdf
TSA-2008-S1-q16,TSA-2008-S1-q16.png,TSA,1,2008,November 2008,16,CT-assm,Critical Thinking: Identifying an Assumption,,D,mcq,ABCDE,,,bank/TARA/TSA_section1/papers/TSA-2008-S1.pdf
TSA-2008-S1-q17,TSA-2008-S1-q17.png,TSA,1,2008,November 2008,17,CT-evid,Critical Thinking: Assessing the Impact of Additional Evidence,,A,mcq,ABCDE,,,bank/TARA/TSA_section1/papers/TSA-2008-S1.pdf
TSA-2008-S1-q18,TSA-2008-S1-q18.png,TSA,1,2008,November 2008,18,PS,Problem Solving,,E,mcq,ABCDE,,,bank/TARA/TSA_section1/papers/TSA-2008-S1.pdf
TSA-2008-S1-q19,TSA-2008-S1-q19.png,TSA,1,2008,November 2008,19,PS,Problem Solving,,B,mcq,ABCDE,,,bank/TARA/TSA_section1/papers/TSA-2008-S1.pdf
TSA-2008-S1-q20,TSA-2008-S1-q20.png,TSA,1,2008,November 2008,20,PS,Problem Solving,,B,mcq,ABCDE,,,bank/TARA/TSA_section1/papers/TSA-2008-S1.pdf
TSA-2008-S1-q21,TSA-2008-S1-q21.png,TSA,1,2008,November 2008,21,CT-flaw,Critical Thinking: Detecting Reasoning Errors,,D,mcq,ABCDE,,,bank/TARA/TSA_section1/papers/TSA-2008-S1.pdf
TSA-2008-S1-q22,TSA-2008-S1-q22.png,TSA,1,2008,November 2008,22,CT-match,Critical Thinking: Matching Arguments,,B,mcq,ABCDE,,,bank/TARA/TSA_section1/papers/TSA-2008-S1.pdf
TSA-2008-S1-q23,TSA-2008-S1-q23.png,TSA,1,2008,November 2008,23,CT-prin,Critical Thinking: Applying Principles,,C,mcq,ABCDE,,,bank/TARA/TSA_section1/papers/TSA-2008-S1.pdf
TSA-2008-S1-q24,TSA-2008-S1-q24.png,TSA,1,2008,November 2008,24,PS,Problem Solving,,D,mcq,ABCDE,,,bank/TARA/TSA_section1/papers/TSA-2008-S1.pdf
TSA-2008-S1-q25,TSA-2008-S1-q25.png,TSA,1,2008,November 2008,25,PS,Problem Solving,,D,mcq,ABCDE,是,,bank/TARA/TSA_section1/papers/TSA-2008-S1.pdf
TSA-2008-S1-q26,TSA-2008-S1-q26.png,TSA,1,2008,November 2008,26,PS,Problem Solving,,B,mcq,ABCDE,是,,bank/TARA/TSA_section1/papers/TSA-2008-S1.pdf
TSA-2008-S1-q27,TSA-2008-S1-q27.png,TSA,1,2008,November 2008,27,CT-main,Critical Thinking: Identifying the Main Conclusion,,C,mcq,ABCDE,,,bank/TARA/TSA_section1/papers/TSA-2008-S1.pdf
TSA-2008-S1-q28,TSA-2008-S1-q28.png,TSA,1,2008,November 2008,28,CT-draw,Critical Thinking: Drawing a Conclusion,,A,mcq,ABCDE,,,bank/TARA/TSA_section1/papers/TSA-2008-S1.pdf
TSA-2008-S1-q29,TSA-2008-S1-q29.png,TSA,1,2008,November 2008,29,CT-assm,Critical Thinking: Identifying an Assumption,,D,mcq,ABCDE,,,bank/TARA/TSA_section1/papers/TSA-2008-S1.pdf
TSA-2008-S1-q30,TSA-2008-S1-q30.png,TSA,1,2008,November 2008,30,PS,Problem Solving,,B,mcq,ABCDE,是,,bank/TARA/TSA_section1/papers/TSA-2008-S1.pdf
TSA-2008-S1-q31,TSA-2008-S1-q31.png,TSA,1,2008,November 2008,31,PS,Problem Solving,,B,mcq,ABCDE,,,bank/TARA/TSA_section1/papers/TSA-2008-S1.pdf
TSA-2008-S1-q32,TSA-2008-S1-q32.png,TSA,1,2008,November 2008,32,PS,Problem Solving,,E,mcq,ABCDE,,,bank/TARA/TSA_section1/papers/TSA-2008-S1.pdf
TSA-2008-S1-q33,TSA-2008-S1-q33.png,TSA,1,2008,November 2008,33,CT-evid,Critical Thinking: Assessing the Impact of Additional Evidence,,C,mcq,ABCDE,,,bank/TARA/TSA_section1/papers/TSA-2008-S1.pdf
TSA-2008-S1-q34,TSA-2008-S1-q34.png,TSA,1,2008,November 2008,34,CT-flaw,Critical Thinking: Detecting Reasoning Errors,,A,mcq,ABCDE,,,bank/TARA/TSA_section1/papers/TSA-2008-S1.pdf
TSA-2008-S1-q35,TSA-2008-S1-q35.png,TSA,1,2008,November 2008,35,CT-main,Critical Thinking: Identifying the Main Conclusion,,A,mcq,ABCDE,,,bank/TARA/TSA_section1/papers/TSA-2008-S1.pdf
TSA-2008-S1-q36,TSA-2008-S1-q36.png,TSA,1,2008,November 2008,36,PS,Problem Solving,,B,mcq,ABCDE,,,bank/TARA/TSA_section1/papers/TSA-2008-S1.pdf
TSA-2008-S1-q37,TSA-2008-S1-q37.png,TSA,1,2008,November 2008,37,PS,Problem Solving,,B,mcq,ABCDE,,,bank/TARA/TSA_section1/papers/TSA-2008-S1.pdf
TSA-2008-S1-q38,TSA-2008-S1-q38.png,TSA,1,2008,November 2008,38,PS,Problem Solving,,C,mcq,ABCDE,,,bank/TARA/TSA_section1/papers/TSA-2008-S1.pdf
TSA-2008-S1-q39,TSA-2008-S1-q39.png,TSA,1,2008,November 2008,39,CT-draw,Critical Thinking: Drawing a Conclusion,,E,mcq,ABCDE,,,bank/TARA/TSA_section1/papers/TSA-2008-S1.pdf
TSA-2008-S1-q40,TSA-2008-S1-q40.png,TSA,1,2008,November 2008,40,CT-assm,Critical Thinking: Identifying an Assumption,,A,mcq,ABCDE,,,bank/TARA/TSA_section1/papers/TSA-2008-S1.pdf
TSA-2008-S1-q41,TSA-2008-S1-q41.png,TSA,1,2008,November 2008,41,CT-evid,Critical Thinking: Assessing the Impact of Additional Evidence,,B,mcq,ABCDE,,,bank/TARA/TSA_section1/papers/TSA-2008-S1.pdf
TSA-2008-S1-q42,TSA-2008-S1-q42.png,TSA,1,2008,November 2008,42,PS,Problem Solving,,C,mcq,ABCDE,,,bank/TARA/TSA_section1/papers/TSA-2008-S1.pdf
TSA-2008-S1-q43,TSA-2008-S1-q43.png,TSA,1,2008,November 2008,43,PS,Problem Solving,,C,mcq,ABCDE,,,bank/TARA/TSA_section1/papers/TSA-2008-S1.pdf
TSA-2008-S1-q44,TSA-2008-S1-q44.png,TSA,1,2008,November 2008,44,PS,Problem Solving,,E,mcq,ABCDE,是,,bank/TARA/TSA_section1/papers/TSA-2008-S1.pdf
TSA-2008-S1-q45,TSA-2008-S1-q45.png,TSA,1,2008,November 2008,45,CT-main,Critical Thinking: Identifying the Main Conclusion,,A,mcq,ABCDE,,,bank/TARA/TSA_section1/papers/TSA-2008-S1.pdf
TSA-2008-S1-q46,TSA-2008-S1-q46.png,TSA,1,2008,November 2008,46,CT-match,Critical Thinking: Matching Arguments,,A,mcq,ABCDE,,,bank/TARA/TSA_section1/papers/TSA-2008-S1.pdf
TSA-2008-S1-q47,TSA-2008-S1-q47.png,TSA,1,2008,November 2008,47,CT-prin,Critical Thinking: Applying Principles,,B,mcq,ABCDE,,,bank/TARA/TSA_section1/papers/TSA-2008-S1.pdf
TSA-2008-S1-q48,TSA-2008-S1-q48.png,TSA,1,2008,November 2008,48,PS,Problem Solving,,C,mcq,ABCDE,,,bank/TARA/TSA_section1/papers/TSA-2008-S1.pdf
TSA-2008-S1-q49,TSA-2008-S1-q49.png,TSA,1,2008,November 2008,49,PS,Problem Solving,,D,mcq,ABCDE,,,bank/TARA/TSA_section1/papers/TSA-2008-S1.pdf
TSA-2008-S1-q50,TSA-2008-S1-q50.png,TSA,1,2008,November 2008,50,PS,Problem Solving,,D,mcq,ABCDE,是,,bank/TARA/TSA_section1/papers/TSA-2008-S1.pdf
TSA-2009-S1-q1,TSA-2009-S1-q1.png,TSA,1,2009,November 2009,1,CT-main,Critical Thinking: Identifying the Main Conclusion,,D,mcq,ABCDE,,,bank/TARA/TSA_section1/papers/TSA-2009-S1.pdf
TSA-2009-S1-q2,TSA-2009-S1-q2.png,TSA,1,2009,November 2009,2,PS,Problem Solving,,C,mcq,ABCDE,是,,bank/TARA/TSA_section1/papers/TSA-2009-S1.pdf
TSA-2009-S1-q3,TSA-2009-S1-q3.png,TSA,1,2009,November 2009,3,CT-flaw,Critical Thinking: Detecting Reasoning Errors,,D,mcq,ABCDE,,,bank/TARA/TSA_section1/papers/TSA-2009-S1.pdf
TSA-2009-S1-q4,TSA-2009-S1-q4.png,TSA,1,2009,November 2009,4,CT-draw,Critical Thinking: Drawing a Conclusion,,B,mcq,ABCDE,,,bank/TARA/TSA_section1/papers/TSA-2009-S1.pdf
TSA-2009-S1-q5,TSA-2009-S1-q5.png,TSA,1,2009,November 2009,5,CT-assm,Critical Thinking: Identifying an Assumption,,E,mcq,ABCDE,,,bank/TARA/TSA_section1/papers/TSA-2009-S1.pdf
TSA-2009-S1-q6,TSA-2009-S1-q6.png,TSA,1,2009,November 2009,6,PS,Problem Solving,,C,mcq,ABCDE,,,bank/TARA/TSA_section1/papers/TSA-2009-S1.pdf
TSA-2009-S1-q7,TSA-2009-S1-q7.png,TSA,1,2009,November 2009,7,PS,Problem Solving,,E,mcq,ABCDE,,,bank/TARA/TSA_section1/papers/TSA-2009-S1.pdf
TSA-2009-S1-q8,TSA-2009-S1-q8.png,TSA,1,2009,November 2009,8,PS,Problem Solving,,D,mcq,ABCDE,是,,bank/TARA/TSA_section1/papers/TSA-2009-S1.pdf
TSA-2009-S1-q9,TSA-2009-S1-q9.png,TSA,1,2009,November 2009,9,CT-evid,Critical Thinking: Assessing the Impact of Additional Evidence,,E,mcq,ABCDE,,,bank/TARA/TSA_section1/papers/TSA-2009-S1.pdf
TSA-2009-S1-q10,TSA-2009-S1-q10.png,TSA,1,2009,November 2009,10,CT-flaw,Critical Thinking: Detecting Reasoning Errors,,C,mcq,ABCDE,,,bank/TARA/TSA_section1/papers/TSA-2009-S1.pdf
TSA-2009-S1-q11,TSA-2009-S1-q11.png,TSA,1,2009,November 2009,11,CT-main,Critical Thinking: Identifying the Main Conclusion,,C,mcq,ABCDE,,,bank/TARA/TSA_section1/papers/TSA-2009-S1.pdf
TSA-2009-S1-q12,TSA-2009-S1-q12.png,TSA,1,2009,November 2009,12,PS,Problem Solving,,B,mcq,ABCDE,,,bank/TARA/TSA_section1/papers/TSA-2009-S1.pdf
TSA-2009-S1-q13,TSA-2009-S1-q13.png,TSA,1,2009,November 2009,13,PS,Problem Solving,,B,mcq,ABCDE,,,bank/TARA/TSA_section1/papers/TSA-2009-S1.pdf
TSA-2009-S1-q14,TSA-2009-S1-q14.png,TSA,1,2009,November 2009,14,PS,Problem Solving,,E,mcq,ABCDE,,,bank/TARA/TSA_section1/papers/TSA-2009-S1.pdf
TSA-2009-S1-q15,TSA-2009-S1-q15.png,TSA,1,2009,November 2009,15,CT-draw,Critical Thinking: Drawing a Conclusion,,A,mcq,ABCDE,,,bank/TARA/TSA_section1/papers/TSA-2009-S1.pdf
TSA-2009-S1-q16,TSA-2009-S1-q16.png,TSA,1,2009,November 2009,16,CT-assm,Critical Thinking: Identifying an Assumption,,E,mcq,ABCDE,,,bank/TARA/TSA_section1/papers/TSA-2009-S1.pdf
TSA-2009-S1-q17,TSA-2009-S1-q17.png,TSA,1,2009,November 2009,17,CT-evid,Critical Thinking: Assessing the Impact of Additional Evidence,,C,mcq,ABCDE,,,bank/TARA/TSA_section1/papers/TSA-2009-S1.pdf
TSA-2009-S1-q18,TSA-2009-S1-q18.png,TSA,1,2009,November 2009,18,PS,Problem Solving,,B,mcq,ABCDE,,,bank/TARA/TSA_section1/papers/TSA-2009-S1.pdf
TSA-2009-S1-q19,TSA-2009-S1-q19.png,TSA,1,2009,November 2009,19,PS,Problem Solving,,D,mcq,ABCDE,,,bank/TARA/TSA_section1/papers/TSA-2009-S1.pdf
TSA-2009-S1-q20,TSA-2009-S1-q20.png,TSA,1,2009,November 2009,20,PS,Problem Solving,,A,mcq,ABCDE,是,,bank/TARA/TSA_section1/papers/TSA-2009-S1.pdf
TSA-2009-S1-q21,TSA-2009-S1-q21.png,TSA,1,2009,November 2009,21,CT-flaw,Critical Thinking: Detecting Reasoning Errors,,D,mcq,ABCDE,,,bank/TARA/TSA_section1/papers/TSA-2009-S1.pdf
TSA-2009-S1-q22,TSA-2009-S1-q22.png,TSA,1,2009,November 2009,22,CT-match,Critical Thinking: Matching Arguments,,D,mcq,ABCDE,,,bank/TARA/TSA_section1/papers/TSA-2009-S1.pdf
TSA-2009-S1-q23,TSA-2009-S1-q23.png,TSA,1,2009,November 2009,23,CT-prin,Critical Thinking: Applying Principles,,A,mcq,ABCDE,,,bank/TARA/TSA_section1/papers/TSA-2009-S1.pdf
TSA-2009-S1-q24,TSA-2009-S1-q24.png,TSA,1,2009,November 2009,24,PS,Problem Solving,,B,mcq,ABCDE,,,bank/TARA/TSA_section1/papers/TSA-2009-S1.pdf
TSA-2009-S1-q25,TSA-2009-S1-q25.png,TSA,1,2009,November 2009,25,PS,Problem Solving,,C,mcq,ABCDE,,,bank/TARA/TSA_section1/papers/TSA-2009-S1.pdf
TSA-2009-S1-q26,TSA-2009-S1-q26.png,TSA,1,2009,November 2009,26,PS,Problem Solving,,D,mcq,ABCDE,是,,bank/TARA/TSA_section1/papers/TSA-2009-S1.pdf
TSA-2009-S1-q27,TSA-2009-S1-q27.png,TSA,1,2009,November 2009,27,CT-main,Critical Thinking: Identifying the Main Conclusion,,E,mcq,ABCDE,,,bank/TARA/TSA_section1/papers/TSA-2009-S1.pdf
TSA-2009-S1-q28,TSA-2009-S1-q28.png,TSA,1,2009,November 2009,28,CT-draw,Critical Thinking: Drawing a Conclusion,,D,mcq,ABCDE,,,bank/TARA/TSA_section1/papers/TSA-2009-S1.pdf
TSA-2009-S1-q29,TSA-2009-S1-q29.png,TSA,1,2009,November 2009,29,CT-assm,Critical Thinking: Identifying an Assumption,,B,mcq,ABCDE,,,bank/TARA/TSA_section1/papers/TSA-2009-S1.pdf
TSA-2009-S1-q30,TSA-2009-S1-q30.png,TSA,1,2009,November 2009,30,PS,Problem Solving,,E,mcq,ABCDE,,,bank/TARA/TSA_section1/papers/TSA-2009-S1.pdf
TSA-2009-S1-q31,TSA-2009-S1-q31.png,TSA,1,2009,November 2009,31,PS,Problem Solving,,C,mcq,ABCDE,,,bank/TARA/TSA_section1/papers/TSA-2009-S1.pdf
TSA-2009-S1-q32,TSA-2009-S1-q32.png,TSA,1,2009,November 2009,32,PS,Problem Solving,,C,mcq,ABCDE,是,,bank/TARA/TSA_section1/papers/TSA-2009-S1.pdf
TSA-2009-S1-q33,TSA-2009-S1-q33.png,TSA,1,2009,November 2009,33,CT-evid,Critical Thinking: Assessing the Impact of Additional Evidence,,A,mcq,ABCDE,,,bank/TARA/TSA_section1/papers/TSA-2009-S1.pdf
TSA-2009-S1-q34,TSA-2009-S1-q34.png,TSA,1,2009,November 2009,34,CT-flaw,Critical Thinking: Detecting Reasoning Errors,,D,mcq,ABCDE,,,bank/TARA/TSA_section1/papers/TSA-2009-S1.pdf
TSA-2009-S1-q35,TSA-2009-S1-q35.png,TSA,1,2009,November 2009,35,CT-main,Critical Thinking: Identifying the Main Conclusion,,B,mcq,ABCDE,,,bank/TARA/TSA_section1/papers/TSA-2009-S1.pdf
TSA-2009-S1-q36,TSA-2009-S1-q36.png,TSA,1,2009,November 2009,36,PS,Problem Solving,,B,mcq,ABCDE,,,bank/TARA/TSA_section1/papers/TSA-2009-S1.pdf
TSA-2009-S1-q37,TSA-2009-S1-q37.png,TSA,1,2009,November 2009,37,PS,Problem Solving,,D,mcq,ABCDE,,,bank/TARA/TSA_section1/papers/TSA-2009-S1.pdf
TSA-2009-S1-q38,TSA-2009-S1-q38.png,TSA,1,2009,November 2009,38,PS,Problem Solving,,D,mcq,ABCDE,是,,bank/TARA/TSA_section1/papers/TSA-2009-S1.pdf
TSA-2009-S1-q39,TSA-2009-S1-q39.png,TSA,1,2009,November 2009,39,CT-draw,Critical Thinking: Drawing a Conclusion,,A,mcq,ABCDE,,,bank/TARA/TSA_section1/papers/TSA-2009-S1.pdf
TSA-2009-S1-q40,TSA-2009-S1-q40.png,TSA,1,2009,November 2009,40,CT-assm,Critical Thinking: Identifying an Assumption,,C,mcq,ABCDE,,,bank/TARA/TSA_section1/papers/TSA-2009-S1.pdf
TSA-2009-S1-q41,TSA-2009-S1-q41.png,TSA,1,2009,November 2009,41,CT-evid,Critical Thinking: Assessing the Impact of Additional Evidence,,D,mcq,ABCDE,,,bank/TARA/TSA_section1/papers/TSA-2009-S1.pdf
TSA-2009-S1-q42,TSA-2009-S1-q42.png,TSA,1,2009,November 2009,42,PS,Problem Solving,,E,mcq,ABCDE,,,bank/TARA/TSA_section1/papers/TSA-2009-S1.pdf
TSA-2009-S1-q43,TSA-2009-S1-q43.png,TSA,1,2009,November 2009,43,PS,Problem Solving,,B,mcq,ABCDE,,,bank/TARA/TSA_section1/papers/TSA-2009-S1.pdf
TSA-2009-S1-q44,TSA-2009-S1-q44.png,TSA,1,2009,November 2009,44,PS,Problem Solving,,C,mcq,ABCDE,是,,bank/TARA/TSA_section1/papers/TSA-2009-S1.pdf
TSA-2009-S1-q45,TSA-2009-S1-q45.png,TSA,1,2009,November 2009,45,CT-main,Critical Thinking: Identifying the Main Conclusion,,A,mcq,ABCDE,,,bank/TARA/TSA_section1/papers/TSA-2009-S1.pdf
TSA-2009-S1-q46,TSA-2009-S1-q46.png,TSA,1,2009,November 2009,46,CT-match,Critical Thinking: Matching Arguments,,A,mcq,ABCDE,,,bank/TARA/TSA_section1/papers/TSA-2009-S1.pdf
TSA-2009-S1-q47,TSA-2009-S1-q47.png,TSA,1,2009,November 2009,47,CT-prin,Critical Thinking: Applying Principles,,A,mcq,ABCDE,,,bank/TARA/TSA_section1/papers/TSA-2009-S1.pdf
TSA-2009-S1-q48,TSA-2009-S1-q48.png,TSA,1,2009,November 2009,48,PS,Problem Solving,,C,mcq,ABCDE,,,bank/TARA/TSA_section1/papers/TSA-2009-S1.pdf
TSA-2009-S1-q49,TSA-2009-S1-q49.png,TSA,1,2009,November 2009,49,PS,Problem Solving,,B,mcq,ABCDE,,,bank/TARA/TSA_section1/papers/TSA-2009-S1.pdf
TSA-2009-S1-q50,TSA-2009-S1-q50.png,TSA,1,2009,November 2009,50,PS,Problem Solving,,E,mcq,ABCDE,是,,bank/TARA/TSA_section1/papers/TSA-2009-S1.pdf
TSA-2010-S1-q1,TSA-2010-S1-q1.png,TSA,1,2010,November 2010,1,CT-main,Critical Thinking: Identifying the Main Conclusion,,E,mcq,ABCDE,,,bank/TARA/TSA_section1/papers/TSA-2010-S1.pdf
TSA-2010-S1-q2,TSA-2010-S1-q2.png,TSA,1,2010,November 2010,2,PS,Problem Solving,,D,mcq,ABCDE,,,bank/TARA/TSA_section1/papers/TSA-2010-S1.pdf
TSA-2010-S1-q3,TSA-2010-S1-q3.png,TSA,1,2010,November 2010,3,CT-flaw,Critical Thinking: Detecting Reasoning Errors,,C,mcq,ABCDE,,,bank/TARA/TSA_section1/papers/TSA-2010-S1.pdf
TSA-2010-S1-q4,TSA-2010-S1-q4.png,TSA,1,2010,November 2010,4,CT-draw,Critical Thinking: Drawing a Conclusion,,D,mcq,ABCDE,,,bank/TARA/TSA_section1/papers/TSA-2010-S1.pdf
TSA-2010-S1-q5,TSA-2010-S1-q5.png,TSA,1,2010,November 2010,5,CT-assm,Critical Thinking: Identifying an Assumption,,A,mcq,ABCDE,,,bank/TARA/TSA_section1/papers/TSA-2010-S1.pdf
TSA-2010-S1-q6,TSA-2010-S1-q6.png,TSA,1,2010,November 2010,6,PS,Problem Solving,,D,mcq,ABCDE,,,bank/TARA/TSA_section1/papers/TSA-2010-S1.pdf
TSA-2010-S1-q7,TSA-2010-S1-q7.png,TSA,1,2010,November 2010,7,PS,Problem Solving,,E,mcq,ABCDE,是,,bank/TARA/TSA_section1/papers/TSA-2010-S1.pdf
TSA-2010-S1-q8,TSA-2010-S1-q8.png,TSA,1,2010,November 2010,8,PS,Problem Solving,,B,mcq,ABCDE,,,bank/TARA/TSA_section1/papers/TSA-2010-S1.pdf
TSA-2010-S1-q9,TSA-2010-S1-q9.png,TSA,1,2010,November 2010,9,CT-evid,Critical Thinking: Assessing the Impact of Additional Evidence,,C,mcq,ABCDE,,,bank/TARA/TSA_section1/papers/TSA-2010-S1.pdf
TSA-2010-S1-q10,TSA-2010-S1-q10.png,TSA,1,2010,November 2010,10,CT-flaw,Critical Thinking: Detecting Reasoning Errors,,B,mcq,ABCDE,,,bank/TARA/TSA_section1/papers/TSA-2010-S1.pdf
TSA-2010-S1-q11,TSA-2010-S1-q11.png,TSA,1,2010,November 2010,11,CT-main,Critical Thinking: Identifying the Main Conclusion,,C,mcq,ABCDE,,,bank/TARA/TSA_section1/papers/TSA-2010-S1.pdf
TSA-2010-S1-q12,TSA-2010-S1-q12.png,TSA,1,2010,November 2010,12,PS,Problem Solving,,D,mcq,ABCDE,,,bank/TARA/TSA_section1/papers/TSA-2010-S1.pdf
TSA-2010-S1-q13,TSA-2010-S1-q13.png,TSA,1,2010,November 2010,13,PS,Problem Solving,,E,mcq,ABCDE,,,bank/TARA/TSA_section1/papers/TSA-2010-S1.pdf
TSA-2010-S1-q14,TSA-2010-S1-q14.png,TSA,1,2010,November 2010,14,PS,Problem Solving,,A,mcq,ABCDE,是,,bank/TARA/TSA_section1/papers/TSA-2010-S1.pdf
TSA-2010-S1-q15,TSA-2010-S1-q15.png,TSA,1,2010,November 2010,15,CT-draw,Critical Thinking: Drawing a Conclusion,,B,mcq,ABCDE,,,bank/TARA/TSA_section1/papers/TSA-2010-S1.pdf
TSA-2010-S1-q16,TSA-2010-S1-q16.png,TSA,1,2010,November 2010,16,CT-assm,Critical Thinking: Identifying an Assumption,,E,mcq,ABCDE,,,bank/TARA/TSA_section1/papers/TSA-2010-S1.pdf
TSA-2010-S1-q17,TSA-2010-S1-q17.png,TSA,1,2010,November 2010,17,CT-evid,Critical Thinking: Assessing the Impact of Additional Evidence,,B,mcq,ABCDE,,,bank/TARA/TSA_section1/papers/TSA-2010-S1.pdf
TSA-2010-S1-q18,TSA-2010-S1-q18.png,TSA,1,2010,November 2010,18,PS,Problem Solving,,D,mcq,ABCDE,,,bank/TARA/TSA_section1/papers/TSA-2010-S1.pdf
TSA-2010-S1-q19,TSA-2010-S1-q19.png,TSA,1,2010,November 2010,19,PS,Problem Solving,,B,mcq,ABCDE,,,bank/TARA/TSA_section1/papers/TSA-2010-S1.pdf
TSA-2010-S1-q20,TSA-2010-S1-q20.png,TSA,1,2010,November 2010,20,PS,Problem Solving,,D,mcq,ABCDE,是,,bank/TARA/TSA_section1/papers/TSA-2010-S1.pdf
TSA-2010-S1-q21,TSA-2010-S1-q21.png,TSA,1,2010,November 2010,21,CT-flaw,Critical Thinking: Detecting Reasoning Errors,,C,mcq,ABCDE,,,bank/TARA/TSA_section1/papers/TSA-2010-S1.pdf
TSA-2010-S1-q22,TSA-2010-S1-q22.png,TSA,1,2010,November 2010,22,CT-match,Critical Thinking: Matching Arguments,,C,mcq,ABCDE,,,bank/TARA/TSA_section1/papers/TSA-2010-S1.pdf
TSA-2010-S1-q23,TSA-2010-S1-q23.png,TSA,1,2010,November 2010,23,CT-prin,Critical Thinking: Applying Principles,,D,mcq,ABCDE,,,bank/TARA/TSA_section1/papers/TSA-2010-S1.pdf
TSA-2010-S1-q24,TSA-2010-S1-q24.png,TSA,1,2010,November 2010,24,PS,Problem Solving,,B,mcq,ABCDE,,,bank/TARA/TSA_section1/papers/TSA-2010-S1.pdf
TSA-2010-S1-q25,TSA-2010-S1-q25.png,TSA,1,2010,November 2010,25,PS,Problem Solving,,B,mcq,ABCDE,,,bank/TARA/TSA_section1/papers/TSA-2010-S1.pdf
TSA-2010-S1-q26,TSA-2010-S1-q26.png,TSA,1,2010,November 2010,26,PS,Problem Solving,,D,mcq,ABCD,是,,bank/TARA/TSA_section1/papers/TSA-2010-S1.pdf
TSA-2010-S1-q27,TSA-2010-S1-q27.png,TSA,1,2010,November 2010,27,CT-main,Critical Thinking: Identifying the Main Conclusion,,C,mcq,ABCDE,,,bank/TARA/TSA_section1/papers/TSA-2010-S1.pdf
TSA-2010-S1-q28,TSA-2010-S1-q28.png,TSA,1,2010,November 2010,28,CT-draw,Critical Thinking: Drawing a Conclusion,,E,mcq,ABCDE,,,bank/TARA/TSA_section1/papers/TSA-2010-S1.pdf
TSA-2010-S1-q29,TSA-2010-S1-q29.png,TSA,1,2010,November 2010,29,CT-assm,Critical Thinking: Identifying an Assumption,,A,mcq,ABCDE,,,bank/TARA/TSA_section1/papers/TSA-2010-S1.pdf
TSA-2010-S1-q30,TSA-2010-S1-q30.png,TSA,1,2010,November 2010,30,PS,Problem Solving,,B,mcq,ABCDE,,,bank/TARA/TSA_section1/papers/TSA-2010-S1.pdf
TSA-2010-S1-q31,TSA-2010-S1-q31.png,TSA,1,2010,November 2010,31,PS,Problem Solving,,C,mcq,ABCDE,,,bank/TARA/TSA_section1/papers/TSA-2010-S1.pdf
TSA-2010-S1-q32,TSA-2010-S1-q32.png,TSA,1,2010,November 2010,32,PS,Problem Solving,,C,mcq,ABCDE,,,bank/TARA/TSA_section1/papers/TSA-2010-S1.pdf
TSA-2010-S1-q33,TSA-2010-S1-q33.png,TSA,1,2010,November 2010,33,CT-evid,Critical Thinking: Assessing the Impact of Additional Evidence,,D,mcq,ABCDE,,,bank/TARA/TSA_section1/papers/TSA-2010-S1.pdf
TSA-2010-S1-q34,TSA-2010-S1-q34.png,TSA,1,2010,November 2010,34,CT-flaw,Critical Thinking: Detecting Reasoning Errors,,D,mcq,ABCDE,,,bank/TARA/TSA_section1/papers/TSA-2010-S1.pdf
TSA-2010-S1-q35,TSA-2010-S1-q35.png,TSA,1,2010,November 2010,35,CT-main,Critical Thinking: Identifying the Main Conclusion,,D,mcq,ABCDE,,,bank/TARA/TSA_section1/papers/TSA-2010-S1.pdf
TSA-2010-S1-q36,TSA-2010-S1-q36.png,TSA,1,2010,November 2010,36,PS,Problem Solving,,B,mcq,ABCDE,,,bank/TARA/TSA_section1/papers/TSA-2010-S1.pdf
TSA-2010-S1-q37,TSA-2010-S1-q37.png,TSA,1,2010,November 2010,37,PS,Problem Solving,,B,mcq,ABCDE,,,bank/TARA/TSA_section1/papers/TSA-2010-S1.pdf
TSA-2010-S1-q38,TSA-2010-S1-q38.png,TSA,1,2010,November 2010,38,PS,Problem Solving,,E,mcq,ABCDE,是,,bank/TARA/TSA_section1/papers/TSA-2010-S1.pdf
TSA-2010-S1-q39,TSA-2010-S1-q39.png,TSA,1,2010,November 2010,39,CT-draw,Critical Thinking: Drawing a Conclusion,,B,mcq,ABCDE,,,bank/TARA/TSA_section1/papers/TSA-2010-S1.pdf
TSA-2010-S1-q40,TSA-2010-S1-q40.png,TSA,1,2010,November 2010,40,CT-assm,Critical Thinking: Identifying an Assumption,,E,mcq,ABCDE,,,bank/TARA/TSA_section1/papers/TSA-2010-S1.pdf
TSA-2010-S1-q41,TSA-2010-S1-q41.png,TSA,1,2010,November 2010,41,CT-evid,Critical Thinking: Assessing the Impact of Additional Evidence,,C,mcq,ABCDE,,,bank/TARA/TSA_section1/papers/TSA-2010-S1.pdf
TSA-2010-S1-q42,TSA-2010-S1-q42.png,TSA,1,2010,November 2010,42,PS,Problem Solving,,D,mcq,ABCDE,,,bank/TARA/TSA_section1/papers/TSA-2010-S1.pdf
TSA-2010-S1-q43,TSA-2010-S1-q43.png,TSA,1,2010,November 2010,43,PS,Problem Solving,,A,mcq,ABCDE,,,bank/TARA/TSA_section1/papers/TSA-2010-S1.pdf
TSA-2010-S1-q44,TSA-2010-S1-q44.png,TSA,1,2010,November 2010,44,PS,Problem Solving,,C,mcq,ABCDE,是,,bank/TARA/TSA_section1/papers/TSA-2010-S1.pdf
TSA-2010-S1-q45,TSA-2010-S1-q45.png,TSA,1,2010,November 2010,45,CT-main,Critical Thinking: Identifying the Main Conclusion,,B,mcq,ABCDE,,,bank/TARA/TSA_section1/papers/TSA-2010-S1.pdf
TSA-2010-S1-q46,TSA-2010-S1-q46.png,TSA,1,2010,November 2010,46,CT-match,Critical Thinking: Matching Arguments,,D,mcq,ABCDE,,,bank/TARA/TSA_section1/papers/TSA-2010-S1.pdf
TSA-2010-S1-q47,TSA-2010-S1-q47.png,TSA,1,2010,November 2010,47,CT-prin,Critical Thinking: Applying Principles,,C,mcq,ABC,,,bank/TARA/TSA_section1/papers/TSA-2010-S1.pdf
TSA-2010-S1-q48,TSA-2010-S1-q48.png,TSA,1,2010,November 2010,48,PS,Problem Solving,,B,mcq,ABCDE,,,bank/TARA/TSA_section1/papers/TSA-2010-S1.pdf
TSA-2010-S1-q49,TSA-2010-S1-q49.png,TSA,1,2010,November 2010,49,PS,Problem Solving,,D,mcq,ABCDE,是,,bank/TARA/TSA_section1/papers/TSA-2010-S1.pdf
TSA-2010-S1-q50,TSA-2010-S1-q50.png,TSA,1,2010,November 2010,50,PS,Problem Solving,,A,mcq,ABCDE,是,,bank/TARA/TSA_section1/papers/TSA-2010-S1.pdf
TSA-2011-S1-q1,TSA-2011-S1-q1.png,TSA,1,2011,November 2011,1,CT-main,Critical Thinking: Identifying the Main Conclusion,,A,mcq,ABCDE,,,bank/TARA/TSA_section1/papers/TSA-2011-S1.pdf
TSA-2011-S1-q2,TSA-2011-S1-q2.png,TSA,1,2011,November 2011,2,PS,Problem Solving,,C,mcq,ABCDE,,,bank/TARA/TSA_section1/papers/TSA-2011-S1.pdf
TSA-2011-S1-q3,TSA-2011-S1-q3.png,TSA,1,2011,November 2011,3,CT-flaw,Critical Thinking: Detecting Reasoning Errors,,C,mcq,ABCDE,,,bank/TARA/TSA_section1/papers/TSA-2011-S1.pdf
TSA-2011-S1-q4,TSA-2011-S1-q4.png,TSA,1,2011,November 2011,4,CT-draw,Critical Thinking: Drawing a Conclusion,,E,mcq,ABCDE,,,bank/TARA/TSA_section1/papers/TSA-2011-S1.pdf
TSA-2011-S1-q5,TSA-2011-S1-q5.png,TSA,1,2011,November 2011,5,CT-assm,Critical Thinking: Identifying an Assumption,,B,mcq,ABCDE,,,bank/TARA/TSA_section1/papers/TSA-2011-S1.pdf
TSA-2011-S1-q6,TSA-2011-S1-q6.png,TSA,1,2011,November 2011,6,PS,Problem Solving,,E,mcq,ABCDE,,,bank/TARA/TSA_section1/papers/TSA-2011-S1.pdf
TSA-2011-S1-q7,TSA-2011-S1-q7.png,TSA,1,2011,November 2011,7,PS,Problem Solving,,E,mcq,ABCDE,是,,bank/TARA/TSA_section1/papers/TSA-2011-S1.pdf
TSA-2011-S1-q8,TSA-2011-S1-q8.png,TSA,1,2011,November 2011,8,PS,Problem Solving,,D,mcq,ABCD,是,,bank/TARA/TSA_section1/papers/TSA-2011-S1.pdf
TSA-2011-S1-q9,TSA-2011-S1-q9.png,TSA,1,2011,November 2011,9,CT-evid,Critical Thinking: Assessing the Impact of Additional Evidence,,E,mcq,ABCDE,,,bank/TARA/TSA_section1/papers/TSA-2011-S1.pdf
TSA-2011-S1-q10,TSA-2011-S1-q10.png,TSA,1,2011,November 2011,10,CT-flaw,Critical Thinking: Detecting Reasoning Errors,,C,mcq,ABCDE,,,bank/TARA/TSA_section1/papers/TSA-2011-S1.pdf
TSA-2011-S1-q11,TSA-2011-S1-q11.png,TSA,1,2011,November 2011,11,CT-main,Critical Thinking: Identifying the Main Conclusion,,C,mcq,ABCDE,,,bank/TARA/TSA_section1/papers/TSA-2011-S1.pdf
TSA-2011-S1-q12,TSA-2011-S1-q12.png,TSA,1,2011,November 2011,12,PS,Problem Solving,,A,mcq,ABCDE,,,bank/TARA/TSA_section1/papers/TSA-2011-S1.pdf
TSA-2011-S1-q13,TSA-2011-S1-q13.png,TSA,1,2011,November 2011,13,PS,Problem Solving,,A,mcq,ABCDE,,,bank/TARA/TSA_section1/papers/TSA-2011-S1.pdf
TSA-2011-S1-q14,TSA-2011-S1-q14.png,TSA,1,2011,November 2011,14,PS,Problem Solving,,C,mcq,ABCDE,是,,bank/TARA/TSA_section1/papers/TSA-2011-S1.pdf
TSA-2011-S1-q15,TSA-2011-S1-q15.png,TSA,1,2011,November 2011,15,CT-draw,Critical Thinking: Drawing a Conclusion,,B,mcq,ABCDE,,,bank/TARA/TSA_section1/papers/TSA-2011-S1.pdf
TSA-2011-S1-q16,TSA-2011-S1-q16.png,TSA,1,2011,November 2011,16,CT-assm,Critical Thinking: Identifying an Assumption,,A,mcq,ABCDE,,,bank/TARA/TSA_section1/papers/TSA-2011-S1.pdf
TSA-2011-S1-q17,TSA-2011-S1-q17.png,TSA,1,2011,November 2011,17,CT-evid,Critical Thinking: Assessing the Impact of Additional Evidence,,C,mcq,ABCDE,,,bank/TARA/TSA_section1/papers/TSA-2011-S1.pdf
TSA-2011-S1-q18,TSA-2011-S1-q18.png,TSA,1,2011,November 2011,18,PS,Problem Solving,,D,mcq,ABCDE,,,bank/TARA/TSA_section1/papers/TSA-2011-S1.pdf
TSA-2011-S1-q19,TSA-2011-S1-q19.png,TSA,1,2011,November 2011,19,PS,Problem Solving,,B,mcq,ABCDE,是,,bank/TARA/TSA_section1/papers/TSA-2011-S1.pdf
TSA-2011-S1-q20,TSA-2011-S1-q20.png,TSA,1,2011,November 2011,20,PS,Problem Solving,,B,mcq,ABCDE,,,bank/TARA/TSA_section1/papers/TSA-2011-S1.pdf
TSA-2011-S1-q21,TSA-2011-S1-q21.png,TSA,1,2011,November 2011,21,CT-flaw,Critical Thinking: Detecting Reasoning Errors,,A,mcq,ABCDE,,,bank/TARA/TSA_section1/papers/TSA-2011-S1.pdf
TSA-2011-S1-q22,TSA-2011-S1-q22.png,TSA,1,2011,November 2011,22,CT-match,Critical Thinking: Matching Arguments,,B,mcq,ABCDE,,,bank/TARA/TSA_section1/papers/TSA-2011-S1.pdf
TSA-2011-S1-q23,TSA-2011-S1-q23.png,TSA,1,2011,November 2011,23,CT-prin,Critical Thinking: Applying Principles,,D,mcq,ABCDE,,,bank/TARA/TSA_section1/papers/TSA-2011-S1.pdf
TSA-2011-S1-q24,TSA-2011-S1-q24.png,TSA,1,2011,November 2011,24,PS,Problem Solving,,C,mcq,ABCDE,是,,bank/TARA/TSA_section1/papers/TSA-2011-S1.pdf
TSA-2011-S1-q25,TSA-2011-S1-q25.png,TSA,1,2011,November 2011,25,PS,Problem Solving,,B,mcq,ABCDE,是,,bank/TARA/TSA_section1/papers/TSA-2011-S1.pdf
TSA-2011-S1-q26,TSA-2011-S1-q26.png,TSA,1,2011,November 2011,26,PS,Problem Solving,,D,mcq,ABCDE,,,bank/TARA/TSA_section1/papers/TSA-2011-S1.pdf
TSA-2011-S1-q27,TSA-2011-S1-q27.png,TSA,1,2011,November 2011,27,CT-main,Critical Thinking: Identifying the Main Conclusion,,E,mcq,ABCDE,,,bank/TARA/TSA_section1/papers/TSA-2011-S1.pdf
TSA-2011-S1-q28,TSA-2011-S1-q28.png,TSA,1,2011,November 2011,28,CT-draw,Critical Thinking: Drawing a Conclusion,,C,mcq,ABCDE,,,bank/TARA/TSA_section1/papers/TSA-2011-S1.pdf
TSA-2011-S1-q29,TSA-2011-S1-q29.png,TSA,1,2011,November 2011,29,CT-assm,Critical Thinking: Identifying an Assumption,,C,mcq,ABCDE,,,bank/TARA/TSA_section1/papers/TSA-2011-S1.pdf
TSA-2011-S1-q30,TSA-2011-S1-q30.png,TSA,1,2011,November 2011,30,PS,Problem Solving,,A,mcq,ABCDE,,,bank/TARA/TSA_section1/papers/TSA-2011-S1.pdf
TSA-2011-S1-q31,TSA-2011-S1-q31.png,TSA,1,2011,November 2011,31,PS,Problem Solving,,C,mcq,ABCDE,是,,bank/TARA/TSA_section1/papers/TSA-2011-S1.pdf
TSA-2011-S1-q32,TSA-2011-S1-q32.png,TSA,1,2011,November 2011,32,PS,Problem Solving,,B,mcq,ABCDE,,,bank/TARA/TSA_section1/papers/TSA-2011-S1.pdf
TSA-2011-S1-q33,TSA-2011-S1-q33.png,TSA,1,2011,November 2011,33,CT-evid,Critical Thinking: Assessing the Impact of Additional Evidence,,C,mcq,ABCDE,,,bank/TARA/TSA_section1/papers/TSA-2011-S1.pdf
TSA-2011-S1-q34,TSA-2011-S1-q34.png,TSA,1,2011,November 2011,34,CT-flaw,Critical Thinking: Detecting Reasoning Errors,,C,mcq,ABCDE,,,bank/TARA/TSA_section1/papers/TSA-2011-S1.pdf
TSA-2011-S1-q35,TSA-2011-S1-q35.png,TSA,1,2011,November 2011,35,CT-main,Critical Thinking: Identifying the Main Conclusion,,A,mcq,ABCDE,,,bank/TARA/TSA_section1/papers/TSA-2011-S1.pdf
TSA-2011-S1-q36,TSA-2011-S1-q36.png,TSA,1,2011,November 2011,36,PS,Problem Solving,,E,mcq,ABCDE,,,bank/TARA/TSA_section1/papers/TSA-2011-S1.pdf
TSA-2011-S1-q37,TSA-2011-S1-q37.png,TSA,1,2011,November 2011,37,PS,Problem Solving,,A,mcq,ABCDE,,,bank/TARA/TSA_section1/papers/TSA-2011-S1.pdf
TSA-2011-S1-q38,TSA-2011-S1-q38.png,TSA,1,2011,November 2011,38,PS,Problem Solving,,A,mcq,ABCDE,,,bank/TARA/TSA_section1/papers/TSA-2011-S1.pdf
TSA-2011-S1-q39,TSA-2011-S1-q39.png,TSA,1,2011,November 2011,39,CT-draw,Critical Thinking: Drawing a Conclusion,,E,mcq,ABCDE,,,bank/TARA/TSA_section1/papers/TSA-2011-S1.pdf
TSA-2011-S1-q40,TSA-2011-S1-q40.png,TSA,1,2011,November 2011,40,CT-assm,Critical Thinking: Identifying an Assumption,,D,mcq,ABCDE,,,bank/TARA/TSA_section1/papers/TSA-2011-S1.pdf
TSA-2011-S1-q41,TSA-2011-S1-q41.png,TSA,1,2011,November 2011,41,CT-evid,Critical Thinking: Assessing the Impact of Additional Evidence,,B,mcq,ABCDE,,,bank/TARA/TSA_section1/papers/TSA-2011-S1.pdf
TSA-2011-S1-q42,TSA-2011-S1-q42.png,TSA,1,2011,November 2011,42,PS,Problem Solving,,E,mcq,ABCDE,是,,bank/TARA/TSA_section1/papers/TSA-2011-S1.pdf
TSA-2011-S1-q43,TSA-2011-S1-q43.png,TSA,1,2011,November 2011,43,PS,Problem Solving,,C,mcq,ABCDE,,,bank/TARA/TSA_section1/papers/TSA-2011-S1.pdf
TSA-2011-S1-q44,TSA-2011-S1-q44.png,TSA,1,2011,November 2011,44,PS,Problem Solving,,D,mcq,ABCDE,是,,bank/TARA/TSA_section1/papers/TSA-2011-S1.pdf
TSA-2011-S1-q45,TSA-2011-S1-q45.png,TSA,1,2011,November 2011,45,CT-main,Critical Thinking: Identifying the Main Conclusion,,D,mcq,ABCDE,,,bank/TARA/TSA_section1/papers/TSA-2011-S1.pdf
TSA-2011-S1-q46,TSA-2011-S1-q46.png,TSA,1,2011,November 2011,46,CT-draw,Critical Thinking: Drawing a Conclusion,,E,mcq,ABCDE,,,bank/TARA/TSA_section1/papers/TSA-2011-S1.pdf
TSA-2011-S1-q47,TSA-2011-S1-q47.png,TSA,1,2011,November 2011,47,CT-match,Critical Thinking: Matching Arguments,,A,mcq,ABCDE,,,bank/TARA/TSA_section1/papers/TSA-2011-S1.pdf
TSA-2011-S1-q48,TSA-2011-S1-q48.png,TSA,1,2011,November 2011,48,PS,Problem Solving,,B,mcq,ABCDE,,,bank/TARA/TSA_section1/papers/TSA-2011-S1.pdf
TSA-2011-S1-q49,TSA-2011-S1-q49.png,TSA,1,2011,November 2011,49,PS,Problem Solving,,C,mcq,ABCDE,,,bank/TARA/TSA_section1/papers/TSA-2011-S1.pdf
TSA-2011-S1-q50,TSA-2011-S1-q50.png,TSA,1,2011,November 2011,50,PS,Problem Solving,,C,mcq,ABCDE,是,,bank/TARA/TSA_section1/papers/TSA-2011-S1.pdf
TSA-2012-S1-q1,TSA-2012-S1-q1.png,TSA,1,2012,November 2012,1,CT-main,Critical Thinking: Identifying the Main Conclusion,,D,mcq,ABCDE,,,bank/TARA/TSA_section1/papers/TSA-2012-S1.pdf
TSA-2012-S1-q2,TSA-2012-S1-q2.png,TSA,1,2012,November 2012,2,PS,Problem Solving,,A,mcq,ABCDE,,,bank/TARA/TSA_section1/papers/TSA-2012-S1.pdf
TSA-2012-S1-q3,TSA-2012-S1-q3.png,TSA,1,2012,November 2012,3,CT-flaw,Critical Thinking: Detecting Reasoning Errors,,E,mcq,ABCDE,,,bank/TARA/TSA_section1/papers/TSA-2012-S1.pdf
TSA-2012-S1-q4,TSA-2012-S1-q4.png,TSA,1,2012,November 2012,4,CT-draw,Critical Thinking: Drawing a Conclusion,,D,mcq,ABCDE,,,bank/TARA/TSA_section1/papers/TSA-2012-S1.pdf
TSA-2012-S1-q5,TSA-2012-S1-q5.png,TSA,1,2012,November 2012,5,CT-assm,Critical Thinking: Identifying an Assumption,,D,mcq,ABCDE,,,bank/TARA/TSA_section1/papers/TSA-2012-S1.pdf
TSA-2012-S1-q6,TSA-2012-S1-q6.png,TSA,1,2012,November 2012,6,PS,Problem Solving,,B,mcq,ABCDE,,,bank/TARA/TSA_section1/papers/TSA-2012-S1.pdf
TSA-2012-S1-q7,TSA-2012-S1-q7.png,TSA,1,2012,November 2012,7,PS,Problem Solving,,C,mcq,ABCDE,,,bank/TARA/TSA_section1/papers/TSA-2012-S1.pdf
TSA-2012-S1-q8,TSA-2012-S1-q8.png,TSA,1,2012,November 2012,8,PS,Problem Solving,,C,mcq,ABCDE,是,,bank/TARA/TSA_section1/papers/TSA-2012-S1.pdf
TSA-2012-S1-q9,TSA-2012-S1-q9.png,TSA,1,2012,November 2012,9,CT-evid,Critical Thinking: Assessing the Impact of Additional Evidence,,C,mcq,ABCDE,,,bank/TARA/TSA_section1/papers/TSA-2012-S1.pdf
TSA-2012-S1-q10,TSA-2012-S1-q10.png,TSA,1,2012,November 2012,10,CT-flaw,Critical Thinking: Detecting Reasoning Errors,,E,mcq,ABCDE,,,bank/TARA/TSA_section1/papers/TSA-2012-S1.pdf
TSA-2012-S1-q11,TSA-2012-S1-q11.png,TSA,1,2012,November 2012,11,CT-main,Critical Thinking: Identifying the Main Conclusion,,A,mcq,ABCDE,,,bank/TARA/TSA_section1/papers/TSA-2012-S1.pdf
TSA-2012-S1-q12,TSA-2012-S1-q12.png,TSA,1,2012,November 2012,12,PS,Problem Solving,,B,mcq,ABCDE,,,bank/TARA/TSA_section1/papers/TSA-2012-S1.pdf
TSA-2012-S1-q13,TSA-2012-S1-q13.png,TSA,1,2012,November 2012,13,PS,Problem Solving,,A,mcq,ABCDE,,,bank/TARA/TSA_section1/papers/TSA-2012-S1.pdf
TSA-2012-S1-q14,TSA-2012-S1-q14.png,TSA,1,2012,November 2012,14,PS,Problem Solving,,B,mcq,ABCDE,是,,bank/TARA/TSA_section1/papers/TSA-2012-S1.pdf
TSA-2012-S1-q15,TSA-2012-S1-q15.png,TSA,1,2012,November 2012,15,CT-draw,Critical Thinking: Drawing a Conclusion,,C,mcq,ABCDE,,,bank/TARA/TSA_section1/papers/TSA-2012-S1.pdf
TSA-2012-S1-q16,TSA-2012-S1-q16.png,TSA,1,2012,November 2012,16,CT-assm,Critical Thinking: Identifying an Assumption,,B,mcq,ABCDE,,,bank/TARA/TSA_section1/papers/TSA-2012-S1.pdf
TSA-2012-S1-q17,TSA-2012-S1-q17.png,TSA,1,2012,November 2012,17,CT-evid,Critical Thinking: Assessing the Impact of Additional Evidence,,C,mcq,ABCDE,,,bank/TARA/TSA_section1/papers/TSA-2012-S1.pdf
TSA-2012-S1-q18,TSA-2012-S1-q18.png,TSA,1,2012,November 2012,18,PS,Problem Solving,,A,mcq,ABCDE,是,,bank/TARA/TSA_section1/papers/TSA-2012-S1.pdf
TSA-2012-S1-q19,TSA-2012-S1-q19.png,TSA,1,2012,November 2012,19,PS,Problem Solving,,D,mcq,ABCDE,,,bank/TARA/TSA_section1/papers/TSA-2012-S1.pdf
TSA-2012-S1-q20,TSA-2012-S1-q20.png,TSA,1,2012,November 2012,20,PS,Problem Solving,,B,mcq,ABCDE,,,bank/TARA/TSA_section1/papers/TSA-2012-S1.pdf
TSA-2012-S1-q21,TSA-2012-S1-q21.png,TSA,1,2012,November 2012,21,CT-flaw,Critical Thinking: Detecting Reasoning Errors,,A,mcq,ABCDE,,,bank/TARA/TSA_section1/papers/TSA-2012-S1.pdf
TSA-2012-S1-q22,TSA-2012-S1-q22.png,TSA,1,2012,November 2012,22,CT-match,Critical Thinking: Matching Arguments,,C,mcq,ABCD,,,bank/TARA/TSA_section1/papers/TSA-2012-S1.pdf
TSA-2012-S1-q23,TSA-2012-S1-q23.png,TSA,1,2012,November 2012,23,CT-prin,Critical Thinking: Applying Principles,,E,mcq,ABCDE,,,bank/TARA/TSA_section1/papers/TSA-2012-S1.pdf
TSA-2012-S1-q24,TSA-2012-S1-q24.png,TSA,1,2012,November 2012,24,PS,Problem Solving,,C,mcq,ABCDE,,,bank/TARA/TSA_section1/papers/TSA-2012-S1.pdf
TSA-2012-S1-q25,TSA-2012-S1-q25.png,TSA,1,2012,November 2012,25,PS,Problem Solving,,D,mcq,ABCDE,,,bank/TARA/TSA_section1/papers/TSA-2012-S1.pdf
TSA-2012-S1-q26,TSA-2012-S1-q26.png,TSA,1,2012,November 2012,26,PS,Problem Solving,,A,mcq,ABCDE,是,,bank/TARA/TSA_section1/papers/TSA-2012-S1.pdf
TSA-2012-S1-q27,TSA-2012-S1-q27.png,TSA,1,2012,November 2012,27,CT-main,Critical Thinking: Identifying the Main Conclusion,,B,mcq,ABCDE,,,bank/TARA/TSA_section1/papers/TSA-2012-S1.pdf
TSA-2012-S1-q28,TSA-2012-S1-q28.png,TSA,1,2012,November 2012,28,CT-draw,Critical Thinking: Drawing a Conclusion,,D,mcq,ABCDE,,,bank/TARA/TSA_section1/papers/TSA-2012-S1.pdf
TSA-2012-S1-q29,TSA-2012-S1-q29.png,TSA,1,2012,November 2012,29,CT-assm,Critical Thinking: Identifying an Assumption,,C,mcq,ABCDE,,,bank/TARA/TSA_section1/papers/TSA-2012-S1.pdf
TSA-2012-S1-q30,TSA-2012-S1-q30.png,TSA,1,2012,November 2012,30,PS,Problem Solving,,B,mcq,ABCDE,,,bank/TARA/TSA_section1/papers/TSA-2012-S1.pdf
TSA-2012-S1-q31,TSA-2012-S1-q31.png,TSA,1,2012,November 2012,31,PS,Problem Solving,,E,mcq,ABCDE,,,bank/TARA/TSA_section1/papers/TSA-2012-S1.pdf
TSA-2012-S1-q32,TSA-2012-S1-q32.png,TSA,1,2012,November 2012,32,PS,Problem Solving,,A,mcq,ABCDE,是,,bank/TARA/TSA_section1/papers/TSA-2012-S1.pdf
TSA-2012-S1-q33,TSA-2012-S1-q33.png,TSA,1,2012,November 2012,33,CT-evid,Critical Thinking: Assessing the Impact of Additional Evidence,,A,mcq,ABCDE,,,bank/TARA/TSA_section1/papers/TSA-2012-S1.pdf
TSA-2012-S1-q34,TSA-2012-S1-q34.png,TSA,1,2012,November 2012,34,CT-flaw,Critical Thinking: Detecting Reasoning Errors,,A,mcq,ABCDE,,,bank/TARA/TSA_section1/papers/TSA-2012-S1.pdf
TSA-2012-S1-q35,TSA-2012-S1-q35.png,TSA,1,2012,November 2012,35,CT-main,Critical Thinking: Identifying the Main Conclusion,,D,mcq,ABCDE,,,bank/TARA/TSA_section1/papers/TSA-2012-S1.pdf
TSA-2012-S1-q36,TSA-2012-S1-q36.png,TSA,1,2012,November 2012,36,PS,Problem Solving,,C,mcq,ABCDE,,,bank/TARA/TSA_section1/papers/TSA-2012-S1.pdf
TSA-2012-S1-q37,TSA-2012-S1-q37.png,TSA,1,2012,November 2012,37,PS,Problem Solving,,C,mcq,ABCDE,,,bank/TARA/TSA_section1/papers/TSA-2012-S1.pdf
TSA-2012-S1-q38,TSA-2012-S1-q38.png,TSA,1,2012,November 2012,38,PS,Problem Solving,,C,mcq,ABCDE,是,,bank/TARA/TSA_section1/papers/TSA-2012-S1.pdf
TSA-2012-S1-q39,TSA-2012-S1-q39.png,TSA,1,2012,November 2012,39,CT-draw,Critical Thinking: Drawing a Conclusion,,C,mcq,ABCDE,,,bank/TARA/TSA_section1/papers/TSA-2012-S1.pdf
TSA-2012-S1-q40,TSA-2012-S1-q40.png,TSA,1,2012,November 2012,40,CT-assm,Critical Thinking: Identifying an Assumption,,B,mcq,ABCDE,,,bank/TARA/TSA_section1/papers/TSA-2012-S1.pdf
TSA-2012-S1-q41,TSA-2012-S1-q41.png,TSA,1,2012,November 2012,41,CT-evid,Critical Thinking: Assessing the Impact of Additional Evidence,,C,mcq,ABCDE,,,bank/TARA/TSA_section1/papers/TSA-2012-S1.pdf
TSA-2012-S1-q42,TSA-2012-S1-q42.png,TSA,1,2012,November 2012,42,PS,Problem Solving,,D,mcq,ABCDE,,,bank/TARA/TSA_section1/papers/TSA-2012-S1.pdf
TSA-2012-S1-q43,TSA-2012-S1-q43.png,TSA,1,2012,November 2012,43,PS,Problem Solving,,D,mcq,ABCDE,,,bank/TARA/TSA_section1/papers/TSA-2012-S1.pdf
TSA-2012-S1-q44,TSA-2012-S1-q44.png,TSA,1,2012,November 2012,44,PS,Problem Solving,,C,mcq,ABCDE,是,,bank/TARA/TSA_section1/papers/TSA-2012-S1.pdf
TSA-2012-S1-q45,TSA-2012-S1-q45.png,TSA,1,2012,November 2012,45,CT-main,Critical Thinking: Identifying the Main Conclusion,,E,mcq,ABCDE,,,bank/TARA/TSA_section1/papers/TSA-2012-S1.pdf
TSA-2012-S1-q46,TSA-2012-S1-q46.png,TSA,1,2012,November 2012,46,CT-match,Critical Thinking: Matching Arguments,,C,mcq,ABCDE,,,bank/TARA/TSA_section1/papers/TSA-2012-S1.pdf
TSA-2012-S1-q47,TSA-2012-S1-q47.png,TSA,1,2012,November 2012,47,CT-prin,Critical Thinking: Applying Principles,,E,mcq,ABCDE,,,bank/TARA/TSA_section1/papers/TSA-2012-S1.pdf
TSA-2012-S1-q48,TSA-2012-S1-q48.png,TSA,1,2012,November 2012,48,PS,Problem Solving,,D,mcq,ABCDE,,,bank/TARA/TSA_section1/papers/TSA-2012-S1.pdf
TSA-2012-S1-q49,TSA-2012-S1-q49.png,TSA,1,2012,November 2012,49,PS,Problem Solving,,C,mcq,ABCDE,,,bank/TARA/TSA_section1/papers/TSA-2012-S1.pdf
TSA-2012-S1-q50,TSA-2012-S1-q50.png,TSA,1,2012,November 2012,50,PS,Problem Solving,,E,mcq,ABCDE,是,,bank/TARA/TSA_section1/papers/TSA-2012-S1.pdf
TSA-2013-S1-q1,TSA-2013-S1-q1.png,TSA,1,2013,November 2013,1,CT-main,Critical Thinking: Identifying the Main Conclusion,,D,mcq,ABCDE,,,bank/TARA/TSA_section1/papers/TSA-2013-S1.pdf
TSA-2013-S1-q2,TSA-2013-S1-q2.png,TSA,1,2013,November 2013,2,PS,Problem Solving,,D,mcq,ABCDE,,,bank/TARA/TSA_section1/papers/TSA-2013-S1.pdf
TSA-2013-S1-q3,TSA-2013-S1-q3.png,TSA,1,2013,November 2013,3,CT-flaw,Critical Thinking: Detecting Reasoning Errors,,D,mcq,ABCDE,,,bank/TARA/TSA_section1/papers/TSA-2013-S1.pdf
TSA-2013-S1-q4,TSA-2013-S1-q4.png,TSA,1,2013,November 2013,4,CT-draw,Critical Thinking: Drawing a Conclusion,,C,mcq,ABCDE,,,bank/TARA/TSA_section1/papers/TSA-2013-S1.pdf
TSA-2013-S1-q5,TSA-2013-S1-q5.png,TSA,1,2013,November 2013,5,CT-assm,Critical Thinking: Identifying an Assumption,,A,mcq,ABCDE,,,bank/TARA/TSA_section1/papers/TSA-2013-S1.pdf
TSA-2013-S1-q6,TSA-2013-S1-q6.png,TSA,1,2013,November 2013,6,PS,Problem Solving,,D,mcq,ABCDE,,,bank/TARA/TSA_section1/papers/TSA-2013-S1.pdf
TSA-2013-S1-q7,TSA-2013-S1-q7.png,TSA,1,2013,November 2013,7,PS,Problem Solving,,D,mcq,ABCDE,,,bank/TARA/TSA_section1/papers/TSA-2013-S1.pdf
TSA-2013-S1-q8,TSA-2013-S1-q8.png,TSA,1,2013,November 2013,8,PS,Problem Solving,,B,mcq,ABCDE,,,bank/TARA/TSA_section1/papers/TSA-2013-S1.pdf
TSA-2013-S1-q9,TSA-2013-S1-q9.png,TSA,1,2013,November 2013,9,CT-evid,Critical Thinking: Assessing the Impact of Additional Evidence,,D,mcq,ABCDE,,,bank/TARA/TSA_section1/papers/TSA-2013-S1.pdf
TSA-2013-S1-q10,TSA-2013-S1-q10.png,TSA,1,2013,November 2013,10,CT-flaw,Critical Thinking: Detecting Reasoning Errors,,B,mcq,ABCDE,,,bank/TARA/TSA_section1/papers/TSA-2013-S1.pdf
TSA-2013-S1-q11,TSA-2013-S1-q11.png,TSA,1,2013,November 2013,11,CT-main,Critical Thinking: Identifying the Main Conclusion,,A,mcq,ABCDE,,,bank/TARA/TSA_section1/papers/TSA-2013-S1.pdf
TSA-2013-S1-q12,TSA-2013-S1-q12.png,TSA,1,2013,November 2013,12,PS,Problem Solving,,B,mcq,ABCDE,,,bank/TARA/TSA_section1/papers/TSA-2013-S1.pdf
TSA-2013-S1-q13,TSA-2013-S1-q13.png,TSA,1,2013,November 2013,13,PS,Problem Solving,,B,mcq,ABCDE,,,bank/TARA/TSA_section1/papers/TSA-2013-S1.pdf
TSA-2013-S1-q14,TSA-2013-S1-q14.png,TSA,1,2013,November 2013,14,PS,Problem Solving,,C,mcq,ABCDE,,,bank/TARA/TSA_section1/papers/TSA-2013-S1.pdf
TSA-2013-S1-q15,TSA-2013-S1-q15.png,TSA,1,2013,November 2013,15,CT-draw,Critical Thinking: Drawing a Conclusion,,A,mcq,ABCDE,,,bank/TARA/TSA_section1/papers/TSA-2013-S1.pdf
TSA-2013-S1-q16,TSA-2013-S1-q16.png,TSA,1,2013,November 2013,16,CT-assm,Critical Thinking: Identifying an Assumption,,C,mcq,ABCDE,,,bank/TARA/TSA_section1/papers/TSA-2013-S1.pdf
TSA-2013-S1-q17,TSA-2013-S1-q17.png,TSA,1,2013,November 2013,17,CT-evid,Critical Thinking: Assessing the Impact of Additional Evidence,,C,mcq,ABCDE,,,bank/TARA/TSA_section1/papers/TSA-2013-S1.pdf
TSA-2013-S1-q18,TSA-2013-S1-q18.png,TSA,1,2013,November 2013,18,PS,Problem Solving,,C,mcq,ABCDE,,,bank/TARA/TSA_section1/papers/TSA-2013-S1.pdf
TSA-2013-S1-q19,TSA-2013-S1-q19.png,TSA,1,2013,November 2013,19,PS,Problem Solving,,E,mcq,ABCDE,是,,bank/TARA/TSA_section1/papers/TSA-2013-S1.pdf
TSA-2013-S1-q20,TSA-2013-S1-q20.png,TSA,1,2013,November 2013,20,PS,Problem Solving,,E,mcq,ABCDE,,,bank/TARA/TSA_section1/papers/TSA-2013-S1.pdf
TSA-2013-S1-q21,TSA-2013-S1-q21.png,TSA,1,2013,November 2013,21,CT-evid,Critical Thinking: Assessing the Impact of Additional Evidence,,E,mcq,ABCDE,,,bank/TARA/TSA_section1/papers/TSA-2013-S1.pdf
TSA-2013-S1-q22,TSA-2013-S1-q22.png,TSA,1,2013,November 2013,22,CT-match,Critical Thinking: Matching Arguments,,B,mcq,ABCDE,,,bank/TARA/TSA_section1/papers/TSA-2013-S1.pdf
TSA-2013-S1-q23,TSA-2013-S1-q23.png,TSA,1,2013,November 2013,23,CT-prin,Critical Thinking: Applying Principles,,C,mcq,ABCDE,,,bank/TARA/TSA_section1/papers/TSA-2013-S1.pdf
TSA-2013-S1-q24,TSA-2013-S1-q24.png,TSA,1,2013,November 2013,24,PS,Problem Solving,,C,mcq,ABCDE,,,bank/TARA/TSA_section1/papers/TSA-2013-S1.pdf
TSA-2013-S1-q25,TSA-2013-S1-q25.png,TSA,1,2013,November 2013,25,PS,Problem Solving,,B,mcq,ABCDE,,,bank/TARA/TSA_section1/papers/TSA-2013-S1.pdf
TSA-2013-S1-q26,TSA-2013-S1-q26.png,TSA,1,2013,November 2013,26,PS,Problem Solving,,E,mcq,ABCDE,,,bank/TARA/TSA_section1/papers/TSA-2013-S1.pdf
TSA-2013-S1-q27,TSA-2013-S1-q27.png,TSA,1,2013,November 2013,27,CT-main,Critical Thinking: Identifying the Main Conclusion,,D,mcq,ABCDE,,,bank/TARA/TSA_section1/papers/TSA-2013-S1.pdf
TSA-2013-S1-q28,TSA-2013-S1-q28.png,TSA,1,2013,November 2013,28,CT-match,Critical Thinking: Matching Arguments,,E,mcq,ABCDE,,,bank/TARA/TSA_section1/papers/TSA-2013-S1.pdf
TSA-2013-S1-q29,TSA-2013-S1-q29.png,TSA,1,2013,November 2013,29,CT-assm,Critical Thinking: Identifying an Assumption,,A,mcq,ABCDE,,,bank/TARA/TSA_section1/papers/TSA-2013-S1.pdf
TSA-2013-S1-q30,TSA-2013-S1-q30.png,TSA,1,2013,November 2013,30,PS,Problem Solving,,B,mcq,ABCDE,,,bank/TARA/TSA_section1/papers/TSA-2013-S1.pdf
TSA-2013-S1-q31,TSA-2013-S1-q31.png,TSA,1,2013,November 2013,31,PS,Problem Solving,,B,mcq,ABCDE,,,bank/TARA/TSA_section1/papers/TSA-2013-S1.pdf
TSA-2013-S1-q32,TSA-2013-S1-q32.png,TSA,1,2013,November 2013,32,PS,Problem Solving,,B,mcq,ABCD,,,bank/TARA/TSA_section1/papers/TSA-2013-S1.pdf
TSA-2013-S1-q33,TSA-2013-S1-q33.png,TSA,1,2013,November 2013,33,CT-evid,Critical Thinking: Assessing the Impact of Additional Evidence,,C,mcq,ABCDE,,,bank/TARA/TSA_section1/papers/TSA-2013-S1.pdf
TSA-2013-S1-q34,TSA-2013-S1-q34.png,TSA,1,2013,November 2013,34,CT-flaw,Critical Thinking: Detecting Reasoning Errors,,B,mcq,ABCDE,,,bank/TARA/TSA_section1/papers/TSA-2013-S1.pdf
TSA-2013-S1-q35,TSA-2013-S1-q35.png,TSA,1,2013,November 2013,35,CT-main,Critical Thinking: Identifying the Main Conclusion,,B,mcq,ABCDE,,,bank/TARA/TSA_section1/papers/TSA-2013-S1.pdf
TSA-2013-S1-q36,TSA-2013-S1-q36.png,TSA,1,2013,November 2013,36,PS,Problem Solving,,B,mcq,ABCDE,,,bank/TARA/TSA_section1/papers/TSA-2013-S1.pdf
TSA-2013-S1-q37,TSA-2013-S1-q37.png,TSA,1,2013,November 2013,37,PS,Problem Solving,,C,mcq,ABCDE,,,bank/TARA/TSA_section1/papers/TSA-2013-S1.pdf
TSA-2013-S1-q38,TSA-2013-S1-q38.png,TSA,1,2013,November 2013,38,PS,Problem Solving,,E,mcq,ABCDE,是,,bank/TARA/TSA_section1/papers/TSA-2013-S1.pdf
TSA-2013-S1-q39,TSA-2013-S1-q39.png,TSA,1,2013,November 2013,39,CT-evid,Critical Thinking: Assessing the Impact of Additional Evidence,,D,mcq,ABCDE,,,bank/TARA/TSA_section1/papers/TSA-2013-S1.pdf
TSA-2013-S1-q40,TSA-2013-S1-q40.png,TSA,1,2013,November 2013,40,CT-assm,Critical Thinking: Identifying an Assumption,,D,mcq,ABCDE,,,bank/TARA/TSA_section1/papers/TSA-2013-S1.pdf
TSA-2013-S1-q41,TSA-2013-S1-q41.png,TSA,1,2013,November 2013,41,CT-evid,Critical Thinking: Assessing the Impact of Additional Evidence,,C,mcq,ABCDE,,,bank/TARA/TSA_section1/papers/TSA-2013-S1.pdf
TSA-2013-S1-q42,TSA-2013-S1-q42.png,TSA,1,2013,November 2013,42,PS,Problem Solving,,C,mcq,ABCDE,是,,bank/TARA/TSA_section1/papers/TSA-2013-S1.pdf
TSA-2013-S1-q43,TSA-2013-S1-q43.png,TSA,1,2013,November 2013,43,PS,Problem Solving,,C,mcq,ABCDE,是,,bank/TARA/TSA_section1/papers/TSA-2013-S1.pdf
TSA-2013-S1-q44,TSA-2013-S1-q44.png,TSA,1,2013,November 2013,44,PS,Problem Solving,,E,mcq,ABCDE,是,,bank/TARA/TSA_section1/papers/TSA-2013-S1.pdf
TSA-2013-S1-q45,TSA-2013-S1-q45.png,TSA,1,2013,November 2013,45,CT-main,Critical Thinking: Identifying the Main Conclusion,,A,mcq,ABCDE,,,bank/TARA/TSA_section1/papers/TSA-2013-S1.pdf
TSA-2013-S1-q46,TSA-2013-S1-q46.png,TSA,1,2013,November 2013,46,CT-match,Critical Thinking: Matching Arguments,,D,mcq,ABCDE,,,bank/TARA/TSA_section1/papers/TSA-2013-S1.pdf
TSA-2013-S1-q47,TSA-2013-S1-q47.png,TSA,1,2013,November 2013,47,CT-prin,Critical Thinking: Applying Principles,,C,mcq,ABCDE,,,bank/TARA/TSA_section1/papers/TSA-2013-S1.pdf
TSA-2013-S1-q48,TSA-2013-S1-q48.png,TSA,1,2013,November 2013,48,PS,Problem Solving,,B,mcq,ABCDE,,,bank/TARA/TSA_section1/papers/TSA-2013-S1.pdf
TSA-2013-S1-q49,TSA-2013-S1-q49.png,TSA,1,2013,November 2013,49,PS,Problem Solving,,A,mcq,ABCDE,,,bank/TARA/TSA_section1/papers/TSA-2013-S1.pdf
TSA-2013-S1-q50,TSA-2013-S1-q50.png,TSA,1,2013,November 2013,50,PS,Problem Solving,,E,mcq,ABCDE,,,bank/TARA/TSA_section1/papers/TSA-2013-S1.pdf
TSA-2014-S1-q1,TSA-2014-S1-q1.png,TSA,1,2014,November 2014,1,CT-main,Critical Thinking: Identifying the Main Conclusion,,C,mcq,ABCDE,,,bank/TARA/TSA_section1/papers/TSA-2014-S1.pdf
TSA-2014-S1-q2,TSA-2014-S1-q2.png,TSA,1,2014,November 2014,2,PS,Problem Solving,,C,mcq,ABCDE,,,bank/TARA/TSA_section1/papers/TSA-2014-S1.pdf
TSA-2014-S1-q3,TSA-2014-S1-q3.png,TSA,1,2014,November 2014,3,CT-flaw,Critical Thinking: Detecting Reasoning Errors,,C,mcq,ABCDE,,,bank/TARA/TSA_section1/papers/TSA-2014-S1.pdf
TSA-2014-S1-q4,TSA-2014-S1-q4.png,TSA,1,2014,November 2014,4,CT-assm,Critical Thinking: Identifying an Assumption,,B,mcq,ABCDE,,,bank/TARA/TSA_section1/papers/TSA-2014-S1.pdf
TSA-2014-S1-q5,TSA-2014-S1-q5.png,TSA,1,2014,November 2014,5,CT-assm,Critical Thinking: Identifying an Assumption,,E,mcq,ABCDE,,,bank/TARA/TSA_section1/papers/TSA-2014-S1.pdf
TSA-2014-S1-q6,TSA-2014-S1-q6.png,TSA,1,2014,November 2014,6,PS,Problem Solving,,D,mcq,ABCDE,是,,bank/TARA/TSA_section1/papers/TSA-2014-S1.pdf
TSA-2014-S1-q7,TSA-2014-S1-q7.png,TSA,1,2014,November 2014,7,PS,Problem Solving,,C,mcq,ABCDE,,,bank/TARA/TSA_section1/papers/TSA-2014-S1.pdf
TSA-2014-S1-q8,TSA-2014-S1-q8.png,TSA,1,2014,November 2014,8,PS,Problem Solving,,B,mcq,ABCDE,是,,bank/TARA/TSA_section1/papers/TSA-2014-S1.pdf
TSA-2014-S1-q9,TSA-2014-S1-q9.png,TSA,1,2014,November 2014,9,CT-evid,Critical Thinking: Assessing the Impact of Additional Evidence,,C,mcq,ABCDE,,,bank/TARA/TSA_section1/papers/TSA-2014-S1.pdf
TSA-2014-S1-q10,TSA-2014-S1-q10.png,TSA,1,2014,November 2014,10,CT-flaw,Critical Thinking: Detecting Reasoning Errors,,E,mcq,ABCDE,,,bank/TARA/TSA_section1/papers/TSA-2014-S1.pdf
TSA-2014-S1-q11,TSA-2014-S1-q11.png,TSA,1,2014,November 2014,11,CT-main,Critical Thinking: Identifying the Main Conclusion,,A,mcq,ABCDE,,,bank/TARA/TSA_section1/papers/TSA-2014-S1.pdf
TSA-2014-S1-q12,TSA-2014-S1-q12.png,TSA,1,2014,November 2014,12,PS,Problem Solving,,B,mcq,ABCD,,,bank/TARA/TSA_section1/papers/TSA-2014-S1.pdf
TSA-2014-S1-q13,TSA-2014-S1-q13.png,TSA,1,2014,November 2014,13,PS,Problem Solving,,A,mcq,ABCDE,,,bank/TARA/TSA_section1/papers/TSA-2014-S1.pdf
TSA-2014-S1-q14,TSA-2014-S1-q14.png,TSA,1,2014,November 2014,14,PS,Problem Solving,,B,mcq,ABCDE,是,,bank/TARA/TSA_section1/papers/TSA-2014-S1.pdf
TSA-2014-S1-q15,TSA-2014-S1-q15.png,TSA,1,2014,November 2014,15,CT-draw,Critical Thinking: Drawing a Conclusion,,C,mcq,ABCDE,,,bank/TARA/TSA_section1/papers/TSA-2014-S1.pdf
TSA-2014-S1-q16,TSA-2014-S1-q16.png,TSA,1,2014,November 2014,16,CT-assm,Critical Thinking: Identifying an Assumption,,C,mcq,ABCDE,,,bank/TARA/TSA_section1/papers/TSA-2014-S1.pdf
TSA-2014-S1-q17,TSA-2014-S1-q17.png,TSA,1,2014,November 2014,17,CT-evid,Critical Thinking: Assessing the Impact of Additional Evidence,,C,mcq,ABCD,,,bank/TARA/TSA_section1/papers/TSA-2014-S1.pdf
TSA-2014-S1-q18,TSA-2014-S1-q18.png,TSA,1,2014,November 2014,18,PS,Problem Solving,,D,mcq,ABCDE,,,bank/TARA/TSA_section1/papers/TSA-2014-S1.pdf
TSA-2014-S1-q19,TSA-2014-S1-q19.png,TSA,1,2014,November 2014,19,PS,Problem Solving,,D,mcq,ABCDE,,,bank/TARA/TSA_section1/papers/TSA-2014-S1.pdf
TSA-2014-S1-q20,TSA-2014-S1-q20.png,TSA,1,2014,November 2014,20,PS,Problem Solving,,E,mcq,ABCDE,是,,bank/TARA/TSA_section1/papers/TSA-2014-S1.pdf
TSA-2014-S1-q21,TSA-2014-S1-q21.png,TSA,1,2014,November 2014,21,CT-flaw,Critical Thinking: Detecting Reasoning Errors,,B,mcq,ABCDE,,,bank/TARA/TSA_section1/papers/TSA-2014-S1.pdf
TSA-2014-S1-q22,TSA-2014-S1-q22.png,TSA,1,2014,November 2014,22,CT-match,Critical Thinking: Matching Arguments,,D,mcq,ABCDE,,,bank/TARA/TSA_section1/papers/TSA-2014-S1.pdf
TSA-2014-S1-q23,TSA-2014-S1-q23.png,TSA,1,2014,November 2014,23,CT-prin,Critical Thinking: Applying Principles,,C,mcq,ABCDE,,,bank/TARA/TSA_section1/papers/TSA-2014-S1.pdf
TSA-2014-S1-q24,TSA-2014-S1-q24.png,TSA,1,2014,November 2014,24,PS,Problem Solving,,D,mcq,ABCDE,,,bank/TARA/TSA_section1/papers/TSA-2014-S1.pdf
TSA-2014-S1-q25,TSA-2014-S1-q25.png,TSA,1,2014,November 2014,25,PS,Problem Solving,,C,mcq,ABCDE,,,bank/TARA/TSA_section1/papers/TSA-2014-S1.pdf
TSA-2014-S1-q26,TSA-2014-S1-q26.png,TSA,1,2014,November 2014,26,PS,Problem Solving,,D,mcq,ABCDE,是,,bank/TARA/TSA_section1/papers/TSA-2014-S1.pdf
TSA-2014-S1-q27,TSA-2014-S1-q27.png,TSA,1,2014,November 2014,27,CT-main,Critical Thinking: Identifying the Main Conclusion,,B,mcq,ABCDE,,,bank/TARA/TSA_section1/papers/TSA-2014-S1.pdf
TSA-2014-S1-q28,TSA-2014-S1-q28.png,TSA,1,2014,November 2014,28,CT-draw,Critical Thinking: Drawing a Conclusion,,B,mcq,ABCDE,,,bank/TARA/TSA_section1/papers/TSA-2014-S1.pdf
TSA-2014-S1-q29,TSA-2014-S1-q29.png,TSA,1,2014,November 2014,29,CT-assm,Critical Thinking: Identifying an Assumption,,B,mcq,ABCDE,,,bank/TARA/TSA_section1/papers/TSA-2014-S1.pdf
TSA-2014-S1-q30,TSA-2014-S1-q30.png,TSA,1,2014,November 2014,30,PS,Problem Solving,,D,mcq,ABCDE,,,bank/TARA/TSA_section1/papers/TSA-2014-S1.pdf
TSA-2014-S1-q31,TSA-2014-S1-q31.png,TSA,1,2014,November 2014,31,PS,Problem Solving,,B,mcq,ABCDE,,,bank/TARA/TSA_section1/papers/TSA-2014-S1.pdf
TSA-2014-S1-q32,TSA-2014-S1-q32.png,TSA,1,2014,November 2014,32,PS,Problem Solving,,B,mcq,ABCDE,是,,bank/TARA/TSA_section1/papers/TSA-2014-S1.pdf
TSA-2014-S1-q33,TSA-2014-S1-q33.png,TSA,1,2014,November 2014,33,CT-evid,Critical Thinking: Assessing the Impact of Additional Evidence,,A,mcq,ABCDE,,,bank/TARA/TSA_section1/papers/TSA-2014-S1.pdf
TSA-2014-S1-q34,TSA-2014-S1-q34.png,TSA,1,2014,November 2014,34,CT-flaw,Critical Thinking: Detecting Reasoning Errors,,C,mcq,ABCDE,,,bank/TARA/TSA_section1/papers/TSA-2014-S1.pdf
TSA-2014-S1-q35,TSA-2014-S1-q35.png,TSA,1,2014,November 2014,35,CT-main,Critical Thinking: Identifying the Main Conclusion,,C,mcq,ABCDE,,,bank/TARA/TSA_section1/papers/TSA-2014-S1.pdf
TSA-2014-S1-q36,TSA-2014-S1-q36.png,TSA,1,2014,November 2014,36,PS,Problem Solving,,E,mcq,ABCDE,,,bank/TARA/TSA_section1/papers/TSA-2014-S1.pdf
TSA-2014-S1-q37,TSA-2014-S1-q37.png,TSA,1,2014,November 2014,37,PS,Problem Solving,,C,mcq,ABCDE,,,bank/TARA/TSA_section1/papers/TSA-2014-S1.pdf
TSA-2014-S1-q38,TSA-2014-S1-q38.png,TSA,1,2014,November 2014,38,PS,Problem Solving,,A,mcq,ABCDE,,,bank/TARA/TSA_section1/papers/TSA-2014-S1.pdf
TSA-2014-S1-q39,TSA-2014-S1-q39.png,TSA,1,2014,November 2014,39,CT-draw,Critical Thinking: Drawing a Conclusion,,A,mcq,ABCDE,,,bank/TARA/TSA_section1/papers/TSA-2014-S1.pdf
TSA-2014-S1-q40,TSA-2014-S1-q40.png,TSA,1,2014,November 2014,40,CT-assm,Critical Thinking: Identifying an Assumption,,C,mcq,ABCDE,,,bank/TARA/TSA_section1/papers/TSA-2014-S1.pdf
TSA-2014-S1-q41,TSA-2014-S1-q41.png,TSA,1,2014,November 2014,41,CT-evid,Critical Thinking: Assessing the Impact of Additional Evidence,,B,mcq,ABCDE,,,bank/TARA/TSA_section1/papers/TSA-2014-S1.pdf
TSA-2014-S1-q42,TSA-2014-S1-q42.png,TSA,1,2014,November 2014,42,PS,Problem Solving,,C,mcq,ABCDE,,,bank/TARA/TSA_section1/papers/TSA-2014-S1.pdf
TSA-2014-S1-q43,TSA-2014-S1-q43.png,TSA,1,2014,November 2014,43,PS,Problem Solving,,C,mcq,ABCDE,,,bank/TARA/TSA_section1/papers/TSA-2014-S1.pdf
TSA-2014-S1-q44,TSA-2014-S1-q44.png,TSA,1,2014,November 2014,44,PS,Problem Solving,,A,mcq,ABCDE,是,,bank/TARA/TSA_section1/papers/TSA-2014-S1.pdf
TSA-2014-S1-q45,TSA-2014-S1-q45.png,TSA,1,2014,November 2014,45,CT-main,Critical Thinking: Identifying the Main Conclusion,,C,mcq,ABCDE,,,bank/TARA/TSA_section1/papers/TSA-2014-S1.pdf
TSA-2014-S1-q46,TSA-2014-S1-q46.png,TSA,1,2014,November 2014,46,CT-match,Critical Thinking: Matching Arguments,,B,mcq,ABCD,,,bank/TARA/TSA_section1/papers/TSA-2014-S1.pdf
TSA-2014-S1-q47,TSA-2014-S1-q47.png,TSA,1,2014,November 2014,47,CT-prin,Critical Thinking: Applying Principles,,D,mcq,ABCDE,,,bank/TARA/TSA_section1/papers/TSA-2014-S1.pdf
TSA-2014-S1-q48,TSA-2014-S1-q48.png,TSA,1,2014,November 2014,48,PS,Problem Solving,,C,mcq,ABCDE,,,bank/TARA/TSA_section1/papers/TSA-2014-S1.pdf
TSA-2014-S1-q49,TSA-2014-S1-q49.png,TSA,1,2014,November 2014,49,PS,Problem Solving,,B,mcq,ABCDE,,,bank/TARA/TSA_section1/papers/TSA-2014-S1.pdf
TSA-2014-S1-q50,TSA-2014-S1-q50.png,TSA,1,2014,November 2014,50,PS,Problem Solving,,B,mcq,ABCDE,是,,bank/TARA/TSA_section1/papers/TSA-2014-S1.pdf
TSA-2015-S1-q1,TSA-2015-S1-q1.png,TSA,1,2015,November 2015,1,CT-main,Critical Thinking: Identifying the Main Conclusion,,E,mcq,ABCDE,,,bank/TARA/TSA_section1/papers/TSA-2015-S1.pdf
TSA-2015-S1-q2,TSA-2015-S1-q2.png,TSA,1,2015,November 2015,2,PS,Problem Solving,,D,mcq,ABCDE,,,bank/TARA/TSA_section1/papers/TSA-2015-S1.pdf
TSA-2015-S1-q3,TSA-2015-S1-q3.png,TSA,1,2015,November 2015,3,CT-flaw,Critical Thinking: Detecting Reasoning Errors,,B,mcq,ABCDE,,,bank/TARA/TSA_section1/papers/TSA-2015-S1.pdf
TSA-2015-S1-q4,TSA-2015-S1-q4.png,TSA,1,2015,November 2015,4,CT-draw,Critical Thinking: Drawing a Conclusion,,E,mcq,ABCDE,,,bank/TARA/TSA_section1/papers/TSA-2015-S1.pdf
TSA-2015-S1-q5,TSA-2015-S1-q5.png,TSA,1,2015,November 2015,5,CT-assm,Critical Thinking: Identifying an Assumption,,C,mcq,ABCDE,,,bank/TARA/TSA_section1/papers/TSA-2015-S1.pdf
TSA-2015-S1-q6,TSA-2015-S1-q6.png,TSA,1,2015,November 2015,6,PS,Problem Solving,,D,mcq,ABCDE,,,bank/TARA/TSA_section1/papers/TSA-2015-S1.pdf
TSA-2015-S1-q7,TSA-2015-S1-q7.png,TSA,1,2015,November 2015,7,PS,Problem Solving,,E,mcq,ABCDE,,,bank/TARA/TSA_section1/papers/TSA-2015-S1.pdf
TSA-2015-S1-q8,TSA-2015-S1-q8.png,TSA,1,2015,November 2015,8,PS,Problem Solving,,D,mcq,ABCDE,是,,bank/TARA/TSA_section1/papers/TSA-2015-S1.pdf
TSA-2015-S1-q9,TSA-2015-S1-q9.png,TSA,1,2015,November 2015,9,CT-evid,Critical Thinking: Assessing the Impact of Additional Evidence,,C,mcq,ABCDE,,,bank/TARA/TSA_section1/papers/TSA-2015-S1.pdf
TSA-2015-S1-q10,TSA-2015-S1-q10.png,TSA,1,2015,November 2015,10,CT-flaw,Critical Thinking: Detecting Reasoning Errors,,B,mcq,ABCDE,,,bank/TARA/TSA_section1/papers/TSA-2015-S1.pdf
TSA-2015-S1-q11,TSA-2015-S1-q11.png,TSA,1,2015,November 2015,11,CT-main,Critical Thinking: Identifying the Main Conclusion,,D,mcq,ABCDE,,,bank/TARA/TSA_section1/papers/TSA-2015-S1.pdf
TSA-2015-S1-q12,TSA-2015-S1-q12.png,TSA,1,2015,November 2015,12,PS,Problem Solving,,B,mcq,ABCDE,,,bank/TARA/TSA_section1/papers/TSA-2015-S1.pdf
TSA-2015-S1-q13,TSA-2015-S1-q13.png,TSA,1,2015,November 2015,13,PS,Problem Solving,,D,mcq,ABCDE,,,bank/TARA/TSA_section1/papers/TSA-2015-S1.pdf
TSA-2015-S1-q14,TSA-2015-S1-q14.png,TSA,1,2015,November 2015,14,PS,Problem Solving,,E,mcq,ABCDE,,,bank/TARA/TSA_section1/papers/TSA-2015-S1.pdf
TSA-2015-S1-q15,TSA-2015-S1-q15.png,TSA,1,2015,November 2015,15,CT-draw,Critical Thinking: Drawing a Conclusion,,A,mcq,ABCDE,,,bank/TARA/TSA_section1/papers/TSA-2015-S1.pdf
TSA-2015-S1-q16,TSA-2015-S1-q16.png,TSA,1,2015,November 2015,16,CT-assm,Critical Thinking: Identifying an Assumption,,B,mcq,ABCDE,,,bank/TARA/TSA_section1/papers/TSA-2015-S1.pdf
TSA-2015-S1-q17,TSA-2015-S1-q17.png,TSA,1,2015,November 2015,17,CT-evid,Critical Thinking: Assessing the Impact of Additional Evidence,,A,mcq,ABCDE,,,bank/TARA/TSA_section1/papers/TSA-2015-S1.pdf
TSA-2015-S1-q18,TSA-2015-S1-q18.png,TSA,1,2015,November 2015,18,PS,Problem Solving,,C,mcq,ABCDE,,,bank/TARA/TSA_section1/papers/TSA-2015-S1.pdf
TSA-2015-S1-q19,TSA-2015-S1-q19.png,TSA,1,2015,November 2015,19,PS,Problem Solving,,D,mcq,ABCDE,,,bank/TARA/TSA_section1/papers/TSA-2015-S1.pdf
TSA-2015-S1-q20,TSA-2015-S1-q20.png,TSA,1,2015,November 2015,20,PS,Problem Solving,,E,mcq,ABCDE,是,,bank/TARA/TSA_section1/papers/TSA-2015-S1.pdf
TSA-2015-S1-q21,TSA-2015-S1-q21.png,TSA,1,2015,November 2015,21,CT-flaw,Critical Thinking: Detecting Reasoning Errors,,C,mcq,ABCDE,,,bank/TARA/TSA_section1/papers/TSA-2015-S1.pdf
TSA-2015-S1-q22,TSA-2015-S1-q22.png,TSA,1,2015,November 2015,22,CT-match,Critical Thinking: Matching Arguments,,A,mcq,ABCD,,,bank/TARA/TSA_section1/papers/TSA-2015-S1.pdf
TSA-2015-S1-q23,TSA-2015-S1-q23.png,TSA,1,2015,November 2015,23,CT-prin,Critical Thinking: Applying Principles,,A,mcq,ABCDE,,,bank/TARA/TSA_section1/papers/TSA-2015-S1.pdf
TSA-2015-S1-q24,TSA-2015-S1-q24.png,TSA,1,2015,November 2015,24,PS,Problem Solving,,B,mcq,ABCDE,,,bank/TARA/TSA_section1/papers/TSA-2015-S1.pdf
TSA-2015-S1-q25,TSA-2015-S1-q25.png,TSA,1,2015,November 2015,25,PS,Problem Solving,,D,mcq,ABCDE,是,,bank/TARA/TSA_section1/papers/TSA-2015-S1.pdf
TSA-2015-S1-q26,TSA-2015-S1-q26.png,TSA,1,2015,November 2015,26,PS,Problem Solving,,B,mcq,ABCDE,是,,bank/TARA/TSA_section1/papers/TSA-2015-S1.pdf
TSA-2015-S1-q27,TSA-2015-S1-q27.png,TSA,1,2015,November 2015,27,CT-main,Critical Thinking: Identifying the Main Conclusion,,B,mcq,ABCDE,是,,bank/TARA/TSA_section1/papers/TSA-2015-S1.pdf
TSA-2015-S1-q28,TSA-2015-S1-q28.png,TSA,1,2015,November 2015,28,CT-draw,Critical Thinking: Drawing a Conclusion,,C,mcq,ABCDE,,,bank/TARA/TSA_section1/papers/TSA-2015-S1.pdf
TSA-2015-S1-q29,TSA-2015-S1-q29.png,TSA,1,2015,November 2015,29,CT-assm,Critical Thinking: Identifying an Assumption,,D,mcq,ABCDE,,,bank/TARA/TSA_section1/papers/TSA-2015-S1.pdf
TSA-2015-S1-q30,TSA-2015-S1-q30.png,TSA,1,2015,November 2015,30,PS,Problem Solving,,D,mcq,ABCDE,,,bank/TARA/TSA_section1/papers/TSA-2015-S1.pdf
TSA-2015-S1-q31,TSA-2015-S1-q31.png,TSA,1,2015,November 2015,31,PS,Problem Solving,,C,mcq,ABCDE,,,bank/TARA/TSA_section1/papers/TSA-2015-S1.pdf
TSA-2015-S1-q32,TSA-2015-S1-q32.png,TSA,1,2015,November 2015,32,PS,Problem Solving,,D,mcq,ABCDE,是,,bank/TARA/TSA_section1/papers/TSA-2015-S1.pdf
TSA-2015-S1-q33,TSA-2015-S1-q33.png,TSA,1,2015,November 2015,33,CT-evid,Critical Thinking: Assessing the Impact of Additional Evidence,,C,mcq,ABCDE,,,bank/TARA/TSA_section1/papers/TSA-2015-S1.pdf
TSA-2015-S1-q34,TSA-2015-S1-q34.png,TSA,1,2015,November 2015,34,CT-flaw,Critical Thinking: Detecting Reasoning Errors,,A,mcq,ABCDE,,,bank/TARA/TSA_section1/papers/TSA-2015-S1.pdf
TSA-2015-S1-q35,TSA-2015-S1-q35.png,TSA,1,2015,November 2015,35,CT-main,Critical Thinking: Identifying the Main Conclusion,,B,mcq,ABCDE,,,bank/TARA/TSA_section1/papers/TSA-2015-S1.pdf
TSA-2015-S1-q36,TSA-2015-S1-q36.png,TSA,1,2015,November 2015,36,PS,Problem Solving,,C,mcq,ABCDE,,,bank/TARA/TSA_section1/papers/TSA-2015-S1.pdf
TSA-2015-S1-q37,TSA-2015-S1-q37.png,TSA,1,2015,November 2015,37,PS,Problem Solving,,D,mcq,ABCDE,,,bank/TARA/TSA_section1/papers/TSA-2015-S1.pdf
TSA-2015-S1-q38,TSA-2015-S1-q38.png,TSA,1,2015,November 2015,38,PS,Problem Solving,,E,mcq,ABCDE,是,,bank/TARA/TSA_section1/papers/TSA-2015-S1.pdf
TSA-2015-S1-q39,TSA-2015-S1-q39.png,TSA,1,2015,November 2015,39,CT-draw,Critical Thinking: Drawing a Conclusion,,C,mcq,ABCDE,,,bank/TARA/TSA_section1/papers/TSA-2015-S1.pdf
TSA-2015-S1-q40,TSA-2015-S1-q40.png,TSA,1,2015,November 2015,40,CT-assm,Critical Thinking: Identifying an Assumption,,C,mcq,ABCDE,,,bank/TARA/TSA_section1/papers/TSA-2015-S1.pdf
TSA-2015-S1-q41,TSA-2015-S1-q41.png,TSA,1,2015,November 2015,41,CT-evid,Critical Thinking: Assessing the Impact of Additional Evidence,,D,mcq,ABCDE,,,bank/TARA/TSA_section1/papers/TSA-2015-S1.pdf
TSA-2015-S1-q42,TSA-2015-S1-q42.png,TSA,1,2015,November 2015,42,PS,Problem Solving,,C,mcq,ABCDE,,,bank/TARA/TSA_section1/papers/TSA-2015-S1.pdf
TSA-2015-S1-q43,TSA-2015-S1-q43.png,TSA,1,2015,November 2015,43,PS,Problem Solving,,E,mcq,ABCDE,,,bank/TARA/TSA_section1/papers/TSA-2015-S1.pdf
TSA-2015-S1-q44,TSA-2015-S1-q44.png,TSA,1,2015,November 2015,44,PS,Problem Solving,,D,mcq,ABCDE,是,,bank/TARA/TSA_section1/papers/TSA-2015-S1.pdf
TSA-2015-S1-q45,TSA-2015-S1-q45.png,TSA,1,2015,November 2015,45,CT-main,Critical Thinking: Identifying the Main Conclusion,,C,mcq,ABCDE,,,bank/TARA/TSA_section1/papers/TSA-2015-S1.pdf
TSA-2015-S1-q46,TSA-2015-S1-q46.png,TSA,1,2015,November 2015,46,CT-match,Critical Thinking: Matching Arguments,,C,mcq,ABCD,,,bank/TARA/TSA_section1/papers/TSA-2015-S1.pdf
TSA-2015-S1-q47,TSA-2015-S1-q47.png,TSA,1,2015,November 2015,47,CT-prin,Critical Thinking: Applying Principles,,A,mcq,ABCDE,,,bank/TARA/TSA_section1/papers/TSA-2015-S1.pdf
TSA-2015-S1-q48,TSA-2015-S1-q48.png,TSA,1,2015,November 2015,48,PS,Problem Solving,,A,mcq,ABCDE,是,,bank/TARA/TSA_section1/papers/TSA-2015-S1.pdf
TSA-2015-S1-q49,TSA-2015-S1-q49.png,TSA,1,2015,November 2015,49,PS,Problem Solving,,C,mcq,ABCDE,,,bank/TARA/TSA_section1/papers/TSA-2015-S1.pdf
TSA-2015-S1-q50,TSA-2015-S1-q50.png,TSA,1,2015,November 2015,50,PS,Problem Solving,,E,mcq,ABCDE,是,,bank/TARA/TSA_section1/papers/TSA-2015-S1.pdf
TSA-2016-S1-q1,TSA-2016-S1-q1.png,TSA,1,2016,November 2016,1,CT-main,Critical Thinking: Identifying the Main Conclusion,,D,mcq,ABCDE,,,bank/TARA/TSA_section1/papers/TSA-2016-S1.pdf
TSA-2016-S1-q2,TSA-2016-S1-q2.png,TSA,1,2016,November 2016,2,PS,Problem Solving,,C,mcq,ABCDE,是,,bank/TARA/TSA_section1/papers/TSA-2016-S1.pdf
TSA-2016-S1-q3,TSA-2016-S1-q3.png,TSA,1,2016,November 2016,3,CT-flaw,Critical Thinking: Detecting Reasoning Errors,,C,mcq,ABCDE,,,bank/TARA/TSA_section1/papers/TSA-2016-S1.pdf
TSA-2016-S1-q4,TSA-2016-S1-q4.png,TSA,1,2016,November 2016,4,CT-draw,Critical Thinking: Drawing a Conclusion,,E,mcq,ABCDE,,,bank/TARA/TSA_section1/papers/TSA-2016-S1.pdf
TSA-2016-S1-q5,TSA-2016-S1-q5.png,TSA,1,2016,November 2016,5,CT-assm,Critical Thinking: Identifying an Assumption,,B,mcq,ABCDE,,,bank/TARA/TSA_section1/papers/TSA-2016-S1.pdf
TSA-2016-S1-q6,TSA-2016-S1-q6.png,TSA,1,2016,November 2016,6,PS,Problem Solving,,B,mcq,ABCDE,,,bank/TARA/TSA_section1/papers/TSA-2016-S1.pdf
TSA-2016-S1-q7,TSA-2016-S1-q7.png,TSA,1,2016,November 2016,7,PS,Problem Solving,,C,mcq,ABCDE,,,bank/TARA/TSA_section1/papers/TSA-2016-S1.pdf
TSA-2016-S1-q8,TSA-2016-S1-q8.png,TSA,1,2016,November 2016,8,PS,Problem Solving,,D,mcq,ABCDE,是,,bank/TARA/TSA_section1/papers/TSA-2016-S1.pdf
TSA-2016-S1-q9,TSA-2016-S1-q9.png,TSA,1,2016,November 2016,9,CT-evid,Critical Thinking: Assessing the Impact of Additional Evidence,,A,mcq,ABCDE,,,bank/TARA/TSA_section1/papers/TSA-2016-S1.pdf
TSA-2016-S1-q10,TSA-2016-S1-q10.png,TSA,1,2016,November 2016,10,CT-flaw,Critical Thinking: Detecting Reasoning Errors,,C,mcq,ABCDE,,,bank/TARA/TSA_section1/papers/TSA-2016-S1.pdf
TSA-2016-S1-q11,TSA-2016-S1-q11.png,TSA,1,2016,November 2016,11,CT-main,Critical Thinking: Identifying the Main Conclusion,,B,mcq,ABCDE,,,bank/TARA/TSA_section1/papers/TSA-2016-S1.pdf
TSA-2016-S1-q12,TSA-2016-S1-q12.png,TSA,1,2016,November 2016,12,PS,Problem Solving,,C,mcq,ABCDE,,,bank/TARA/TSA_section1/papers/TSA-2016-S1.pdf
TSA-2016-S1-q13,TSA-2016-S1-q13.png,TSA,1,2016,November 2016,13,PS,Problem Solving,,C,mcq,ABCDE,,,bank/TARA/TSA_section1/papers/TSA-2016-S1.pdf
TSA-2016-S1-q14,TSA-2016-S1-q14.png,TSA,1,2016,November 2016,14,PS,Problem Solving,,B,mcq,ABCDE,是,,bank/TARA/TSA_section1/papers/TSA-2016-S1.pdf
TSA-2016-S1-q15,TSA-2016-S1-q15.png,TSA,1,2016,November 2016,15,CT-draw,Critical Thinking: Drawing a Conclusion,,B,mcq,ABCDE,,,bank/TARA/TSA_section1/papers/TSA-2016-S1.pdf
TSA-2016-S1-q16,TSA-2016-S1-q16.png,TSA,1,2016,November 2016,16,CT-assm,Critical Thinking: Identifying an Assumption,,B,mcq,ABCDE,,,bank/TARA/TSA_section1/papers/TSA-2016-S1.pdf
TSA-2016-S1-q17,TSA-2016-S1-q17.png,TSA,1,2016,November 2016,17,CT-evid,Critical Thinking: Assessing the Impact of Additional Evidence,,C,mcq,ABCDE,,,bank/TARA/TSA_section1/papers/TSA-2016-S1.pdf
TSA-2016-S1-q18,TSA-2016-S1-q18.png,TSA,1,2016,November 2016,18,PS,Problem Solving,,C,mcq,ABCDE,是,,bank/TARA/TSA_section1/papers/TSA-2016-S1.pdf
TSA-2016-S1-q19,TSA-2016-S1-q19.png,TSA,1,2016,November 2016,19,PS,Problem Solving,,A,mcq,ABCDE,,,bank/TARA/TSA_section1/papers/TSA-2016-S1.pdf
TSA-2016-S1-q20,TSA-2016-S1-q20.png,TSA,1,2016,November 2016,20,PS,Problem Solving,,E,mcq,ABCDE,是,,bank/TARA/TSA_section1/papers/TSA-2016-S1.pdf
TSA-2016-S1-q21,TSA-2016-S1-q21.png,TSA,1,2016,November 2016,21,CT-flaw,Critical Thinking: Detecting Reasoning Errors,,A,mcq,ABCDE,,,bank/TARA/TSA_section1/papers/TSA-2016-S1.pdf
TSA-2016-S1-q22,TSA-2016-S1-q22.png,TSA,1,2016,November 2016,22,CT-match,Critical Thinking: Matching Arguments,,B,mcq,ABCDE,,,bank/TARA/TSA_section1/papers/TSA-2016-S1.pdf
TSA-2016-S1-q23,TSA-2016-S1-q23.png,TSA,1,2016,November 2016,23,CT-prin,Critical Thinking: Applying Principles,,E,mcq,ABCDE,,,bank/TARA/TSA_section1/papers/TSA-2016-S1.pdf
TSA-2016-S1-q24,TSA-2016-S1-q24.png,TSA,1,2016,November 2016,24,PS,Problem Solving,,B,mcq,ABCDE,,,bank/TARA/TSA_section1/papers/TSA-2016-S1.pdf
TSA-2016-S1-q25,TSA-2016-S1-q25.png,TSA,1,2016,November 2016,25,PS,Problem Solving,,D,mcq,ABCDE,,,bank/TARA/TSA_section1/papers/TSA-2016-S1.pdf
TSA-2016-S1-q26,TSA-2016-S1-q26.png,TSA,1,2016,November 2016,26,PS,Problem Solving,,A,mcq,ABCDE,是,,bank/TARA/TSA_section1/papers/TSA-2016-S1.pdf
TSA-2016-S1-q27,TSA-2016-S1-q27.png,TSA,1,2016,November 2016,27,CT-main,Critical Thinking: Identifying the Main Conclusion,,C,mcq,ABCDE,,,bank/TARA/TSA_section1/papers/TSA-2016-S1.pdf
TSA-2016-S1-q28,TSA-2016-S1-q28.png,TSA,1,2016,November 2016,28,CT-draw,Critical Thinking: Drawing a Conclusion,,A,mcq,ABCDE,,,bank/TARA/TSA_section1/papers/TSA-2016-S1.pdf
TSA-2016-S1-q29,TSA-2016-S1-q29.png,TSA,1,2016,November 2016,29,CT-assm,Critical Thinking: Identifying an Assumption,,C,mcq,ABCDE,,,bank/TARA/TSA_section1/papers/TSA-2016-S1.pdf
TSA-2016-S1-q30,TSA-2016-S1-q30.png,TSA,1,2016,November 2016,30,PS,Problem Solving,,A,mcq,ABCDE,是,,bank/TARA/TSA_section1/papers/TSA-2016-S1.pdf
TSA-2016-S1-q31,TSA-2016-S1-q31.png,TSA,1,2016,November 2016,31,PS,Problem Solving,,A,mcq,ABCDE,,,bank/TARA/TSA_section1/papers/TSA-2016-S1.pdf
TSA-2016-S1-q32,TSA-2016-S1-q32.png,TSA,1,2016,November 2016,32,PS,Problem Solving,,D,mcq,ABCDE,是,,bank/TARA/TSA_section1/papers/TSA-2016-S1.pdf
TSA-2016-S1-q33,TSA-2016-S1-q33.png,TSA,1,2016,November 2016,33,CT-evid,Critical Thinking: Assessing the Impact of Additional Evidence,,A,mcq,ABCDE,,,bank/TARA/TSA_section1/papers/TSA-2016-S1.pdf
TSA-2016-S1-q34,TSA-2016-S1-q34.png,TSA,1,2016,November 2016,34,CT-flaw,Critical Thinking: Detecting Reasoning Errors,,C,mcq,ABCDE,,,bank/TARA/TSA_section1/papers/TSA-2016-S1.pdf
TSA-2016-S1-q35,TSA-2016-S1-q35.png,TSA,1,2016,November 2016,35,CT-main,Critical Thinking: Identifying the Main Conclusion,,D,mcq,ABCDE,,,bank/TARA/TSA_section1/papers/TSA-2016-S1.pdf
TSA-2016-S1-q36,TSA-2016-S1-q36.png,TSA,1,2016,November 2016,36,PS,Problem Solving,,D,mcq,ABCDE,,,bank/TARA/TSA_section1/papers/TSA-2016-S1.pdf
TSA-2016-S1-q37,TSA-2016-S1-q37.png,TSA,1,2016,November 2016,37,PS,Problem Solving,,A,mcq,ABCDE,是,,bank/TARA/TSA_section1/papers/TSA-2016-S1.pdf
TSA-2016-S1-q38,TSA-2016-S1-q38.png,TSA,1,2016,November 2016,38,PS,Problem Solving,,E,mcq,ABCDE,,,bank/TARA/TSA_section1/papers/TSA-2016-S1.pdf
TSA-2016-S1-q39,TSA-2016-S1-q39.png,TSA,1,2016,November 2016,39,CT-draw,Critical Thinking: Drawing a Conclusion,,D,mcq,ABCDE,,,bank/TARA/TSA_section1/papers/TSA-2016-S1.pdf
TSA-2016-S1-q40,TSA-2016-S1-q40.png,TSA,1,2016,November 2016,40,CT-assm,Critical Thinking: Identifying an Assumption,,B,mcq,ABCDE,,,bank/TARA/TSA_section1/papers/TSA-2016-S1.pdf
TSA-2016-S1-q41,TSA-2016-S1-q41.png,TSA,1,2016,November 2016,41,CT-evid,Critical Thinking: Assessing the Impact of Additional Evidence,,A,mcq,ABCDE,,,bank/TARA/TSA_section1/papers/TSA-2016-S1.pdf
TSA-2016-S1-q42,TSA-2016-S1-q42.png,TSA,1,2016,November 2016,42,PS,Problem Solving,,C,mcq,ABCDE,,,bank/TARA/TSA_section1/papers/TSA-2016-S1.pdf
TSA-2016-S1-q43,TSA-2016-S1-q43.png,TSA,1,2016,November 2016,43,PS,Problem Solving,,A,mcq,ABCDE,,,bank/TARA/TSA_section1/papers/TSA-2016-S1.pdf
TSA-2016-S1-q44,TSA-2016-S1-q44.png,TSA,1,2016,November 2016,44,PS,Problem Solving,,D,mcq,ABCDE,是,,bank/TARA/TSA_section1/papers/TSA-2016-S1.pdf
TSA-2016-S1-q45,TSA-2016-S1-q45.png,TSA,1,2016,November 2016,45,CT-main,Critical Thinking: Identifying the Main Conclusion,,C,mcq,ABCDE,,,bank/TARA/TSA_section1/papers/TSA-2016-S1.pdf
TSA-2016-S1-q46,TSA-2016-S1-q46.png,TSA,1,2016,November 2016,46,CT-match,Critical Thinking: Matching Arguments,,B,mcq,ABCDE,,,bank/TARA/TSA_section1/papers/TSA-2016-S1.pdf
TSA-2016-S1-q47,TSA-2016-S1-q47.png,TSA,1,2016,November 2016,47,CT-prin,Critical Thinking: Applying Principles,,B,mcq,ABCDE,,,bank/TARA/TSA_section1/papers/TSA-2016-S1.pdf
TSA-2016-S1-q48,TSA-2016-S1-q48.png,TSA,1,2016,November 2016,48,PS,Problem Solving,,B,mcq,ABCDE,是,,bank/TARA/TSA_section1/papers/TSA-2016-S1.pdf
TSA-2016-S1-q49,TSA-2016-S1-q49.png,TSA,1,2016,November 2016,49,PS,Problem Solving,,E,mcq,ABCDE,,,bank/TARA/TSA_section1/papers/TSA-2016-S1.pdf
TSA-2016-S1-q50,TSA-2016-S1-q50.png,TSA,1,2016,November 2016,50,PS,Problem Solving,,C,mcq,ABCDE,是,,bank/TARA/TSA_section1/papers/TSA-2016-S1.pdf
TSA-2017-S1-q1,TSA-2017-S1-q1.png,TSA,1,2017,November 2017,1,CT-main,Critical Thinking: Identifying the Main Conclusion,,E,mcq,ABCDEF,,,bank/TARA/TSA_section1/papers/TSA-2017-S1.pdf
TSA-2017-S1-q2,TSA-2017-S1-q2.png,TSA,1,2017,November 2017,2,PS,Problem Solving,,A,mcq,ABCDE,,,bank/TARA/TSA_section1/papers/TSA-2017-S1.pdf
TSA-2017-S1-q3,TSA-2017-S1-q3.png,TSA,1,2017,November 2017,3,CT-flaw,Critical Thinking: Detecting Reasoning Errors,,E,mcq,ABCDE,,,bank/TARA/TSA_section1/papers/TSA-2017-S1.pdf
TSA-2017-S1-q4,TSA-2017-S1-q4.png,TSA,1,2017,November 2017,4,CT-draw,Critical Thinking: Drawing a Conclusion,,B,mcq,ABCDE,,,bank/TARA/TSA_section1/papers/TSA-2017-S1.pdf
TSA-2017-S1-q5,TSA-2017-S1-q5.png,TSA,1,2017,November 2017,5,CT-assm,Critical Thinking: Identifying an Assumption,,B,mcq,ABCDE,,,bank/TARA/TSA_section1/papers/TSA-2017-S1.pdf
TSA-2017-S1-q6,TSA-2017-S1-q6.png,TSA,1,2017,November 2017,6,PS,Problem Solving,,D,mcq,ABCDE,,,bank/TARA/TSA_section1/papers/TSA-2017-S1.pdf
TSA-2017-S1-q7,TSA-2017-S1-q7.png,TSA,1,2017,November 2017,7,PS,Problem Solving,,A,mcq,ABCDE,,,bank/TARA/TSA_section1/papers/TSA-2017-S1.pdf
TSA-2017-S1-q8,TSA-2017-S1-q8.png,TSA,1,2017,November 2017,8,PS,Problem Solving,,A,mcq,ABCDE,,,bank/TARA/TSA_section1/papers/TSA-2017-S1.pdf
TSA-2017-S1-q9,TSA-2017-S1-q9.png,TSA,1,2017,November 2017,9,CT-evid,Critical Thinking: Assessing the Impact of Additional Evidence,,A,mcq,ABCDE,,,bank/TARA/TSA_section1/papers/TSA-2017-S1.pdf
TSA-2017-S1-q10,TSA-2017-S1-q10.png,TSA,1,2017,November 2017,10,CT-flaw,Critical Thinking: Detecting Reasoning Errors,,C,mcq,ABCDE,,,bank/TARA/TSA_section1/papers/TSA-2017-S1.pdf
TSA-2017-S1-q11,TSA-2017-S1-q11.png,TSA,1,2017,November 2017,11,CT-main,Critical Thinking: Identifying the Main Conclusion,,D,mcq,ABCDE,,,bank/TARA/TSA_section1/papers/TSA-2017-S1.pdf
TSA-2017-S1-q12,TSA-2017-S1-q12.png,TSA,1,2017,November 2017,12,PS,Problem Solving,,C,mcq,ABCDE,,,bank/TARA/TSA_section1/papers/TSA-2017-S1.pdf
TSA-2017-S1-q13,TSA-2017-S1-q13.png,TSA,1,2017,November 2017,13,PS,Problem Solving,,D,mcq,ABCDE,,,bank/TARA/TSA_section1/papers/TSA-2017-S1.pdf
TSA-2017-S1-q14,TSA-2017-S1-q14.png,TSA,1,2017,November 2017,14,PS,Problem Solving,,A,mcq,ABCDE,是,,bank/TARA/TSA_section1/papers/TSA-2017-S1.pdf
TSA-2017-S1-q15,TSA-2017-S1-q15.png,TSA,1,2017,November 2017,15,CT-draw,Critical Thinking: Drawing a Conclusion,,E,mcq,ABCDE,,,bank/TARA/TSA_section1/papers/TSA-2017-S1.pdf
TSA-2017-S1-q16,TSA-2017-S1-q16.png,TSA,1,2017,November 2017,16,CT-assm,Critical Thinking: Identifying an Assumption,,A,mcq,ABCDE,,,bank/TARA/TSA_section1/papers/TSA-2017-S1.pdf
TSA-2017-S1-q17,TSA-2017-S1-q17.png,TSA,1,2017,November 2017,17,CT-evid,Critical Thinking: Assessing the Impact of Additional Evidence,,C,mcq,ABCDE,,,bank/TARA/TSA_section1/papers/TSA-2017-S1.pdf
TSA-2017-S1-q18,TSA-2017-S1-q18.png,TSA,1,2017,November 2017,18,PS,Problem Solving,,A,mcq,ABCDE,,,bank/TARA/TSA_section1/papers/TSA-2017-S1.pdf
TSA-2017-S1-q19,TSA-2017-S1-q19.png,TSA,1,2017,November 2017,19,PS,Problem Solving,,C,mcq,ABCDE,,,bank/TARA/TSA_section1/papers/TSA-2017-S1.pdf
TSA-2017-S1-q20,TSA-2017-S1-q20.png,TSA,1,2017,November 2017,20,PS,Problem Solving,,D,mcq,ABCD,是,,bank/TARA/TSA_section1/papers/TSA-2017-S1.pdf
TSA-2017-S1-q21,TSA-2017-S1-q21.png,TSA,1,2017,November 2017,21,CT-flaw,Critical Thinking: Detecting Reasoning Errors,,B,mcq,ABCDE,,,bank/TARA/TSA_section1/papers/TSA-2017-S1.pdf
TSA-2017-S1-q22,TSA-2017-S1-q22.png,TSA,1,2017,November 2017,22,CT-match,Critical Thinking: Matching Arguments,,C,mcq,ABCDE,,,bank/TARA/TSA_section1/papers/TSA-2017-S1.pdf
TSA-2017-S1-q23,TSA-2017-S1-q23.png,TSA,1,2017,November 2017,23,CT-prin,Critical Thinking: Applying Principles,,B,mcq,ABCDE,,,bank/TARA/TSA_section1/papers/TSA-2017-S1.pdf
TSA-2017-S1-q24,TSA-2017-S1-q24.png,TSA,1,2017,November 2017,24,PS,Problem Solving,,B,mcq,ABCDE,,,bank/TARA/TSA_section1/papers/TSA-2017-S1.pdf
TSA-2017-S1-q25,TSA-2017-S1-q25.png,TSA,1,2017,November 2017,25,PS,Problem Solving,,E,mcq,ABCDE,,,bank/TARA/TSA_section1/papers/TSA-2017-S1.pdf
TSA-2017-S1-q26,TSA-2017-S1-q26.png,TSA,1,2017,November 2017,26,PS,Problem Solving,,C,mcq,ABCDE,是,,bank/TARA/TSA_section1/papers/TSA-2017-S1.pdf
TSA-2017-S1-q27,TSA-2017-S1-q27.png,TSA,1,2017,November 2017,27,CT-main,Critical Thinking: Identifying the Main Conclusion,,A,mcq,ABCDE,,,bank/TARA/TSA_section1/papers/TSA-2017-S1.pdf
TSA-2017-S1-q28,TSA-2017-S1-q28.png,TSA,1,2017,November 2017,28,CT-draw,Critical Thinking: Drawing a Conclusion,,D,mcq,ABCDE,,,bank/TARA/TSA_section1/papers/TSA-2017-S1.pdf
TSA-2017-S1-q29,TSA-2017-S1-q29.png,TSA,1,2017,November 2017,29,CT-assm,Critical Thinking: Identifying an Assumption,,E,mcq,ABCDE,,,bank/TARA/TSA_section1/papers/TSA-2017-S1.pdf
TSA-2017-S1-q30,TSA-2017-S1-q30.png,TSA,1,2017,November 2017,30,PS,Problem Solving,,C,mcq,ABCDE,,,bank/TARA/TSA_section1/papers/TSA-2017-S1.pdf
TSA-2017-S1-q31,TSA-2017-S1-q31.png,TSA,1,2017,November 2017,31,PS,Problem Solving,,D,mcq,ABCDE,,,bank/TARA/TSA_section1/papers/TSA-2017-S1.pdf
TSA-2017-S1-q32,TSA-2017-S1-q32.png,TSA,1,2017,November 2017,32,PS,Problem Solving,,E,mcq,ABCDE,是,,bank/TARA/TSA_section1/papers/TSA-2017-S1.pdf
TSA-2017-S1-q33,TSA-2017-S1-q33.png,TSA,1,2017,November 2017,33,CT-evid,Critical Thinking: Assessing the Impact of Additional Evidence,,C,mcq,ABCDE,,,bank/TARA/TSA_section1/papers/TSA-2017-S1.pdf
TSA-2017-S1-q34,TSA-2017-S1-q34.png,TSA,1,2017,November 2017,34,CT-flaw,Critical Thinking: Detecting Reasoning Errors,,B,mcq,ABCDE,,,bank/TARA/TSA_section1/papers/TSA-2017-S1.pdf
TSA-2017-S1-q35,TSA-2017-S1-q35.png,TSA,1,2017,November 2017,35,CT-main,Critical Thinking: Identifying the Main Conclusion,,E,mcq,ABCDE,,,bank/TARA/TSA_section1/papers/TSA-2017-S1.pdf
TSA-2017-S1-q36,TSA-2017-S1-q36.png,TSA,1,2017,November 2017,36,PS,Problem Solving,,C,mcq,ABCDE,,,bank/TARA/TSA_section1/papers/TSA-2017-S1.pdf
TSA-2017-S1-q37,TSA-2017-S1-q37.png,TSA,1,2017,November 2017,37,PS,Problem Solving,,D,mcq,ABCDE,,,bank/TARA/TSA_section1/papers/TSA-2017-S1.pdf
TSA-2017-S1-q38,TSA-2017-S1-q38.png,TSA,1,2017,November 2017,38,PS,Problem Solving,,C,mcq,ABCDE,是,,bank/TARA/TSA_section1/papers/TSA-2017-S1.pdf
TSA-2017-S1-q39,TSA-2017-S1-q39.png,TSA,1,2017,November 2017,39,CT-draw,Critical Thinking: Drawing a Conclusion,,A,mcq,ABCDE,,,bank/TARA/TSA_section1/papers/TSA-2017-S1.pdf
TSA-2017-S1-q40,TSA-2017-S1-q40.png,TSA,1,2017,November 2017,40,CT-assm,Critical Thinking: Identifying an Assumption,,E,mcq,ABCDE,,,bank/TARA/TSA_section1/papers/TSA-2017-S1.pdf
TSA-2017-S1-q41,TSA-2017-S1-q41.png,TSA,1,2017,November 2017,41,CT-evid,Critical Thinking: Assessing the Impact of Additional Evidence,,A,mcq,ABCDE,,,bank/TARA/TSA_section1/papers/TSA-2017-S1.pdf
TSA-2017-S1-q42,TSA-2017-S1-q42.png,TSA,1,2017,November 2017,42,PS,Problem Solving,,B,mcq,ABCDE,,,bank/TARA/TSA_section1/papers/TSA-2017-S1.pdf
TSA-2017-S1-q43,TSA-2017-S1-q43.png,TSA,1,2017,November 2017,43,PS,Problem Solving,,A,mcq,ABCDE,,,bank/TARA/TSA_section1/papers/TSA-2017-S1.pdf
TSA-2017-S1-q44,TSA-2017-S1-q44.png,TSA,1,2017,November 2017,44,PS,Problem Solving,,A,mcq,ABCDE,是,,bank/TARA/TSA_section1/papers/TSA-2017-S1.pdf
TSA-2017-S1-q45,TSA-2017-S1-q45.png,TSA,1,2017,November 2017,45,CT-main,Critical Thinking: Identifying the Main Conclusion,,C,mcq,ABCDE,,,bank/TARA/TSA_section1/papers/TSA-2017-S1.pdf
TSA-2017-S1-q46,TSA-2017-S1-q46.png,TSA,1,2017,November 2017,46,CT-match,Critical Thinking: Matching Arguments,,B,mcq,ABCDE,,,bank/TARA/TSA_section1/papers/TSA-2017-S1.pdf
TSA-2017-S1-q47,TSA-2017-S1-q47.png,TSA,1,2017,November 2017,47,CT-prin,Critical Thinking: Applying Principles,,B,mcq,ABCDE,,,bank/TARA/TSA_section1/papers/TSA-2017-S1.pdf
TSA-2017-S1-q48,TSA-2017-S1-q48.png,TSA,1,2017,November 2017,48,PS,Problem Solving,,D,mcq,ABCDE,,,bank/TARA/TSA_section1/papers/TSA-2017-S1.pdf
TSA-2017-S1-q49,TSA-2017-S1-q49.png,TSA,1,2017,November 2017,49,PS,Problem Solving,,D,mcq,ABCDE,,,bank/TARA/TSA_section1/papers/TSA-2017-S1.pdf
TSA-2017-S1-q50,TSA-2017-S1-q50.png,TSA,1,2017,November 2017,50,PS,Problem Solving,,D,mcq,ABCDE,是,,bank/TARA/TSA_section1/papers/TSA-2017-S1.pdf
TSA-2018-S1-q1,TSA-2018-S1-q1.png,TSA,1,2018,November 2018,1,CT-main,Critical Thinking: Identifying the Main Conclusion,,B,mcq,ABCDE,,,bank/TARA/TSA_section1/papers/TSA-2018-S1.pdf
TSA-2018-S1-q2,TSA-2018-S1-q2.png,TSA,1,2018,November 2018,2,PS,Problem Solving,,D,mcq,ABCDE,,,bank/TARA/TSA_section1/papers/TSA-2018-S1.pdf
TSA-2018-S1-q3,TSA-2018-S1-q3.png,TSA,1,2018,November 2018,3,CT-match,Critical Thinking: Matching Arguments,,E,mcq,ABCDE,,,bank/TARA/TSA_section1/papers/TSA-2018-S1.pdf
TSA-2018-S1-q4,TSA-2018-S1-q4.png,TSA,1,2018,November 2018,4,CT-draw,Critical Thinking: Drawing a Conclusion,,D,mcq,ABCDE,,,bank/TARA/TSA_section1/papers/TSA-2018-S1.pdf
TSA-2018-S1-q5,TSA-2018-S1-q5.png,TSA,1,2018,November 2018,5,CT-assm,Critical Thinking: Identifying an Assumption,,B,mcq,ABCDE,,,bank/TARA/TSA_section1/papers/TSA-2018-S1.pdf
TSA-2018-S1-q6,TSA-2018-S1-q6.png,TSA,1,2018,November 2018,6,PS,Problem Solving,,D,mcq,ABCDE,,,bank/TARA/TSA_section1/papers/TSA-2018-S1.pdf
TSA-2018-S1-q7,TSA-2018-S1-q7.png,TSA,1,2018,November 2018,7,PS,Problem Solving,,C,mcq,ABCDE,,,bank/TARA/TSA_section1/papers/TSA-2018-S1.pdf
TSA-2018-S1-q8,TSA-2018-S1-q8.png,TSA,1,2018,November 2018,8,PS,Problem Solving,,C,mcq,ABCDE,是,,bank/TARA/TSA_section1/papers/TSA-2018-S1.pdf
TSA-2018-S1-q9,TSA-2018-S1-q9.png,TSA,1,2018,November 2018,9,CT-evid,Critical Thinking: Assessing the Impact of Additional Evidence,,E,mcq,ABCDE,,,bank/TARA/TSA_section1/papers/TSA-2018-S1.pdf
TSA-2018-S1-q10,TSA-2018-S1-q10.png,TSA,1,2018,November 2018,10,CT-flaw,Critical Thinking: Detecting Reasoning Errors,,D,mcq,ABCDE,,,bank/TARA/TSA_section1/papers/TSA-2018-S1.pdf
TSA-2018-S1-q11,TSA-2018-S1-q11.png,TSA,1,2018,November 2018,11,CT-main,Critical Thinking: Identifying the Main Conclusion,,E,mcq,ABCDE,,,bank/TARA/TSA_section1/papers/TSA-2018-S1.pdf
TSA-2018-S1-q12,TSA-2018-S1-q12.png,TSA,1,2018,November 2018,12,PS,Problem Solving,,D,mcq,ABCDE,,,bank/TARA/TSA_section1/papers/TSA-2018-S1.pdf
TSA-2018-S1-q13,TSA-2018-S1-q13.png,TSA,1,2018,November 2018,13,PS,Problem Solving,,D,mcq,ABCDE,,,bank/TARA/TSA_section1/papers/TSA-2018-S1.pdf
TSA-2018-S1-q14,TSA-2018-S1-q14.png,TSA,1,2018,November 2018,14,PS,Problem Solving,,C,mcq,ABCDE,是,,bank/TARA/TSA_section1/papers/TSA-2018-S1.pdf
TSA-2018-S1-q15,TSA-2018-S1-q15.png,TSA,1,2018,November 2018,15,CT-draw,Critical Thinking: Drawing a Conclusion,,C,mcq,ABCDE,,,bank/TARA/TSA_section1/papers/TSA-2018-S1.pdf
TSA-2018-S1-q16,TSA-2018-S1-q16.png,TSA,1,2018,November 2018,16,CT-assm,Critical Thinking: Identifying an Assumption,,B,mcq,ABCDE,,,bank/TARA/TSA_section1/papers/TSA-2018-S1.pdf
TSA-2018-S1-q17,TSA-2018-S1-q17.png,TSA,1,2018,November 2018,17,CT-evid,Critical Thinking: Assessing the Impact of Additional Evidence,,B,mcq,ABCDE,,,bank/TARA/TSA_section1/papers/TSA-2018-S1.pdf
TSA-2018-S1-q18,TSA-2018-S1-q18.png,TSA,1,2018,November 2018,18,PS,Problem Solving,,B,mcq,ABCDE,,,bank/TARA/TSA_section1/papers/TSA-2018-S1.pdf
TSA-2018-S1-q19,TSA-2018-S1-q19.png,TSA,1,2018,November 2018,19,PS,Problem Solving,,D,mcq,ABCDE,,,bank/TARA/TSA_section1/papers/TSA-2018-S1.pdf
TSA-2018-S1-q20,TSA-2018-S1-q20.png,TSA,1,2018,November 2018,20,PS,Problem Solving,,B,mcq,ABCDE,是,,bank/TARA/TSA_section1/papers/TSA-2018-S1.pdf
TSA-2018-S1-q21,TSA-2018-S1-q21.png,TSA,1,2018,November 2018,21,CT-flaw,Critical Thinking: Detecting Reasoning Errors,,A,mcq,ABCDE,,,bank/TARA/TSA_section1/papers/TSA-2018-S1.pdf
TSA-2018-S1-q22,TSA-2018-S1-q22.png,TSA,1,2018,November 2018,22,CT-match,Critical Thinking: Matching Arguments,,B,mcq,ABCDE,,,bank/TARA/TSA_section1/papers/TSA-2018-S1.pdf
TSA-2018-S1-q23,TSA-2018-S1-q23.png,TSA,1,2018,November 2018,23,CT-prin,Critical Thinking: Applying Principles,,E,mcq,ABCDE,,,bank/TARA/TSA_section1/papers/TSA-2018-S1.pdf
TSA-2018-S1-q24,TSA-2018-S1-q24.png,TSA,1,2018,November 2018,24,PS,Problem Solving,,D,mcq,ABCDE,,,bank/TARA/TSA_section1/papers/TSA-2018-S1.pdf
TSA-2018-S1-q25,TSA-2018-S1-q25.png,TSA,1,2018,November 2018,25,PS,Problem Solving,,D,mcq,ABCDE,,,bank/TARA/TSA_section1/papers/TSA-2018-S1.pdf
TSA-2018-S1-q26,TSA-2018-S1-q26.png,TSA,1,2018,November 2018,26,PS,Problem Solving,,E,mcq,ABCDE,是,,bank/TARA/TSA_section1/papers/TSA-2018-S1.pdf
TSA-2018-S1-q27,TSA-2018-S1-q27.png,TSA,1,2018,November 2018,27,CT-main,Critical Thinking: Identifying the Main Conclusion,,D,mcq,ABCDE,,,bank/TARA/TSA_section1/papers/TSA-2018-S1.pdf
TSA-2018-S1-q28,TSA-2018-S1-q28.png,TSA,1,2018,November 2018,28,CT-draw,Critical Thinking: Drawing a Conclusion,,A,mcq,ABCDE,,,bank/TARA/TSA_section1/papers/TSA-2018-S1.pdf
TSA-2018-S1-q29,TSA-2018-S1-q29.png,TSA,1,2018,November 2018,29,CT-assm,Critical Thinking: Identifying an Assumption,,A,mcq,ABCDE,,,bank/TARA/TSA_section1/papers/TSA-2018-S1.pdf
TSA-2018-S1-q30,TSA-2018-S1-q30.png,TSA,1,2018,November 2018,30,PS,Problem Solving,,C,mcq,ABCDE,,,bank/TARA/TSA_section1/papers/TSA-2018-S1.pdf
TSA-2018-S1-q31,TSA-2018-S1-q31.png,TSA,1,2018,November 2018,31,PS,Problem Solving,,E,mcq,ABCDE,,,bank/TARA/TSA_section1/papers/TSA-2018-S1.pdf
TSA-2018-S1-q32,TSA-2018-S1-q32.png,TSA,1,2018,November 2018,32,PS,Problem Solving,,E,mcq,ABCDE,是,,bank/TARA/TSA_section1/papers/TSA-2018-S1.pdf
TSA-2018-S1-q33,TSA-2018-S1-q33.png,TSA,1,2018,November 2018,33,CT-main,Critical Thinking: Identifying the Main Conclusion,,C,mcq,ABCDE,,,bank/TARA/TSA_section1/papers/TSA-2018-S1.pdf
TSA-2018-S1-q34,TSA-2018-S1-q34.png,TSA,1,2018,November 2018,34,CT-flaw,Critical Thinking: Detecting Reasoning Errors,,C,mcq,ABCDE,,,bank/TARA/TSA_section1/papers/TSA-2018-S1.pdf
TSA-2018-S1-q35,TSA-2018-S1-q35.png,TSA,1,2018,November 2018,35,CT-main,Critical Thinking: Identifying the Main Conclusion,,D,mcq,ABCDE,,,bank/TARA/TSA_section1/papers/TSA-2018-S1.pdf
TSA-2018-S1-q36,TSA-2018-S1-q36.png,TSA,1,2018,November 2018,36,PS,Problem Solving,,B,mcq,ABCDE,,,bank/TARA/TSA_section1/papers/TSA-2018-S1.pdf
TSA-2018-S1-q37,TSA-2018-S1-q37.png,TSA,1,2018,November 2018,37,PS,Problem Solving,,A,mcq,ABCDE,,,bank/TARA/TSA_section1/papers/TSA-2018-S1.pdf
TSA-2018-S1-q38,TSA-2018-S1-q38.png,TSA,1,2018,November 2018,38,PS,Problem Solving,,B,mcq,ABCDE,是,,bank/TARA/TSA_section1/papers/TSA-2018-S1.pdf
TSA-2018-S1-q39,TSA-2018-S1-q39.png,TSA,1,2018,November 2018,39,CT-draw,Critical Thinking: Drawing a Conclusion,,A,mcq,ABCDE,,,bank/TARA/TSA_section1/papers/TSA-2018-S1.pdf
TSA-2018-S1-q40,TSA-2018-S1-q40.png,TSA,1,2018,November 2018,40,CT-assm,Critical Thinking: Identifying an Assumption,,E,mcq,ABCDE,,,bank/TARA/TSA_section1/papers/TSA-2018-S1.pdf
TSA-2018-S1-q41,TSA-2018-S1-q41.png,TSA,1,2018,November 2018,41,CT-evid,Critical Thinking: Assessing the Impact of Additional Evidence,,C,mcq,ABCDE,,,bank/TARA/TSA_section1/papers/TSA-2018-S1.pdf
TSA-2018-S1-q42,TSA-2018-S1-q42.png,TSA,1,2018,November 2018,42,PS,Problem Solving,,E,mcq,ABCDE,,,bank/TARA/TSA_section1/papers/TSA-2018-S1.pdf
TSA-2018-S1-q43,TSA-2018-S1-q43.png,TSA,1,2018,November 2018,43,PS,Problem Solving,,C,mcq,ABCDE,,,bank/TARA/TSA_section1/papers/TSA-2018-S1.pdf
TSA-2018-S1-q44,TSA-2018-S1-q44.png,TSA,1,2018,November 2018,44,PS,Problem Solving,,D,mcq,ABCDE,是,,bank/TARA/TSA_section1/papers/TSA-2018-S1.pdf
TSA-2018-S1-q45,TSA-2018-S1-q45.png,TSA,1,2018,November 2018,45,CT-main,Critical Thinking: Identifying the Main Conclusion,,D,mcq,ABCDE,,,bank/TARA/TSA_section1/papers/TSA-2018-S1.pdf
TSA-2018-S1-q46,TSA-2018-S1-q46.png,TSA,1,2018,November 2018,46,CT-match,Critical Thinking: Matching Arguments,,D,mcq,ABCDE,,,bank/TARA/TSA_section1/papers/TSA-2018-S1.pdf
TSA-2018-S1-q47,TSA-2018-S1-q47.png,TSA,1,2018,November 2018,47,CT-prin,Critical Thinking: Applying Principles,,A,mcq,ABCDE,,,bank/TARA/TSA_section1/papers/TSA-2018-S1.pdf
TSA-2018-S1-q48,TSA-2018-S1-q48.png,TSA,1,2018,November 2018,48,PS,Problem Solving,,D,mcq,ABCDE,,,bank/TARA/TSA_section1/papers/TSA-2018-S1.pdf
TSA-2018-S1-q49,TSA-2018-S1-q49.png,TSA,1,2018,November 2018,49,PS,Problem Solving,,C,mcq,ABCDE,,,bank/TARA/TSA_section1/papers/TSA-2018-S1.pdf
TSA-2018-S1-q50,TSA-2018-S1-q50.png,TSA,1,2018,November 2018,50,PS,Problem Solving,,C,mcq,ABCDE,是,,bank/TARA/TSA_section1/papers/TSA-2018-S1.pdf
TSA-2019-S1-q1,TSA-2019-S1-q1.png,TSA,1,2019,November 2019,1,CT-main,Critical Thinking: Identifying the Main Conclusion,,E,mcq,ABCDE,,,bank/TARA/TSA_section1/papers/TSA-2019-S1.pdf
TSA-2019-S1-q2,TSA-2019-S1-q2.png,TSA,1,2019,November 2019,2,PS,Problem Solving,,C,mcq,ABCDE,,,bank/TARA/TSA_section1/papers/TSA-2019-S1.pdf
TSA-2019-S1-q3,TSA-2019-S1-q3.png,TSA,1,2019,November 2019,3,CT-flaw,Critical Thinking: Detecting Reasoning Errors,,E,mcq,ABCDE,,,bank/TARA/TSA_section1/papers/TSA-2019-S1.pdf
TSA-2019-S1-q4,TSA-2019-S1-q4.png,TSA,1,2019,November 2019,4,CT-draw,Critical Thinking: Drawing a Conclusion,,B,mcq,ABCDE,,,bank/TARA/TSA_section1/papers/TSA-2019-S1.pdf
TSA-2019-S1-q5,TSA-2019-S1-q5.png,TSA,1,2019,November 2019,5,CT-assm,Critical Thinking: Identifying an Assumption,,A,mcq,ABCDE,,,bank/TARA/TSA_section1/papers/TSA-2019-S1.pdf
TSA-2019-S1-q6,TSA-2019-S1-q6.png,TSA,1,2019,November 2019,6,PS,Problem Solving,,D,mcq,ABCDE,是,,bank/TARA/TSA_section1/papers/TSA-2019-S1.pdf
TSA-2019-S1-q7,TSA-2019-S1-q7.png,TSA,1,2019,November 2019,7,PS,Problem Solving,,E,mcq,ABCDE,,,bank/TARA/TSA_section1/papers/TSA-2019-S1.pdf
TSA-2019-S1-q8,TSA-2019-S1-q8.png,TSA,1,2019,November 2019,8,PS,Problem Solving,,E,mcq,ABCDE,是,,bank/TARA/TSA_section1/papers/TSA-2019-S1.pdf
TSA-2019-S1-q9,TSA-2019-S1-q9.png,TSA,1,2019,November 2019,9,CT-flaw,Critical Thinking: Detecting Reasoning Errors,,B,mcq,ABCDE,,,bank/TARA/TSA_section1/papers/TSA-2019-S1.pdf
TSA-2019-S1-q10,TSA-2019-S1-q10.png,TSA,1,2019,November 2019,10,CT-evid,Critical Thinking: Assessing the Impact of Additional Evidence,,E,mcq,ABCDE,,,bank/TARA/TSA_section1/papers/TSA-2019-S1.pdf
TSA-2019-S1-q11,TSA-2019-S1-q11.png,TSA,1,2019,November 2019,11,CT-main,Critical Thinking: Identifying the Main Conclusion,,D,mcq,ABCDE,,,bank/TARA/TSA_section1/papers/TSA-2019-S1.pdf
TSA-2019-S1-q12,TSA-2019-S1-q12.png,TSA,1,2019,November 2019,12,PS,Problem Solving,,C,mcq,ABCDE,,,bank/TARA/TSA_section1/papers/TSA-2019-S1.pdf
TSA-2019-S1-q13,TSA-2019-S1-q13.png,TSA,1,2019,November 2019,13,PS,Problem Solving,,C,mcq,ABCDE,,,bank/TARA/TSA_section1/papers/TSA-2019-S1.pdf
TSA-2019-S1-q14,TSA-2019-S1-q14.png,TSA,1,2019,November 2019,14,PS,Problem Solving,,B,mcq,ABCDE,是,,bank/TARA/TSA_section1/papers/TSA-2019-S1.pdf
TSA-2019-S1-q15,TSA-2019-S1-q15.png,TSA,1,2019,November 2019,15,CT-draw,Critical Thinking: Drawing a Conclusion,,B,mcq,ABCDE,,,bank/TARA/TSA_section1/papers/TSA-2019-S1.pdf
TSA-2019-S1-q16,TSA-2019-S1-q16.png,TSA,1,2019,November 2019,16,CT-assm,Critical Thinking: Identifying an Assumption,,A,mcq,ABCDE,,,bank/TARA/TSA_section1/papers/TSA-2019-S1.pdf
TSA-2019-S1-q17,TSA-2019-S1-q17.png,TSA,1,2019,November 2019,17,CT-evid,Critical Thinking: Assessing the Impact of Additional Evidence,,E,mcq,ABCDE,,,bank/TARA/TSA_section1/papers/TSA-2019-S1.pdf
TSA-2019-S1-q18,TSA-2019-S1-q18.png,TSA,1,2019,November 2019,18,PS,Problem Solving,,B,mcq,ABCDE,,,bank/TARA/TSA_section1/papers/TSA-2019-S1.pdf
TSA-2019-S1-q19,TSA-2019-S1-q19.png,TSA,1,2019,November 2019,19,PS,Problem Solving,,E,mcq,ABCDE,,,bank/TARA/TSA_section1/papers/TSA-2019-S1.pdf
TSA-2019-S1-q20,TSA-2019-S1-q20.png,TSA,1,2019,November 2019,20,PS,Problem Solving,,E,mcq,ABCDE,是,,bank/TARA/TSA_section1/papers/TSA-2019-S1.pdf
TSA-2019-S1-q21,TSA-2019-S1-q21.png,TSA,1,2019,November 2019,21,CT-flaw,Critical Thinking: Detecting Reasoning Errors,,A,mcq,ABCDE,,,bank/TARA/TSA_section1/papers/TSA-2019-S1.pdf
TSA-2019-S1-q22,TSA-2019-S1-q22.png,TSA,1,2019,November 2019,22,CT-match,Critical Thinking: Matching Arguments,,E,mcq,ABCDE,,,bank/TARA/TSA_section1/papers/TSA-2019-S1.pdf
TSA-2019-S1-q23,TSA-2019-S1-q23.png,TSA,1,2019,November 2019,23,CT-prin,Critical Thinking: Applying Principles,,B,mcq,ABCDE,,,bank/TARA/TSA_section1/papers/TSA-2019-S1.pdf
TSA-2019-S1-q24,TSA-2019-S1-q24.png,TSA,1,2019,November 2019,24,PS,Problem Solving,,C,mcq,ABCDE,是,,bank/TARA/TSA_section1/papers/TSA-2019-S1.pdf
TSA-2019-S1-q25,TSA-2019-S1-q25.png,TSA,1,2019,November 2019,25,PS,Problem Solving,,C,mcq,ABCDE,,,bank/TARA/TSA_section1/papers/TSA-2019-S1.pdf
TSA-2019-S1-q26,TSA-2019-S1-q26.png,TSA,1,2019,November 2019,26,PS,Problem Solving,,D,mcq,ABCDE,是,,bank/TARA/TSA_section1/papers/TSA-2019-S1.pdf
TSA-2019-S1-q27,TSA-2019-S1-q27.png,TSA,1,2019,November 2019,27,CT-main,Critical Thinking: Identifying the Main Conclusion,,B,mcq,ABCDE,,,bank/TARA/TSA_section1/papers/TSA-2019-S1.pdf
TSA-2019-S1-q28,TSA-2019-S1-q28.png,TSA,1,2019,November 2019,28,CT-draw,Critical Thinking: Drawing a Conclusion,,B,mcq,ABCDE,,,bank/TARA/TSA_section1/papers/TSA-2019-S1.pdf
TSA-2019-S1-q29,TSA-2019-S1-q29.png,TSA,1,2019,November 2019,29,CT-assm,Critical Thinking: Identifying an Assumption,,A,mcq,ABCDE,,,bank/TARA/TSA_section1/papers/TSA-2019-S1.pdf
TSA-2019-S1-q30,TSA-2019-S1-q30.png,TSA,1,2019,November 2019,30,PS,Problem Solving,,E,mcq,ABCDE,,,bank/TARA/TSA_section1/papers/TSA-2019-S1.pdf
TSA-2019-S1-q31,TSA-2019-S1-q31.png,TSA,1,2019,November 2019,31,PS,Problem Solving,,B,mcq,ABCDE,,,bank/TARA/TSA_section1/papers/TSA-2019-S1.pdf
TSA-2019-S1-q32,TSA-2019-S1-q32.png,TSA,1,2019,November 2019,32,PS,Problem Solving,,C,mcq,ABCDE,是,,bank/TARA/TSA_section1/papers/TSA-2019-S1.pdf
TSA-2019-S1-q33,TSA-2019-S1-q33.png,TSA,1,2019,November 2019,33,CT-evid,Critical Thinking: Assessing the Impact of Additional Evidence,,A,mcq,ABCDE,,,bank/TARA/TSA_section1/papers/TSA-2019-S1.pdf
TSA-2019-S1-q34,TSA-2019-S1-q34.png,TSA,1,2019,November 2019,34,CT-flaw,Critical Thinking: Detecting Reasoning Errors,,A,mcq,ABCDE,,,bank/TARA/TSA_section1/papers/TSA-2019-S1.pdf
TSA-2019-S1-q35,TSA-2019-S1-q35.png,TSA,1,2019,November 2019,35,CT-main,Critical Thinking: Identifying the Main Conclusion,,D,mcq,ABCDE,,,bank/TARA/TSA_section1/papers/TSA-2019-S1.pdf
TSA-2019-S1-q36,TSA-2019-S1-q36.png,TSA,1,2019,November 2019,36,PS,Problem Solving,,B,mcq,ABCDE,是,,bank/TARA/TSA_section1/papers/TSA-2019-S1.pdf
TSA-2019-S1-q37,TSA-2019-S1-q37.png,TSA,1,2019,November 2019,37,PS,Problem Solving,,C,mcq,ABCDE,,,bank/TARA/TSA_section1/papers/TSA-2019-S1.pdf
TSA-2019-S1-q38,TSA-2019-S1-q38.png,TSA,1,2019,November 2019,38,PS,Problem Solving,,E,mcq,ABCDE,是,,bank/TARA/TSA_section1/papers/TSA-2019-S1.pdf
TSA-2019-S1-q39,TSA-2019-S1-q39.png,TSA,1,2019,November 2019,39,CT-draw,Critical Thinking: Drawing a Conclusion,,C,mcq,ABCDE,,,bank/TARA/TSA_section1/papers/TSA-2019-S1.pdf
TSA-2019-S1-q40,TSA-2019-S1-q40.png,TSA,1,2019,November 2019,40,CT-assm,Critical Thinking: Identifying an Assumption,,B,mcq,ABCDE,,,bank/TARA/TSA_section1/papers/TSA-2019-S1.pdf
TSA-2019-S1-q41,TSA-2019-S1-q41.png,TSA,1,2019,November 2019,41,CT-evid,Critical Thinking: Assessing the Impact of Additional Evidence,,E,mcq,ABCDE,,,bank/TARA/TSA_section1/papers/TSA-2019-S1.pdf
TSA-2019-S1-q42,TSA-2019-S1-q42.png,TSA,1,2019,November 2019,42,PS,Problem Solving,,E,mcq,ABCDE,是,,bank/TARA/TSA_section1/papers/TSA-2019-S1.pdf
TSA-2019-S1-q43,TSA-2019-S1-q43.png,TSA,1,2019,November 2019,43,PS,Problem Solving,,A,mcq,ABCDE,,,bank/TARA/TSA_section1/papers/TSA-2019-S1.pdf
TSA-2019-S1-q44,TSA-2019-S1-q44.png,TSA,1,2019,November 2019,44,PS,Problem Solving,,C,mcq,ABCDE,是,,bank/TARA/TSA_section1/papers/TSA-2019-S1.pdf
TSA-2019-S1-q45,TSA-2019-S1-q45.png,TSA,1,2019,November 2019,45,CT-main,Critical Thinking: Identifying the Main Conclusion,,D,mcq,ABCDE,,,bank/TARA/TSA_section1/papers/TSA-2019-S1.pdf
TSA-2019-S1-q46,TSA-2019-S1-q46.png,TSA,1,2019,November 2019,46,CT-match,Critical Thinking: Matching Arguments,,E,mcq,ABCDE,,,bank/TARA/TSA_section1/papers/TSA-2019-S1.pdf
TSA-2019-S1-q47,TSA-2019-S1-q47.png,TSA,1,2019,November 2019,47,CT-prin,Critical Thinking: Applying Principles,,E,mcq,ABCDE,,,bank/TARA/TSA_section1/papers/TSA-2019-S1.pdf
TSA-2019-S1-q48,TSA-2019-S1-q48.png,TSA,1,2019,November 2019,48,PS,Problem Solving,,D,mcq,ABCDE,,,bank/TARA/TSA_section1/papers/TSA-2019-S1.pdf
TSA-2019-S1-q49,TSA-2019-S1-q49.png,TSA,1,2019,November 2019,49,PS,Problem Solving,,C,mcq,ABCDE,,,bank/TARA/TSA_section1/papers/TSA-2019-S1.pdf
TSA-2019-S1-q50,TSA-2019-S1-q50.png,TSA,1,2019,November 2019,50,PS,Problem Solving,,D,mcq,ABCDE,是,,bank/TARA/TSA_section1/papers/TSA-2019-S1.pdf
TSA-2020-S1-q1,TSA-2020-S1-q1.png,TSA,1,2020,November 2020,1,CT-flaw,Critical Thinking: Detecting Reasoning Errors,,A,mcq,ABCDE,,,bank/TARA/TSA_section1/papers/TSA-2020-S1.pdf
TSA-2020-S1-q2,TSA-2020-S1-q2.png,TSA,1,2020,November 2020,2,PS,Problem Solving,,B,mcq,ABCDE,,,bank/TARA/TSA_section1/papers/TSA-2020-S1.pdf
TSA-2020-S1-q3,TSA-2020-S1-q3.png,TSA,1,2020,November 2020,3,CT-assm,Critical Thinking: Identifying an Assumption,,A,mcq,ABCDE,,,bank/TARA/TSA_section1/papers/TSA-2020-S1.pdf
TSA-2020-S1-q4,TSA-2020-S1-q4.png,TSA,1,2020,November 2020,4,CT-main,Critical Thinking: Identifying the Main Conclusion,,E,mcq,ABCDE,,,bank/TARA/TSA_section1/papers/TSA-2020-S1.pdf
TSA-2020-S1-q5,TSA-2020-S1-q5.png,TSA,1,2020,November 2020,5,CT-match,Critical Thinking: Matching Arguments,,B,mcq,ABCDE,,,bank/TARA/TSA_section1/papers/TSA-2020-S1.pdf
TSA-2020-S1-q6,TSA-2020-S1-q6.png,TSA,1,2020,November 2020,6,PS,Problem Solving,,D,mcq,ABCDE,,,bank/TARA/TSA_section1/papers/TSA-2020-S1.pdf
TSA-2020-S1-q7,TSA-2020-S1-q7.png,TSA,1,2020,November 2020,7,PS,Problem Solving,,D,mcq,ABCDE,,,bank/TARA/TSA_section1/papers/TSA-2020-S1.pdf
TSA-2020-S1-q8,TSA-2020-S1-q8.png,TSA,1,2020,November 2020,8,PS,Problem Solving,,C,mcq,ABCDE,是,,bank/TARA/TSA_section1/papers/TSA-2020-S1.pdf
TSA-2020-S1-q9,TSA-2020-S1-q9.png,TSA,1,2020,November 2020,9,CT-draw,Critical Thinking: Drawing a Conclusion,,C,mcq,ABCDE,,,bank/TARA/TSA_section1/papers/TSA-2020-S1.pdf
TSA-2020-S1-q10,TSA-2020-S1-q10.png,TSA,1,2020,November 2020,10,CT-evid,Critical Thinking: Assessing the Impact of Additional Evidence,,C,mcq,ABCDE,,,bank/TARA/TSA_section1/papers/TSA-2020-S1.pdf
TSA-2020-S1-q11,TSA-2020-S1-q11.png,TSA,1,2020,November 2020,11,CT-match,Critical Thinking: Matching Arguments,,E,mcq,ABCDE,,,bank/TARA/TSA_section1/papers/TSA-2020-S1.pdf
TSA-2020-S1-q12,TSA-2020-S1-q12.png,TSA,1,2020,November 2020,12,PS,Problem Solving,,D,mcq,ABCDE,,,bank/TARA/TSA_section1/papers/TSA-2020-S1.pdf
TSA-2020-S1-q13,TSA-2020-S1-q13.png,TSA,1,2020,November 2020,13,PS,Problem Solving,,E,mcq,ABCDE,,,bank/TARA/TSA_section1/papers/TSA-2020-S1.pdf
TSA-2020-S1-q14,TSA-2020-S1-q14.png,TSA,1,2020,November 2020,14,PS,Problem Solving,,C,mcq,ABCDE,,,bank/TARA/TSA_section1/papers/TSA-2020-S1.pdf
TSA-2020-S1-q15,TSA-2020-S1-q15.png,TSA,1,2020,November 2020,15,CT-evid,Critical Thinking: Assessing the Impact of Additional Evidence,,D,mcq,ABCDE,,,bank/TARA/TSA_section1/papers/TSA-2020-S1.pdf
TSA-2020-S1-q16,TSA-2020-S1-q16.png,TSA,1,2020,November 2020,16,CT-main,Critical Thinking: Identifying the Main Conclusion,,B,mcq,ABCDE,,,bank/TARA/TSA_section1/papers/TSA-2020-S1.pdf
TSA-2020-S1-q17,TSA-2020-S1-q17.png,TSA,1,2020,November 2020,17,CT-prin,Critical Thinking: Applying Principles,,B,mcq,ABCDE,,,bank/TARA/TSA_section1/papers/TSA-2020-S1.pdf
TSA-2020-S1-q18,TSA-2020-S1-q18.png,TSA,1,2020,November 2020,18,PS,Problem Solving,,E,mcq,ABCDE,,,bank/TARA/TSA_section1/papers/TSA-2020-S1.pdf
TSA-2020-S1-q19,TSA-2020-S1-q19.png,TSA,1,2020,November 2020,19,PS,Problem Solving,,C,mcq,ABCDE,,,bank/TARA/TSA_section1/papers/TSA-2020-S1.pdf
TSA-2020-S1-q20,TSA-2020-S1-q20.png,TSA,1,2020,November 2020,20,PS,Problem Solving,,C,mcq,ABCDE,,,bank/TARA/TSA_section1/papers/TSA-2020-S1.pdf
TSA-2020-S1-q21,TSA-2020-S1-q21.png,TSA,1,2020,November 2020,21,CT-match,Critical Thinking: Matching Arguments,,C,mcq,ABCD,,,bank/TARA/TSA_section1/papers/TSA-2020-S1.pdf
TSA-2020-S1-q22,TSA-2020-S1-q22.png,TSA,1,2020,November 2020,22,CT-flaw,Critical Thinking: Detecting Reasoning Errors,,A,mcq,ABCDE,,,bank/TARA/TSA_section1/papers/TSA-2020-S1.pdf
TSA-2020-S1-q23,TSA-2020-S1-q23.png,TSA,1,2020,November 2020,23,CT-evid,Critical Thinking: Assessing the Impact of Additional Evidence,,B,mcq,ABCDE,,,bank/TARA/TSA_section1/papers/TSA-2020-S1.pdf
TSA-2020-S1-q24,TSA-2020-S1-q24.png,TSA,1,2020,November 2020,24,PS,Problem Solving,,C,mcq,ABCDE,,,bank/TARA/TSA_section1/papers/TSA-2020-S1.pdf
TSA-2020-S1-q25,TSA-2020-S1-q25.png,TSA,1,2020,November 2020,25,PS,Problem Solving,,D,mcq,ABCDE,是,,bank/TARA/TSA_section1/papers/TSA-2020-S1.pdf
TSA-2020-S1-q26,TSA-2020-S1-q26.png,TSA,1,2020,November 2020,26,PS,Problem Solving,,A,mcq,ABCDE,,,bank/TARA/TSA_section1/papers/TSA-2020-S1.pdf
TSA-2020-S1-q27,TSA-2020-S1-q27.png,TSA,1,2020,November 2020,27,CT-main,Critical Thinking: Identifying the Main Conclusion,,D,mcq,ABCDE,,,bank/TARA/TSA_section1/papers/TSA-2020-S1.pdf
TSA-2020-S1-q28,TSA-2020-S1-q28.png,TSA,1,2020,November 2020,28,CT-prin,Critical Thinking: Applying Principles,,D,mcq,ABCDE,,,bank/TARA/TSA_section1/papers/TSA-2020-S1.pdf
TSA-2020-S1-q29,TSA-2020-S1-q29.png,TSA,1,2020,November 2020,29,CT-assm,Critical Thinking: Identifying an Assumption,,C,mcq,ABCDE,,,bank/TARA/TSA_section1/papers/TSA-2020-S1.pdf
TSA-2020-S1-q30,TSA-2020-S1-q30.png,TSA,1,2020,November 2020,30,PS,Problem Solving,,C,mcq,ABCDE,,,bank/TARA/TSA_section1/papers/TSA-2020-S1.pdf
TSA-2020-S1-q31,TSA-2020-S1-q31.png,TSA,1,2020,November 2020,31,PS,Problem Solving,,B,mcq,ABCDE,,,bank/TARA/TSA_section1/papers/TSA-2020-S1.pdf
TSA-2020-S1-q32,TSA-2020-S1-q32.png,TSA,1,2020,November 2020,32,PS,Problem Solving,,B,mcq,ABCDE,,,bank/TARA/TSA_section1/papers/TSA-2020-S1.pdf
TSA-2020-S1-q33,TSA-2020-S1-q33.png,TSA,1,2020,November 2020,33,CT-main,Critical Thinking: Identifying the Main Conclusion,,B,mcq,ABCDE,,,bank/TARA/TSA_section1/papers/TSA-2020-S1.pdf
TSA-2020-S1-q34,TSA-2020-S1-q34.png,TSA,1,2020,November 2020,34,CT-flaw,Critical Thinking: Detecting Reasoning Errors,,A,mcq,ABCDE,,,bank/TARA/TSA_section1/papers/TSA-2020-S1.pdf
TSA-2020-S1-q35,TSA-2020-S1-q35.png,TSA,1,2020,November 2020,35,CT-match,Critical Thinking: Matching Arguments,,D,mcq,ABCD,,,bank/TARA/TSA_section1/papers/TSA-2020-S1.pdf
TSA-2020-S1-q36,TSA-2020-S1-q36.png,TSA,1,2020,November 2020,36,PS,Problem Solving,,B,mcq,ABCDE,是,,bank/TARA/TSA_section1/papers/TSA-2020-S1.pdf
TSA-2020-S1-q37,TSA-2020-S1-q37.png,TSA,1,2020,November 2020,37,PS,Problem Solving,,D,mcq,ABCDE,,,bank/TARA/TSA_section1/papers/TSA-2020-S1.pdf
TSA-2020-S1-q38,TSA-2020-S1-q38.png,TSA,1,2020,November 2020,38,PS,Problem Solving,,B,mcq,ABCDE,是,,bank/TARA/TSA_section1/papers/TSA-2020-S1.pdf
TSA-2020-S1-q39,TSA-2020-S1-q39.png,TSA,1,2020,November 2020,39,CT-prin,Critical Thinking: Applying Principles,,B,mcq,ABCDE,,,bank/TARA/TSA_section1/papers/TSA-2020-S1.pdf
TSA-2020-S1-q40,TSA-2020-S1-q40.png,TSA,1,2020,November 2020,40,CT-flaw,Critical Thinking: Detecting Reasoning Errors,,A,mcq,ABCDE,,,bank/TARA/TSA_section1/papers/TSA-2020-S1.pdf
TSA-2020-S1-q41,TSA-2020-S1-q41.png,TSA,1,2020,November 2020,41,CT-main,Critical Thinking: Identifying the Main Conclusion,,C,mcq,ABCDE,,,bank/TARA/TSA_section1/papers/TSA-2020-S1.pdf
TSA-2020-S1-q42,TSA-2020-S1-q42.png,TSA,1,2020,November 2020,42,PS,Problem Solving,,B,mcq,ABCDE,,,bank/TARA/TSA_section1/papers/TSA-2020-S1.pdf
TSA-2020-S1-q43,TSA-2020-S1-q43.png,TSA,1,2020,November 2020,43,PS,Problem Solving,,C,mcq,ABCDE,,,bank/TARA/TSA_section1/papers/TSA-2020-S1.pdf
TSA-2020-S1-q44,TSA-2020-S1-q44.png,TSA,1,2020,November 2020,44,PS,Problem Solving,,C,mcq,ABCDE,是,,bank/TARA/TSA_section1/papers/TSA-2020-S1.pdf
TSA-2020-S1-q45,TSA-2020-S1-q45.png,TSA,1,2020,November 2020,45,CT-draw,Critical Thinking: Drawing a Conclusion,,D,mcq,ABCDE,,,bank/TARA/TSA_section1/papers/TSA-2020-S1.pdf
TSA-2020-S1-q46,TSA-2020-S1-q46.png,TSA,1,2020,November 2020,46,PS,Problem Solving,,C,mcq,ABCDE,,,bank/TARA/TSA_section1/papers/TSA-2020-S1.pdf
TSA-2020-S1-q47,TSA-2020-S1-q47.png,TSA,1,2020,November 2020,47,CT-assm,Critical Thinking: Identifying an Assumption,,E,mcq,ABCDE,,,bank/TARA/TSA_section1/papers/TSA-2020-S1.pdf
TSA-2020-S1-q48,TSA-2020-S1-q48.png,TSA,1,2020,November 2020,48,PS,Problem Solving,,B,mcq,ABCDE,,,bank/TARA/TSA_section1/papers/TSA-2020-S1.pdf
TSA-2020-S1-q49,TSA-2020-S1-q49.png,TSA,1,2020,November 2020,49,CT-prin,Critical Thinking: Applying Principles,,A,mcq,ABCDE,,,bank/TARA/TSA_section1/papers/TSA-2020-S1.pdf
TSA-2020-S1-q50,TSA-2020-S1-q50.png,TSA,1,2020,November 2020,50,PS,Problem Solving,,D,mcq,ABCDE,是,,bank/TARA/TSA_section1/papers/TSA-2020-S1.pdf
TSA-2021-S1-q1,TSA-2021-S1-q1.png,TSA,1,2021,November 2021,1,CT-main,Critical Thinking: Identifying the Main Conclusion,,D,mcq,ABCDE,,,bank/TARA/TSA_section1/papers/TSA-2021-S1.pdf
TSA-2021-S1-q2,TSA-2021-S1-q2.png,TSA,1,2021,November 2021,2,PS,Problem Solving,,B,mcq,ABCDE,,,bank/TARA/TSA_section1/papers/TSA-2021-S1.pdf
TSA-2021-S1-q3,TSA-2021-S1-q3.png,TSA,1,2021,November 2021,3,CT-flaw,Critical Thinking: Detecting Reasoning Errors,,D,mcq,ABCDE,,,bank/TARA/TSA_section1/papers/TSA-2021-S1.pdf
TSA-2021-S1-q4,TSA-2021-S1-q4.png,TSA,1,2021,November 2021,4,CT-prin,Critical Thinking: Applying Principles,,B,mcq,ABCDE,,,bank/TARA/TSA_section1/papers/TSA-2021-S1.pdf
TSA-2021-S1-q5,TSA-2021-S1-q5.png,TSA,1,2021,November 2021,5,CT-draw,Critical Thinking: Drawing a Conclusion,,D,mcq,ABCDE,,,bank/TARA/TSA_section1/papers/TSA-2021-S1.pdf
TSA-2021-S1-q6,TSA-2021-S1-q6.png,TSA,1,2021,November 2021,6,PS,Problem Solving,,D,mcq,ABCDE,,,bank/TARA/TSA_section1/papers/TSA-2021-S1.pdf
TSA-2021-S1-q7,TSA-2021-S1-q7.png,TSA,1,2021,November 2021,7,PS,Problem Solving,,E,mcq,ABCDE,,,bank/TARA/TSA_section1/papers/TSA-2021-S1.pdf
TSA-2021-S1-q8,TSA-2021-S1-q8.png,TSA,1,2021,November 2021,8,PS,Problem Solving,,D,mcq,ABCDE,,,bank/TARA/TSA_section1/papers/TSA-2021-S1.pdf
TSA-2021-S1-q9,TSA-2021-S1-q9.png,TSA,1,2021,November 2021,9,CT-main,Critical Thinking: Identifying the Main Conclusion,,C,mcq,ABCDE,,,bank/TARA/TSA_section1/papers/TSA-2021-S1.pdf
TSA-2021-S1-q10,TSA-2021-S1-q10.png,TSA,1,2021,November 2021,10,CT-evid,Critical Thinking: Assessing the Impact of Additional Evidence,,E,mcq,ABCDE,,,bank/TARA/TSA_section1/papers/TSA-2021-S1.pdf
TSA-2021-S1-q11,TSA-2021-S1-q11.png,TSA,1,2021,November 2021,11,CT-match,Critical Thinking: Matching Arguments,,E,mcq,ABCDE,,,bank/TARA/TSA_section1/papers/TSA-2021-S1.pdf
TSA-2021-S1-q12,TSA-2021-S1-q12.png,TSA,1,2021,November 2021,12,PS,Problem Solving,,D,mcq,ABCDE,,,bank/TARA/TSA_section1/papers/TSA-2021-S1.pdf
TSA-2021-S1-q13,TSA-2021-S1-q13.png,TSA,1,2021,November 2021,13,PS,Problem Solving,,C,mcq,ABCDE,,,bank/TARA/TSA_section1/papers/TSA-2021-S1.pdf
TSA-2021-S1-q14,TSA-2021-S1-q14.png,TSA,1,2021,November 2021,14,PS,Problem Solving,,D,mcq,ABCDE,,,bank/TARA/TSA_section1/papers/TSA-2021-S1.pdf
TSA-2021-S1-q15,TSA-2021-S1-q15.png,TSA,1,2021,November 2021,15,CT-assm,Critical Thinking: Identifying an Assumption,,B,mcq,ABCDE,,,bank/TARA/TSA_section1/papers/TSA-2021-S1.pdf
TSA-2021-S1-q16,TSA-2021-S1-q16.png,TSA,1,2021,November 2021,16,CT-prin,Critical Thinking: Applying Principles,,A,mcq,ABCDE,,,bank/TARA/TSA_section1/papers/TSA-2021-S1.pdf
TSA-2021-S1-q17,TSA-2021-S1-q17.png,TSA,1,2021,November 2021,17,CT-flaw,Critical Thinking: Detecting Reasoning Errors,,D,mcq,ABCDE,,,bank/TARA/TSA_section1/papers/TSA-2021-S1.pdf
TSA-2021-S1-q18,TSA-2021-S1-q18.png,TSA,1,2021,November 2021,18,PS,Problem Solving,,D,mcq,ABCDE,,,bank/TARA/TSA_section1/papers/TSA-2021-S1.pdf
TSA-2021-S1-q19,TSA-2021-S1-q19.png,TSA,1,2021,November 2021,19,PS,Problem Solving,,B,mcq,ABCDE,,,bank/TARA/TSA_section1/papers/TSA-2021-S1.pdf
TSA-2021-S1-q20,TSA-2021-S1-q20.png,TSA,1,2021,November 2021,20,PS,Problem Solving,,E,mcq,ABCDE,是,,bank/TARA/TSA_section1/papers/TSA-2021-S1.pdf
TSA-2021-S1-q21,TSA-2021-S1-q21.png,TSA,1,2021,November 2021,21,CT-main,Critical Thinking: Identifying the Main Conclusion,,C,mcq,ABCDE,,,bank/TARA/TSA_section1/papers/TSA-2021-S1.pdf
TSA-2021-S1-q22,TSA-2021-S1-q22.png,TSA,1,2021,November 2021,22,CT-evid,Critical Thinking: Assessing the Impact of Additional Evidence,,B,mcq,ABCDE,,,bank/TARA/TSA_section1/papers/TSA-2021-S1.pdf
TSA-2021-S1-q23,TSA-2021-S1-q23.png,TSA,1,2021,November 2021,23,CT-draw,Critical Thinking: Drawing a Conclusion,,A,mcq,ABCDE,,,bank/TARA/TSA_section1/papers/TSA-2021-S1.pdf
TSA-2021-S1-q24,TSA-2021-S1-q24.png,TSA,1,2021,November 2021,24,PS,Problem Solving,,B,mcq,ABCDE,,,bank/TARA/TSA_section1/papers/TSA-2021-S1.pdf
TSA-2021-S1-q25,TSA-2021-S1-q25.png,TSA,1,2021,November 2021,25,PS,Problem Solving,,C,mcq,ABCDE,,,bank/TARA/TSA_section1/papers/TSA-2021-S1.pdf
TSA-2021-S1-q26,TSA-2021-S1-q26.png,TSA,1,2021,November 2021,26,PS,Problem Solving,,E,mcq,ABCDE,是,,bank/TARA/TSA_section1/papers/TSA-2021-S1.pdf
TSA-2021-S1-q27,TSA-2021-S1-q27.png,TSA,1,2021,November 2021,27,CT-prin,Critical Thinking: Applying Principles,,B,mcq,ABCDE,,,bank/TARA/TSA_section1/papers/TSA-2021-S1.pdf
TSA-2021-S1-q28,TSA-2021-S1-q28.png,TSA,1,2021,November 2021,28,CT-match,Critical Thinking: Matching Arguments,,D,mcq,ABCDE,,,bank/TARA/TSA_section1/papers/TSA-2021-S1.pdf
TSA-2021-S1-q29,TSA-2021-S1-q29.png,TSA,1,2021,November 2021,29,CT-main,Critical Thinking: Identifying the Main Conclusion,,C,mcq,ABCDE,,,bank/TARA/TSA_section1/papers/TSA-2021-S1.pdf
TSA-2021-S1-q30,TSA-2021-S1-q30.png,TSA,1,2021,November 2021,30,PS,Problem Solving,,C,mcq,ABCDE,,,bank/TARA/TSA_section1/papers/TSA-2021-S1.pdf
TSA-2021-S1-q31,TSA-2021-S1-q31.png,TSA,1,2021,November 2021,31,PS,Problem Solving,,D,mcq,ABCDE,,,bank/TARA/TSA_section1/papers/TSA-2021-S1.pdf
TSA-2021-S1-q32,TSA-2021-S1-q32.png,TSA,1,2021,November 2021,32,PS,Problem Solving,,E,mcq,ABCDE,是,,bank/TARA/TSA_section1/papers/TSA-2021-S1.pdf
TSA-2021-S1-q33,TSA-2021-S1-q33.png,TSA,1,2021,November 2021,33,CT-assm,Critical Thinking: Identifying an Assumption,,A,mcq,ABCDE,,,bank/TARA/TSA_section1/papers/TSA-2021-S1.pdf
TSA-2021-S1-q34,TSA-2021-S1-q34.png,TSA,1,2021,November 2021,34,CT-flaw,Critical Thinking: Detecting Reasoning Errors,,E,mcq,ABCDE,,,bank/TARA/TSA_section1/papers/TSA-2021-S1.pdf
TSA-2021-S1-q35,TSA-2021-S1-q35.png,TSA,1,2021,November 2021,35,CT-evid,Critical Thinking: Assessing the Impact of Additional Evidence,,B,mcq,ABCDE,,,bank/TARA/TSA_section1/papers/TSA-2021-S1.pdf
TSA-2021-S1-q36,TSA-2021-S1-q36.png,TSA,1,2021,November 2021,36,PS,Problem Solving,,E,mcq,ABCDE,,,bank/TARA/TSA_section1/papers/TSA-2021-S1.pdf
TSA-2021-S1-q37,TSA-2021-S1-q37.png,TSA,1,2021,November 2021,37,PS,Problem Solving,,A,mcq,ABCDE,是,,bank/TARA/TSA_section1/papers/TSA-2021-S1.pdf
TSA-2021-S1-q38,TSA-2021-S1-q38.png,TSA,1,2021,November 2021,38,PS,Problem Solving,,C,mcq,ABCD,是,,bank/TARA/TSA_section1/papers/TSA-2021-S1.pdf
TSA-2021-S1-q39,TSA-2021-S1-q39.png,TSA,1,2021,November 2021,39,CT-main,Critical Thinking: Identifying the Main Conclusion,,C,mcq,ABCDE,,,bank/TARA/TSA_section1/papers/TSA-2021-S1.pdf
TSA-2021-S1-q40,TSA-2021-S1-q40.png,TSA,1,2021,November 2021,40,CT-match,Critical Thinking: Matching Arguments,,D,mcq,ABCD,,,bank/TARA/TSA_section1/papers/TSA-2021-S1.pdf
TSA-2021-S1-q41,TSA-2021-S1-q41.png,TSA,1,2021,November 2021,41,CT-draw,Critical Thinking: Drawing a Conclusion,,C,mcq,ABCDE,,,bank/TARA/TSA_section1/papers/TSA-2021-S1.pdf
TSA-2021-S1-q42,TSA-2021-S1-q42.png,TSA,1,2021,November 2021,42,PS,Problem Solving,,D,mcq,ABCDE,,,bank/TARA/TSA_section1/papers/TSA-2021-S1.pdf
TSA-2021-S1-q43,TSA-2021-S1-q43.png,TSA,1,2021,November 2021,43,PS,Problem Solving,,B,mcq,ABCDE,,,bank/TARA/TSA_section1/papers/TSA-2021-S1.pdf
TSA-2021-S1-q44,TSA-2021-S1-q44.png,TSA,1,2021,November 2021,44,PS,Problem Solving,,D,mcq,ABCDE,是,,bank/TARA/TSA_section1/papers/TSA-2021-S1.pdf
TSA-2021-S1-q45,TSA-2021-S1-q45.png,TSA,1,2021,November 2021,45,CT-flaw,Critical Thinking: Detecting Reasoning Errors,,E,mcq,ABCDE,,,bank/TARA/TSA_section1/papers/TSA-2021-S1.pdf
TSA-2021-S1-q46,TSA-2021-S1-q46.png,TSA,1,2021,November 2021,46,PS,Problem Solving,,D,mcq,ABCDE,,,bank/TARA/TSA_section1/papers/TSA-2021-S1.pdf
TSA-2021-S1-q47,TSA-2021-S1-q47.png,TSA,1,2021,November 2021,47,CT-prin,Critical Thinking: Applying Principles,,A,mcq,ABCDE,,,bank/TARA/TSA_section1/papers/TSA-2021-S1.pdf
TSA-2021-S1-q48,TSA-2021-S1-q48.png,TSA,1,2021,November 2021,48,PS,Problem Solving,,E,mcq,ABCDE,,,bank/TARA/TSA_section1/papers/TSA-2021-S1.pdf
TSA-2021-S1-q49,TSA-2021-S1-q49.png,TSA,1,2021,November 2021,49,CT-main,Critical Thinking: Identifying the Main Conclusion,,C,mcq,ABCDE,,,bank/TARA/TSA_section1/papers/TSA-2021-S1.pdf
TSA-2021-S1-q50,TSA-2021-S1-q50.png,TSA,1,2021,November 2021,50,PS,Problem Solving,,A,mcq,ABCDE,,,bank/TARA/TSA_section1/papers/TSA-2021-S1.pdf
TSA-2022-S1-q1,TSA-2022-S1-q1.png,TSA,1,2022,November 2022,1,CT-main,Critical Thinking: Identifying the Main Conclusion,,A,mcq,ABCDE,,,bank/TARA/TSA_section1/papers/TSA-2022-S1.pdf
TSA-2022-S1-q2,TSA-2022-S1-q2.png,TSA,1,2022,November 2022,2,PS,Problem Solving,,B,mcq,ABCDE,,,bank/TARA/TSA_section1/papers/TSA-2022-S1.pdf
TSA-2022-S1-q3,TSA-2022-S1-q3.png,TSA,1,2022,November 2022,3,CT-assm,Critical Thinking: Identifying an Assumption,,E,mcq,ABCDE,,,bank/TARA/TSA_section1/papers/TSA-2022-S1.pdf
TSA-2022-S1-q4,TSA-2022-S1-q4.png,TSA,1,2022,November 2022,4,CT-flaw,Critical Thinking: Detecting Reasoning Errors,,D,mcq,ABCDE,,,bank/TARA/TSA_section1/papers/TSA-2022-S1.pdf
TSA-2022-S1-q5,TSA-2022-S1-q5.png,TSA,1,2022,November 2022,5,CT-match,Critical Thinking: Matching Arguments,,E,mcq,ABCDE,,,bank/TARA/TSA_section1/papers/TSA-2022-S1.pdf
TSA-2022-S1-q6,TSA-2022-S1-q6.png,TSA,1,2022,November 2022,6,PS,Problem Solving,,B,mcq,ABCDE,,,bank/TARA/TSA_section1/papers/TSA-2022-S1.pdf
TSA-2022-S1-q7,TSA-2022-S1-q7.png,TSA,1,2022,November 2022,7,PS,Problem Solving,,C,mcq,ABCDE,,,bank/TARA/TSA_section1/papers/TSA-2022-S1.pdf
TSA-2022-S1-q8,TSA-2022-S1-q8.png,TSA,1,2022,November 2022,8,PS,Problem Solving,,B,mcq,AB,是,,bank/TARA/TSA_section1/papers/TSA-2022-S1.pdf
TSA-2022-S1-q9,TSA-2022-S1-q9.png,TSA,1,2022,November 2022,9,CT-prin,Critical Thinking: Applying Principles,,C,mcq,ABCDE,,,bank/TARA/TSA_section1/papers/TSA-2022-S1.pdf
TSA-2022-S1-q10,TSA-2022-S1-q10.png,TSA,1,2022,November 2022,10,CT-evid,Critical Thinking: Assessing the Impact of Additional Evidence,,D,mcq,ABCDE,,,bank/TARA/TSA_section1/papers/TSA-2022-S1.pdf
TSA-2022-S1-q11,TSA-2022-S1-q11.png,TSA,1,2022,November 2022,11,CT-draw,Critical Thinking: Drawing a Conclusion,,A,mcq,ABCDE,,,bank/TARA/TSA_section1/papers/TSA-2022-S1.pdf
TSA-2022-S1-q12,TSA-2022-S1-q12.png,TSA,1,2022,November 2022,12,PS,Problem Solving,,A,mcq,ABCDE,,,bank/TARA/TSA_section1/papers/TSA-2022-S1.pdf
TSA-2022-S1-q13,TSA-2022-S1-q13.png,TSA,1,2022,November 2022,13,PS,Problem Solving,,B,mcq,ABCDE,,,bank/TARA/TSA_section1/papers/TSA-2022-S1.pdf
TSA-2022-S1-q14,TSA-2022-S1-q14.png,TSA,1,2022,November 2022,14,PS,Problem Solving,,C,mcq,ABCDE,,,bank/TARA/TSA_section1/papers/TSA-2022-S1.pdf
TSA-2022-S1-q15,TSA-2022-S1-q15.png,TSA,1,2022,November 2022,15,CT-main,Critical Thinking: Identifying the Main Conclusion,,C,mcq,ABCDE,,,bank/TARA/TSA_section1/papers/TSA-2022-S1.pdf
TSA-2022-S1-q16,TSA-2022-S1-q16.png,TSA,1,2022,November 2022,16,CT-assm,Critical Thinking: Identifying an Assumption,,D,mcq,ABCDE,,,bank/TARA/TSA_section1/papers/TSA-2022-S1.pdf
TSA-2022-S1-q17,TSA-2022-S1-q17.png,TSA,1,2022,November 2022,17,CT-prin,Critical Thinking: Applying Principles,,D,mcq,ABCDE,,,bank/TARA/TSA_section1/papers/TSA-2022-S1.pdf
TSA-2022-S1-q18,TSA-2022-S1-q18.png,TSA,1,2022,November 2022,18,PS,Problem Solving,,D,mcq,ABCDE,,,bank/TARA/TSA_section1/papers/TSA-2022-S1.pdf
TSA-2022-S1-q19,TSA-2022-S1-q19.png,TSA,1,2022,November 2022,19,PS,Problem Solving,,B,mcq,ABCDE,,,bank/TARA/TSA_section1/papers/TSA-2022-S1.pdf
TSA-2022-S1-q20,TSA-2022-S1-q20.png,TSA,1,2022,November 2022,20,PS,Problem Solving,,B,mcq,ABCDE,是,,bank/TARA/TSA_section1/papers/TSA-2022-S1.pdf
TSA-2022-S1-q21,TSA-2022-S1-q21.png,TSA,1,2022,November 2022,21,CT-match,Critical Thinking: Matching Arguments,,D,mcq,ABCDE,,,bank/TARA/TSA_section1/papers/TSA-2022-S1.pdf
TSA-2022-S1-q22,TSA-2022-S1-q22.png,TSA,1,2022,November 2022,22,CT-assm,Critical Thinking: Identifying an Assumption,,D,mcq,ABCDE,,,bank/TARA/TSA_section1/papers/TSA-2022-S1.pdf
TSA-2022-S1-q23,TSA-2022-S1-q23.png,TSA,1,2022,November 2022,23,CT-evid,Critical Thinking: Assessing the Impact of Additional Evidence,,E,mcq,ABCDE,,,bank/TARA/TSA_section1/papers/TSA-2022-S1.pdf
TSA-2022-S1-q24,TSA-2022-S1-q24.png,TSA,1,2022,November 2022,24,PS,Problem Solving,,C,mcq,ABCDE,,,bank/TARA/TSA_section1/papers/TSA-2022-S1.pdf
TSA-2022-S1-q25,TSA-2022-S1-q25.png,TSA,1,2022,November 2022,25,PS,Problem Solving,,D,mcq,ABCDE,,,bank/TARA/TSA_section1/papers/TSA-2022-S1.pdf
TSA-2022-S1-q26,TSA-2022-S1-q26.png,TSA,1,2022,November 2022,26,PS,Problem Solving,,E,mcq,ABCDE,是,,bank/TARA/TSA_section1/papers/TSA-2022-S1.pdf
TSA-2022-S1-q27,TSA-2022-S1-q27.png,TSA,1,2022,November 2022,27,CT-flaw,Critical Thinking: Detecting Reasoning Errors,,B,mcq,ABCDE,,,bank/TARA/TSA_section1/papers/TSA-2022-S1.pdf
TSA-2022-S1-q28,TSA-2022-S1-q28.png,TSA,1,2022,November 2022,28,CT-match,Critical Thinking: Matching Arguments,,A,mcq,ABCDE,,,bank/TARA/TSA_section1/papers/TSA-2022-S1.pdf
TSA-2022-S1-q29,TSA-2022-S1-q29.png,TSA,1,2022,November 2022,29,CT-main,Critical Thinking: Identifying the Main Conclusion,,B,mcq,ABCDE,,,bank/TARA/TSA_section1/papers/TSA-2022-S1.pdf
TSA-2022-S1-q30,TSA-2022-S1-q30.png,TSA,1,2022,November 2022,30,PS,Problem Solving,,C,mcq,ABCDE,,,bank/TARA/TSA_section1/papers/TSA-2022-S1.pdf
TSA-2022-S1-q31,TSA-2022-S1-q31.png,TSA,1,2022,November 2022,31,PS,Problem Solving,,E,mcq,ABCDE,,,bank/TARA/TSA_section1/papers/TSA-2022-S1.pdf
TSA-2022-S1-q32,TSA-2022-S1-q32.png,TSA,1,2022,November 2022,32,PS,Problem Solving,,C,mcq,ABCDE,是,,bank/TARA/TSA_section1/papers/TSA-2022-S1.pdf
TSA-2022-S1-q33,TSA-2022-S1-q33.png,TSA,1,2022,November 2022,33,CT-assm,Critical Thinking: Identifying an Assumption,,C,mcq,ABCDE,,,bank/TARA/TSA_section1/papers/TSA-2022-S1.pdf
TSA-2022-S1-q34,TSA-2022-S1-q34.png,TSA,1,2022,November 2022,34,CT-prin,Critical Thinking: Applying Principles,,D,mcq,ABCDE,,,bank/TARA/TSA_section1/papers/TSA-2022-S1.pdf
TSA-2022-S1-q35,TSA-2022-S1-q35.png,TSA,1,2022,November 2022,35,CT-draw,Critical Thinking: Drawing a Conclusion,,D,mcq,ABCDE,,,bank/TARA/TSA_section1/papers/TSA-2022-S1.pdf
TSA-2022-S1-q36,TSA-2022-S1-q36.png,TSA,1,2022,November 2022,36,PS,Problem Solving,,E,mcq,ABCDE,,,bank/TARA/TSA_section1/papers/TSA-2022-S1.pdf
TSA-2022-S1-q37,TSA-2022-S1-q37.png,TSA,1,2022,November 2022,37,PS,Problem Solving,,C,mcq,ABCDE,,,bank/TARA/TSA_section1/papers/TSA-2022-S1.pdf
TSA-2022-S1-q38,TSA-2022-S1-q38.png,TSA,1,2022,November 2022,38,PS,Problem Solving,,D,mcq,ABCDE,是,,bank/TARA/TSA_section1/papers/TSA-2022-S1.pdf
TSA-2022-S1-q39,TSA-2022-S1-q39.png,TSA,1,2022,November 2022,39,CT-main,Critical Thinking: Identifying the Main Conclusion,,C,mcq,ABCDE,,,bank/TARA/TSA_section1/papers/TSA-2022-S1.pdf
TSA-2022-S1-q40,TSA-2022-S1-q40.png,TSA,1,2022,November 2022,40,CT-flaw,Critical Thinking: Detecting Reasoning Errors,,D,mcq,ABCDE,,,bank/TARA/TSA_section1/papers/TSA-2022-S1.pdf
TSA-2022-S1-q41,TSA-2022-S1-q41.png,TSA,1,2022,November 2022,41,CT-assm,Critical Thinking: Identifying an Assumption,,C,mcq,ABCDE,,,bank/TARA/TSA_section1/papers/TSA-2022-S1.pdf
TSA-2022-S1-q42,TSA-2022-S1-q42.png,TSA,1,2022,November 2022,42,PS,Problem Solving,,D,mcq,ABCDE,,,bank/TARA/TSA_section1/papers/TSA-2022-S1.pdf
TSA-2022-S1-q43,TSA-2022-S1-q43.png,TSA,1,2022,November 2022,43,PS,Problem Solving,,E,mcq,ABCDE,,,bank/TARA/TSA_section1/papers/TSA-2022-S1.pdf
TSA-2022-S1-q44,TSA-2022-S1-q44.png,TSA,1,2022,November 2022,44,PS,Problem Solving,,D,mcq,ABCDE,是,,bank/TARA/TSA_section1/papers/TSA-2022-S1.pdf
TSA-2022-S1-q45,TSA-2022-S1-q45.png,TSA,1,2022,November 2022,45,CT-match,Critical Thinking: Matching Arguments,,B,mcq,ABCDE,,,bank/TARA/TSA_section1/papers/TSA-2022-S1.pdf
TSA-2022-S1-q46,TSA-2022-S1-q46.png,TSA,1,2022,November 2022,46,PS,Problem Solving,,C,mcq,ABCDE,,,bank/TARA/TSA_section1/papers/TSA-2022-S1.pdf
TSA-2022-S1-q47,TSA-2022-S1-q47.png,TSA,1,2022,November 2022,47,CT-main,Critical Thinking: Identifying the Main Conclusion,,B,mcq,ABCDE,,,bank/TARA/TSA_section1/papers/TSA-2022-S1.pdf
TSA-2022-S1-q48,TSA-2022-S1-q48.png,TSA,1,2022,November 2022,48,PS,Problem Solving,,C,mcq,ABCDE,,,bank/TARA/TSA_section1/papers/TSA-2022-S1.pdf
TSA-2022-S1-q49,TSA-2022-S1-q49.png,TSA,1,2022,November 2022,49,CT-evid,Critical Thinking: Assessing the Impact of Additional Evidence,,B,mcq,ABCDE,,,bank/TARA/TSA_section1/papers/TSA-2022-S1.pdf
TSA-2022-S1-q50,TSA-2022-S1-q50.png,TSA,1,2022,November 2022,50,PS,Problem Solving,,D,mcq,ABCDE,是,,bank/TARA/TSA_section1/papers/TSA-2022-S1.pdf
TSA-2023-S1-q1,TSA-2023-S1-q1.png,TSA,1,2023,November 2023,1,CT-main,Critical Thinking: Identifying the Main Conclusion,,A,mcq,ABCDE,,,bank/TARA/TSA_section1/papers/TSA-2023-S1.pdf
TSA-2023-S1-q2,TSA-2023-S1-q2.png,TSA,1,2023,November 2023,2,PS,Problem Solving,,D,mcq,ABCDE,,,bank/TARA/TSA_section1/papers/TSA-2023-S1.pdf
TSA-2023-S1-q3,TSA-2023-S1-q3.png,TSA,1,2023,November 2023,3,CT-prin,Critical Thinking: Applying Principles,,E,mcq,ABCDE,,,bank/TARA/TSA_section1/papers/TSA-2023-S1.pdf
TSA-2023-S1-q4,TSA-2023-S1-q4.png,TSA,1,2023,November 2023,4,CT-assm,Critical Thinking: Identifying an Assumption,,E,mcq,ABCDE,,,bank/TARA/TSA_section1/papers/TSA-2023-S1.pdf
TSA-2023-S1-q5,TSA-2023-S1-q5.png,TSA,1,2023,November 2023,5,CT-evid,Critical Thinking: Assessing the Impact of Additional Evidence,,D,mcq,ABCDE,,,bank/TARA/TSA_section1/papers/TSA-2023-S1.pdf
TSA-2023-S1-q6,TSA-2023-S1-q6.png,TSA,1,2023,November 2023,6,PS,Problem Solving,,D,mcq,ABCDE,,,bank/TARA/TSA_section1/papers/TSA-2023-S1.pdf
TSA-2023-S1-q7,TSA-2023-S1-q7.png,TSA,1,2023,November 2023,7,PS,Problem Solving,,C,mcq,ABCDE,,,bank/TARA/TSA_section1/papers/TSA-2023-S1.pdf
TSA-2023-S1-q8,TSA-2023-S1-q8.png,TSA,1,2023,November 2023,8,PS,Problem Solving,,C,mcq,ABCDE,是,,bank/TARA/TSA_section1/papers/TSA-2023-S1.pdf
TSA-2023-S1-q9,TSA-2023-S1-q9.png,TSA,1,2023,November 2023,9,CT-flaw,Critical Thinking: Detecting Reasoning Errors,,E,mcq,ABCDE,,,bank/TARA/TSA_section1/papers/TSA-2023-S1.pdf
TSA-2023-S1-q10,TSA-2023-S1-q10.png,TSA,1,2023,November 2023,10,CT-match,Critical Thinking: Matching Arguments,,C,mcq,ABCD,,,bank/TARA/TSA_section1/papers/TSA-2023-S1.pdf
TSA-2023-S1-q11,TSA-2023-S1-q11.png,TSA,1,2023,November 2023,11,CT-draw,Critical Thinking: Drawing a Conclusion,,D,mcq,ABCDE,,,bank/TARA/TSA_section1/papers/TSA-2023-S1.pdf
TSA-2023-S1-q12,TSA-2023-S1-q12.png,TSA,1,2023,November 2023,12,PS,Problem Solving,,E,mcq,ABCDE,,,bank/TARA/TSA_section1/papers/TSA-2023-S1.pdf
TSA-2023-S1-q13,TSA-2023-S1-q13.png,TSA,1,2023,November 2023,13,PS,Problem Solving,,E,mcq,ABCDE,,,bank/TARA/TSA_section1/papers/TSA-2023-S1.pdf
TSA-2023-S1-q14,TSA-2023-S1-q14.png,TSA,1,2023,November 2023,14,PS,Problem Solving,,D,mcq,ABCDE,,,bank/TARA/TSA_section1/papers/TSA-2023-S1.pdf
TSA-2023-S1-q15,TSA-2023-S1-q15.png,TSA,1,2023,November 2023,15,CT-main,Critical Thinking: Identifying the Main Conclusion,,C,mcq,ABCDE,,,bank/TARA/TSA_section1/papers/TSA-2023-S1.pdf
TSA-2023-S1-q16,TSA-2023-S1-q16.png,TSA,1,2023,November 2023,16,CT-draw,Critical Thinking: Drawing a Conclusion,,B,mcq,ABCDE,,,bank/TARA/TSA_section1/papers/TSA-2023-S1.pdf
TSA-2023-S1-q17,TSA-2023-S1-q17.png,TSA,1,2023,November 2023,17,CT-flaw,Critical Thinking: Detecting Reasoning Errors,,E,mcq,ABCDE,,,bank/TARA/TSA_section1/papers/TSA-2023-S1.pdf
TSA-2023-S1-q18,TSA-2023-S1-q18.png,TSA,1,2023,November 2023,18,PS,Problem Solving,,A,mcq,ABCDE,,,bank/TARA/TSA_section1/papers/TSA-2023-S1.pdf
TSA-2023-S1-q19,TSA-2023-S1-q19.png,TSA,1,2023,November 2023,19,PS,Problem Solving,,D,mcq,ABCDE,,,bank/TARA/TSA_section1/papers/TSA-2023-S1.pdf
TSA-2023-S1-q20,TSA-2023-S1-q20.png,TSA,1,2023,November 2023,20,PS,Problem Solving,,B,mcq,ABCDE,是,,bank/TARA/TSA_section1/papers/TSA-2023-S1.pdf
TSA-2023-S1-q21,TSA-2023-S1-q21.png,TSA,1,2023,November 2023,21,CT-assm,Critical Thinking: Identifying an Assumption,,C,mcq,ABCDE,,,bank/TARA/TSA_section1/papers/TSA-2023-S1.pdf
TSA-2023-S1-q22,TSA-2023-S1-q22.png,TSA,1,2023,November 2023,22,CT-prin,Critical Thinking: Applying Principles,,C,mcq,ABCDE,,,bank/TARA/TSA_section1/papers/TSA-2023-S1.pdf
TSA-2023-S1-q23,TSA-2023-S1-q23.png,TSA,1,2023,November 2023,23,CT-match,Critical Thinking: Matching Arguments,,C,mcq,ABCDE,,,bank/TARA/TSA_section1/papers/TSA-2023-S1.pdf
TSA-2023-S1-q24,TSA-2023-S1-q24.png,TSA,1,2023,November 2023,24,PS,Problem Solving,,E,mcq,ABCDE,,,bank/TARA/TSA_section1/papers/TSA-2023-S1.pdf
TSA-2023-S1-q25,TSA-2023-S1-q25.png,TSA,1,2023,November 2023,25,PS,Problem Solving,,B,mcq,ABCDE,,,bank/TARA/TSA_section1/papers/TSA-2023-S1.pdf
TSA-2023-S1-q26,TSA-2023-S1-q26.png,TSA,1,2023,November 2023,26,PS,Problem Solving,,E,mcq,ABCDE,是,,bank/TARA/TSA_section1/papers/TSA-2023-S1.pdf
TSA-2023-S1-q27,TSA-2023-S1-q27.png,TSA,1,2023,November 2023,27,CT-flaw,Critical Thinking: Detecting Reasoning Errors,,B,mcq,ABCDE,,,bank/TARA/TSA_section1/papers/TSA-2023-S1.pdf
TSA-2023-S1-q28,TSA-2023-S1-q28.png,TSA,1,2023,November 2023,28,CT-main,Critical Thinking: Identifying the Main Conclusion,,C,mcq,ABCD,,,bank/TARA/TSA_section1/papers/TSA-2023-S1.pdf
TSA-2023-S1-q29,TSA-2023-S1-q29.png,TSA,1,2023,November 2023,29,CT-draw,Critical Thinking: Drawing a Conclusion,,E,mcq,ABCDE,,,bank/TARA/TSA_section1/papers/TSA-2023-S1.pdf
TSA-2023-S1-q30,TSA-2023-S1-q30.png,TSA,1,2023,November 2023,30,PS,Problem Solving,,B,mcq,ABCDE,,,bank/TARA/TSA_section1/papers/TSA-2023-S1.pdf
TSA-2023-S1-q31,TSA-2023-S1-q31.png,TSA,1,2023,November 2023,31,PS,Problem Solving,,B,mcq,ABCDE,,,bank/TARA/TSA_section1/papers/TSA-2023-S1.pdf
TSA-2023-S1-q32,TSA-2023-S1-q32.png,TSA,1,2023,November 2023,32,PS,Problem Solving,,A,mcq,ABCDE,,,bank/TARA/TSA_section1/papers/TSA-2023-S1.pdf
TSA-2023-S1-q33,TSA-2023-S1-q33.png,TSA,1,2023,November 2023,33,CT-evid,Critical Thinking: Assessing the Impact of Additional Evidence,,B,mcq,ABCDE,,,bank/TARA/TSA_section1/papers/TSA-2023-S1.pdf
TSA-2023-S1-q34,TSA-2023-S1-q34.png,TSA,1,2023,November 2023,34,CT-assm,Critical Thinking: Identifying an Assumption,,D,mcq,ABCDE,,,bank/TARA/TSA_section1/papers/TSA-2023-S1.pdf
TSA-2023-S1-q35,TSA-2023-S1-q35.png,TSA,1,2023,November 2023,35,CT-flaw,Critical Thinking: Detecting Reasoning Errors,,D,mcq,ABCDE,,,bank/TARA/TSA_section1/papers/TSA-2023-S1.pdf
TSA-2023-S1-q36,TSA-2023-S1-q36.png,TSA,1,2023,November 2023,36,PS,Problem Solving,,B,mcq,ABCDE,,,bank/TARA/TSA_section1/papers/TSA-2023-S1.pdf
TSA-2023-S1-q37,TSA-2023-S1-q37.png,TSA,1,2023,November 2023,37,PS,Problem Solving,,A,mcq,ABCDE,,,bank/TARA/TSA_section1/papers/TSA-2023-S1.pdf
TSA-2023-S1-q38,TSA-2023-S1-q38.png,TSA,1,2023,November 2023,38,PS,Problem Solving,,E,mcq,ABCDE,是,,bank/TARA/TSA_section1/papers/TSA-2023-S1.pdf
TSA-2023-S1-q39,TSA-2023-S1-q39.png,TSA,1,2023,November 2023,39,CT-match,Critical Thinking: Matching Arguments,,E,mcq,ABCDE,,,bank/TARA/TSA_section1/papers/TSA-2023-S1.pdf
TSA-2023-S1-q40,TSA-2023-S1-q40.png,TSA,1,2023,November 2023,40,CT-prin,Critical Thinking: Applying Principles,,C,mcq,ABCDE,,,bank/TARA/TSA_section1/papers/TSA-2023-S1.pdf
TSA-2023-S1-q41,TSA-2023-S1-q41.png,TSA,1,2023,November 2023,41,CT-draw,Critical Thinking: Drawing a Conclusion,,E,mcq,ABCDE,,,bank/TARA/TSA_section1/papers/TSA-2023-S1.pdf
TSA-2023-S1-q42,TSA-2023-S1-q42.png,TSA,1,2023,November 2023,42,PS,Problem Solving,,D,mcq,ABCDE,,,bank/TARA/TSA_section1/papers/TSA-2023-S1.pdf
TSA-2023-S1-q43,TSA-2023-S1-q43.png,TSA,1,2023,November 2023,43,PS,Problem Solving,,E,mcq,ABCDE,,,bank/TARA/TSA_section1/papers/TSA-2023-S1.pdf
TSA-2023-S1-q44,TSA-2023-S1-q44.png,TSA,1,2023,November 2023,44,PS,Problem Solving,,A,mcq,ABCDE,,,bank/TARA/TSA_section1/papers/TSA-2023-S1.pdf
TSA-2023-S1-q45,TSA-2023-S1-q45.png,TSA,1,2023,November 2023,45,CT-evid,Critical Thinking: Assessing the Impact of Additional Evidence,,A,mcq,ABCDE,,,bank/TARA/TSA_section1/papers/TSA-2023-S1.pdf
TSA-2023-S1-q46,TSA-2023-S1-q46.png,TSA,1,2023,November 2023,46,PS,Problem Solving,,B,mcq,ABCDE,是,,bank/TARA/TSA_section1/papers/TSA-2023-S1.pdf
TSA-2023-S1-q47,TSA-2023-S1-q47.png,TSA,1,2023,November 2023,47,CT-assm,Critical Thinking: Identifying an Assumption,,E,mcq,ABCDE,,,bank/TARA/TSA_section1/papers/TSA-2023-S1.pdf
TSA-2023-S1-q48,TSA-2023-S1-q48.png,TSA,1,2023,November 2023,48,PS,Problem Solving,,D,mcq,ABCDE,,,bank/TARA/TSA_section1/papers/TSA-2023-S1.pdf
TSA-2023-S1-q49,TSA-2023-S1-q49.png,TSA,1,2023,November 2023,49,CT-match,Critical Thinking: Matching Arguments,,B,mcq,ABCDE,,,bank/TARA/TSA_section1/papers/TSA-2023-S1.pdf
TSA-2023-S1-q50,TSA-2023-S1-q50.png,TSA,1,2023,November 2023,50,PS,Problem Solving,,A,mcq,ABCDE,是,,bank/TARA/TSA_section1/papers/TSA-2023-S1.pdf
